master_match_id,team_name,tournament_year,n_starters,mean_caps_starters,median_caps_starters,max_caps_starters,sum_caps_starters,n_experienced_starters,n_veteran_starters,pct_experienced_starters,tournament_name,Opponent,ground,FT Score,Penalty Score,Final Score,Match Result,Continent,Main Round,Sub Round,opp_mean_caps_starters,exp_diff
1,France,1930,11,0.0,0.0,0,0,0,0,0.0,World Cup 1930,Mexico,"Pocitos, Montevideo",4,0,4,Win,Europe,First and Second Round,First and Second Round,0.0,0.0
1,Mexico,1930,11,0.0,0.0,0,0,0,0,0.0,World Cup 1930,France,"Pocitos, Montevideo",1,0,1,Lose,North America,First and Second Round,First and Second Round,0.0,0.0
2,Argentina,1930,11,0.0,0.0,0,0,0,0,0.0,World Cup 1930,France,"Parque Central, Montevideo",1,0,1,Win,South America,First and Second Round,First and Second Round,0.0,0.0
2,France,1930,11,0.0,0.0,0,0,0,0,0.0,World Cup 1930,Argentina,"Parque Central, Montevideo",0,0,0,Lose,Europe,First and Second Round,First and Second Round,0.0,0.0
3,Chile,1930,11,0.0,0.0,0,0,0,0,0.0,World Cup 1930,Mexico,"Parque Central, Montevideo",3,0,3,Win,South America,First and Second Round,First and Second Round,0.0,0.0
3,Mexico,1930,11,0.0,0.0,0,0,0,0,0.0,World Cup 1930,Chile,"Parque Central, Montevideo",0,0,0,Lose,North America,First and Second Round,First and Second Round,0.0,0.0
4,Chile,1930,11,0.0,0.0,0,0,0,0,0.0,World Cup 1930,France,"Estadio Centenario, Montevideo",1,0,1,Win,South America,First and Second Round,First and Second Round,0.0,0.0
4,France,1930,11,0.0,0.0,0,0,0,0,0.0,World Cup 1930,Chile,"Estadio Centenario, Montevideo",0,0,0,Lose,Europe,First and Second Round,First and Second Round,0.0,0.0
5,Argentina,1930,11,0.0,0.0,0,0,0,0,0.0,World Cup 1930,Mexico,"Estadio Centenario, Montevideo",6,0,6,Win,South America,First and Second Round,First and Second Round,0.0,0.0
5,Mexico,1930,11,0.0,0.0,0,0,0,0,0.0,World Cup 1930,Argentina,"Estadio Centenario, Montevideo",3,0,3,Lose,North America,First and Second Round,First and Second Round,0.0,0.0
6,Argentina,1930,11,0.0,0.0,0,0,0,0,0.0,World Cup 1930,Chile,"Estadio Centenario, Montevideo",3,0,3,Win,South America,First and Second Round,First and Second Round,0.0,0.0
6,Chile,1930,11,0.0,0.0,0,0,0,0,0.0,World Cup 1930,Argentina,"Estadio Centenario, Montevideo",1,0,1,Lose,South America,First and Second Round,First and Second Round,0.0,0.0
7,Brazil,1930,11,0.0,0.0,0,0,0,0,0.0,World Cup 1930,Yugoslavia,"Parque Central, Montevideo",1,0,1,Lose,South America,First and Second Round,First and Second Round,0.0,0.0
7,Yugoslavia,1930,11,0.0,0.0,0,0,0,0,0.0,World Cup 1930,Brazil,"Parque Central, Montevideo",2,0,2,Win,Europe,First and Second Round,First and Second Round,0.0,0.0
8,Bolivia,1930,11,0.0,0.0,0,0,0,0,0.0,World Cup 1930,Yugoslavia,"Parque Central, Montevideo",0,0,0,Lose,South America,First and Second Round,First and Second Round,0.0,0.0
8,Yugoslavia,1930,11,0.0,0.0,0,0,0,0,0.0,World Cup 1930,Bolivia,"Parque Central, Montevideo",4,0,4,Win,Europe,First and Second Round,First and Second Round,0.0,0.0
9,Bolivia,1930,11,0.0,0.0,0,0,0,0,0.0,World Cup 1930,Brazil,"Estadio Centenario, Montevideo",0,0,0,Lose,South America,First and Second Round,First and Second Round,0.0,0.0
9,Brazil,1930,11,0.0,0.0,0,0,0,0,0.0,World Cup 1930,Bolivia,"Estadio Centenario, Montevideo",4,0,4,Win,South America,First and Second Round,First and Second Round,0.0,0.0
10,Peru,1930,11,0.0,0.0,0,0,0,0,0.0,World Cup 1930,Romania,"Pocitos, Montevideo",1,0,1,Lose,South America,First and Second Round,First and Second Round,0.0,0.0
10,Romania,1930,11,0.0,0.0,0,0,0,0,0.0,World Cup 1930,Peru,"Pocitos, Montevideo",3,0,3,Win,Europe,First and Second Round,First and Second Round,0.0,0.0
11,Peru,1930,11,0.0,0.0,0,0,0,0,0.0,World Cup 1930,Uruguay,"Estadio Centenario, Montevideo",0,0,0,Lose,South America,First and Second Round,First and Second Round,0.0,0.0
11,Uruguay,1930,11,0.0,0.0,0,0,0,0,0.0,World Cup 1930,Peru,"Estadio Centenario, Montevideo",1,0,1,Win,South America,First and Second Round,First and Second Round,0.0,0.0
12,Romania,1930,11,0.0,0.0,0,0,0,0,0.0,World Cup 1930,Uruguay,"Estadio Centenario, Montevideo",0,0,0,Lose,Europe,First and Second Round,First and Second Round,0.0,0.0
12,Uruguay,1930,11,0.0,0.0,0,0,0,0,0.0,World Cup 1930,Romania,"Estadio Centenario, Montevideo",4,0,4,Win,South America,First and Second Round,First and Second Round,0.0,0.0
13,Belgium,1930,11,0.0,0.0,0,0,0,0,0.0,World Cup 1930,USA,"Parque Central, Montevideo",0,0,0,Lose,Europe,First and Second Round,First and Second Round,0.0,0.0
13,USA,1930,11,0.0,0.0,0,0,0,0,0.0,World Cup 1930,Belgium,"Parque Central, Montevideo",3,0,3,Win,North America,First and Second Round,First and Second Round,0.0,0.0
14,Paraguay,1930,11,0.0,0.0,0,0,0,0,0.0,World Cup 1930,USA,"Parque Central, Montevideo",0,0,0,Lose,South America,First and Second Round,First and Second Round,0.0,0.0
14,USA,1930,11,0.0,0.0,0,0,0,0,0.0,World Cup 1930,Paraguay,"Parque Central, Montevideo",3,0,3,Win,North America,First and Second Round,First and Second Round,0.0,0.0
15,Belgium,1930,11,0.0,0.0,0,0,0,0,0.0,World Cup 1930,Paraguay,"Estadio Centenario, Montevideo",0,0,0,Lose,Europe,First and Second Round,First and Second Round,0.0,0.0
15,Paraguay,1930,11,0.0,0.0,0,0,0,0,0.0,World Cup 1930,Belgium,"Estadio Centenario, Montevideo",1,0,1,Win,South America,First and Second Round,First and Second Round,0.0,0.0
16,Argentina,1930,11,0.0,0.0,0,0,0,0,0.0,World Cup 1930,USA,"Estadio Centenario, Montevideo",6,0,6,Win,South America,Semi-Final,Semi-Final,0.0,0.0
16,USA,1930,11,0.0,0.0,0,0,0,0,0.0,World Cup 1930,Argentina,"Estadio Centenario, Montevideo",1,0,1,Lose,North America,Semi-Final,Semi-Final,0.0,0.0
17,Uruguay,1930,11,0.0,0.0,0,0,0,0,0.0,World Cup 1930,Yugoslavia,"Estadio Centenario, Montevideo",6,0,6,Win,South America,Semi-Final,Semi-Final,0.0,0.0
17,Yugoslavia,1930,11,0.0,0.0,0,0,0,0,0.0,World Cup 1930,Uruguay,"Estadio Centenario, Montevideo",1,0,1,Lose,Europe,Semi-Final,Semi-Final,0.0,0.0
18,Argentina,1930,11,0.0,0.0,0,0,0,0,0.0,World Cup 1930,Uruguay,"Estadio Centenario, Montevideo",2,0,2,Lose,South America,Final,Final - 1st,0.0,0.0
18,Uruguay,1930,11,0.0,0.0,0,0,0,0,0.0,World Cup 1930,Argentina,"Estadio Centenario, Montevideo",4,0,4,Win,South America,Final,Final - 1st,0.0,0.0
19,Czechoslovakia,1934,11,0.0,0.0,0,0,0,0,0.0,World Cup 1934,Romania,"Littorio, Trieste",2,0,2,Win,Europe,First and Second Round,First and Second Round,0.18181818181818182,-0.18181818181818182
19,Romania,1934,11,0.18181818181818182,0.0,2,2,1,0,0.09090909090909091,World Cup 1934,Czechoslovakia,"Littorio, Trieste",1,0,1,Lose,Europe,First and Second Round,First and Second Round,0.0,0.18181818181818182
20,Belgium,1934,11,0.09090909090909091,0.0,1,1,1,0,0.09090909090909091,World Cup 1934,Germany,"Giovanni Berta, Florence",2,0,2,Lose,Europe,First and Second Round,First and Second Round,0.0,0.09090909090909091
20,Germany,1934,11,0.0,0.0,0,0,0,0,0.0,World Cup 1934,Belgium,"Giovanni Berta, Florence",5,0,5,Win,Europe,First and Second Round,First and Second Round,0.09090909090909091,-0.09090909090909091
21,Austria,1934,11,0.0,0.0,0,0,0,0,0.0,World Cup 1934,France,"Stadio Olimpico, Turin",3,0,3,Win,Europe,First and Second Round,First and Second Round,0.8181818181818182,-0.8181818181818182
21,France,1934,11,0.8181818181818182,0.0,3,9,3,0,0.2727272727272727,World Cup 1934,Austria,"Stadio Olimpico, Turin",2,0,2,Lose,Europe,First and Second Round,First and Second Round,0.0,0.8181818181818182
22,Netherlands,1934,11,0.0,0.0,0,0,0,0,0.0,World Cup 1934,Switzerland,"Stadio Giuseppe Meazza, Milan",2,0,2,Lose,Europe,First and Second Round,First and Second Round,0.0,0.0
22,Switzerland,1934,11,0.0,0.0,0,0,0,0,0.0,World Cup 1934,Netherlands,"Stadio Giuseppe Meazza, Milan",3,0,3,Win,Europe,First and Second Round,First and Second Round,0.0,0.0
23,Brazil,1934,11,0.0,0.0,0,0,0,0,0.0,World Cup 1934,Spain,"Estadio Luigi Ferraris, Genoa",1,0,1,Lose,South America,First and Second Round,First and Second Round,0.0,0.0
23,Spain,1934,11,0.0,0.0,0,0,0,0,0.0,World Cup 1934,Brazil,"Estadio Luigi Ferraris, Genoa",3,0,3,Win,Europe,First and Second Round,First and Second Round,0.0,0.0
24,Argentina,1934,11,0.0,0.0,0,0,0,0,0.0,World Cup 1934,Sweden,"Littorale, Bologna",2,0,2,Lose,South America,First and Second Round,First and Second Round,0.0,0.0
24,Sweden,1934,11,0.0,0.0,0,0,0,0,0.0,World Cup 1934,Argentina,"Littorale, Bologna",3,0,3,Win,Europe,First and Second Round,First and Second Round,0.0,0.0
25,Italy,1934,11,0.36363636363636365,0.0,4,4,1,0,0.09090909090909091,World Cup 1934,USA,"Nazionale PNF, Rome",7,0,7,Win,Europe,First and Second Round,First and Second Round,0.8181818181818182,-0.4545454545454546
25,USA,1934,11,0.8181818181818182,0.0,3,9,3,0,0.2727272727272727,World Cup 1934,Italy,"Nazionale PNF, Rome",1,0,1,Lose,North America,First and Second Round,First and Second Round,0.36363636363636365,0.4545454545454546
26,Egypt,1934,11,0.0,0.0,0,0,0,0,0.0,World Cup 1934,Hungary,"Giorgio Ascarelli, Naples",2,0,2,Lose,Africa,First and Second Round,First and Second Round,0.0,0.0
26,Hungary,1934,11,0.0,0.0,0,0,0,0,0.0,World Cup 1934,Egypt,"Giorgio Ascarelli, Naples",4,0,4,Win,Europe,First and Second Round,First and Second Round,0.0,0.0
27,Austria,1934,11,0.0,0.0,0,0,0,0,0.0,World Cup 1934,Hungary,"Littorale, Bologna",2,0,2,Win,Europe,First and Second Round,First and Second Round,0.0,0.0
27,Hungary,1934,11,0.0,0.0,0,0,0,0,0.0,World Cup 1934,Austria,"Littorale, Bologna",1,0,1,Lose,Europe,First and Second Round,First and Second Round,0.0,0.0
28,Italy,1934,11,0.36363636363636365,0.0,4,4,1,0,0.09090909090909091,World Cup 1934,Spain,"Giovanni Berta, Florence",1,0,1,Tie,Europe,First and Second Round,First and Second Round,0.0,0.36363636363636365
28,Spain,1934,11,0.0,0.0,0,0,0,0,0.0,World Cup 1934,Italy,"Giovanni Berta, Florence",1,0,1,Tie,Europe,First and Second Round,First and Second Round,0.36363636363636365,-0.36363636363636365
29,Germany,1934,11,0.0,0.0,0,0,0,0,0.0,World Cup 1934,Sweden,"Stadio Giuseppe Meazza, Milan",2,0,2,Win,Europe,First and Second Round,First and Second Round,0.0,0.0
29,Sweden,1934,11,0.0,0.0,0,0,0,0,0.0,World Cup 1934,Germany,"Stadio Giuseppe Meazza, Milan",1,0,1,Lose,Europe,First and Second Round,First and Second Round,0.0,0.0
30,Czechoslovakia,1934,11,0.0,0.0,0,0,0,0,0.0,World Cup 1934,Switzerland,"Stadio Olimpico, Turin",3,0,3,Win,Europe,First and Second Round,First and Second Round,0.0,0.0
30,Switzerland,1934,11,0.0,0.0,0,0,0,0,0.0,World Cup 1934,Czechoslovakia,"Stadio Olimpico, Turin",2,0,2,Lose,Europe,First and Second Round,First and Second Round,0.0,0.0
31,Italy,1934,11,0.45454545454545453,0.0,4,5,2,0,0.18181818181818182,World Cup 1934,Spain,"Giovanni Berta, Florence",1,0,1,Win,Europe,First and Second Round,First and Second Round,0.0,0.45454545454545453
31,Spain,1934,11,0.0,0.0,0,0,0,0,0.0,World Cup 1934,Italy,"Giovanni Berta, Florence",0,0,0,Lose,Europe,First and Second Round,First and Second Round,0.45454545454545453,-0.45454545454545453
32,Austria,1934,11,0.0,0.0,0,0,0,0,0.0,World Cup 1934,Italy,"Stadio Giuseppe Meazza, Milan",0,0,0,Lose,Europe,Semi-Final,Semi-Final,0.36363636363636365,-0.36363636363636365
32,Italy,1934,11,0.36363636363636365,0.0,4,4,1,0,0.09090909090909091,World Cup 1934,Austria,"Stadio Giuseppe Meazza, Milan",1,0,1,Win,Europe,Semi-Final,Semi-Final,0.0,0.36363636363636365
33,Czechoslovakia,1934,11,0.0,0.0,0,0,0,0,0.0,World Cup 1934,Germany,"Nazionale PNF, Rome",3,0,3,Win,Europe,Semi-Final,Semi-Final,0.0,0.0
33,Germany,1934,11,0.0,0.0,0,0,0,0,0.0,World Cup 1934,Czechoslovakia,"Nazionale PNF, Rome",1,0,1,Lose,Europe,Semi-Final,Semi-Final,0.0,0.0
34,Austria,1934,11,0.0,0.0,0,0,0,0,0.0,World Cup 1934,Germany,"Giorgio Ascarelli, Naples",2,0,2,Lose,Europe,Final,Final - 3rd,0.0,0.0
34,Germany,1934,11,0.0,0.0,0,0,0,0,0.0,World Cup 1934,Austria,"Giorgio Ascarelli, Naples",3,0,3,Win,Europe,Final,Final - 3rd,0.0,0.0
35,Czechoslovakia,1934,11,0.0,0.0,0,0,0,0,0.0,World Cup 1934,Italy,"Nazionale PNF, Rome",1,0,1,Lose,Europe,Final,Final - 1st,0.36363636363636365,-0.36363636363636365
35,Italy,1934,11,0.36363636363636365,0.0,4,4,1,0,0.09090909090909091,World Cup 1934,Czechoslovakia,"Nazionale PNF, Rome",2,0,2,Win,Europe,Final,Final - 1st,0.0,0.36363636363636365
36,Germany,1938,11,0.5454545454545454,0.0,4,6,2,0,0.18181818181818182,World Cup 1938,Switzerland,"Parc des Princes, Paris",1,0,1,Tie,Europe,First and Second Round,First and Second Round,0.36363636363636365,0.18181818181818177
36,Switzerland,1938,11,0.36363636363636365,0.0,2,4,2,0,0.18181818181818182,World Cup 1938,Germany,"Parc des Princes, Paris",1,0,1,Tie,Europe,First and Second Round,First and Second Round,0.5454545454545454,-0.18181818181818177
37,Dutch East Indies,1938,11,0.0,0.0,0,0,0,0,0.0,World Cup 1938,Hungary,"Velodrome Municipale, Reims",0,0,0,Lose,Asia,First and Second Round,First and Second Round,0.36363636363636365,-0.36363636363636365
37,Hungary,1938,11,0.36363636363636365,0.0,2,4,3,0,0.2727272727272727,World Cup 1938,Dutch East Indies,"Velodrome Municipale, Reims",6,0,6,Win,Europe,First and Second Round,First and Second Round,0.0,0.36363636363636365
38,Belgium,1938,11,0.36363636363636365,0.0,2,4,2,0,0.18181818181818182,World Cup 1938,France,"Stade Olympique, Paris (Colombes)",1,0,1,Lose,Europe,First and Second Round,First and Second Round,1.0,-0.6363636363636364
38,France,1938,11,1.0,0.0,4,11,5,0,0.45454545454545453,World Cup 1938,Belgium,"Stade Olympique, Paris (Colombes)",3,0,3,Win,Europe,First and Second Round,First and Second Round,0.36363636363636365,0.6363636363636364
39,Italy,1938,11,1.1818181818181819,0.0,5,13,3,1,0.2727272727272727,World Cup 1938,Norway,"Stade Vélodrome, Marseille",2,0,2,Win,Europe,First and Second Round,First and Second Round,0.0,1.1818181818181819
39,Norway,1938,11,0.0,0.0,0,0,0,0,0.0,World Cup 1938,Italy,"Stade Vélodrome, Marseille",1,0,1,Lose,Europe,First and Second Round,First and Second Round,1.1818181818181819,-1.1818181818181819
40,Cuba,1938,11,0.0,0.0,0,0,0,0,0.0,World Cup 1938,Romania,"Stade de Toulouse, Toulouse",3,0,3,Tie,North America,First and Second Round,First and Second Round,0.7272727272727273,-0.7272727272727273
40,Romania,1938,11,0.7272727272727273,1.0,2,8,6,0,0.5454545454545454,World Cup 1938,Cuba,"Stade de Toulouse, Toulouse",3,0,3,Tie,Europe,First and Second Round,First and Second Round,0.0,0.7272727272727273
41,Brazil,1938,11,0.09090909090909091,0.0,1,1,1,0,0.09090909090909091,World Cup 1938,Poland,"Stade de la Meinau, Strasbourg",6,0,6,Win,South America,First and Second Round,First and Second Round,0.0,0.09090909090909091
41,Poland,1938,11,0.0,0.0,0,0,0,0,0.0,World Cup 1938,Brazil,"Stade de la Meinau, Strasbourg",5,0,5,Lose,Europe,First and Second Round,First and Second Round,0.09090909090909091,-0.09090909090909091
42,Czechoslovakia,1938,11,1.1818181818181819,0.0,4,13,4,0,0.36363636363636365,World Cup 1938,Netherlands,"Cavee Verte, Le Havre",3,0,3,Win,Europe,First and Second Round,First and Second Round,0.5454545454545454,0.6363636363636365
42,Netherlands,1938,11,0.5454545454545454,1.0,1,6,6,0,0.5454545454545454,World Cup 1938,Czechoslovakia,"Cavee Verte, Le Havre",0,0,0,Lose,Europe,First and Second Round,First and Second Round,1.1818181818181819,-0.6363636363636365
43,Cuba,1938,11,0.0,0.0,0,0,0,0,0.0,World Cup 1938,Romania,"Stade de Toulouse, Toulouse",2,0,2,Win,North America,First and Second Round,First and Second Round,0.45454545454545453,-0.45454545454545453
43,Romania,1938,11,0.45454545454545453,0.0,2,5,3,0,0.2727272727272727,World Cup 1938,Cuba,"Stade de Toulouse, Toulouse",1,0,1,Lose,Europe,First and Second Round,First and Second Round,0.0,0.45454545454545453
44,Germany,1938,11,0.9090909090909091,0.0,4,10,3,0,0.2727272727272727,World Cup 1938,Switzerland,"Parc des Princes, Paris",2,0,2,Lose,Europe,First and Second Round,First and Second Round,0.36363636363636365,0.5454545454545454
44,Switzerland,1938,11,0.36363636363636365,0.0,2,4,2,0,0.18181818181818182,World Cup 1938,Germany,"Parc des Princes, Paris",4,0,4,Win,Europe,First and Second Round,First and Second Round,0.9090909090909091,-0.5454545454545454
45,Hungary,1938,11,0.5454545454545454,0.0,2,6,5,0,0.45454545454545453,World Cup 1938,Switzerland,"Victor Boucquey, Lille",2,0,2,Win,Europe,First and Second Round,First and Second Round,0.18181818181818182,0.3636363636363636
45,Switzerland,1938,11,0.18181818181818182,0.0,2,2,1,0,0.09090909090909091,World Cup 1938,Hungary,"Victor Boucquey, Lille",0,0,0,Lose,Europe,First and Second Round,First and Second Round,0.5454545454545454,-0.3636363636363636
46,France,1938,11,1.0,0.0,4,11,5,0,0.45454545454545453,World Cup 1938,Italy,"Stade Olympique, Paris (Colombes)",1,0,1,Lose,Europe,First and Second Round,First and Second Round,0.8181818181818182,0.18181818181818177
46,Italy,1938,11,0.8181818181818182,0.0,5,9,2,1,0.18181818181818182,World Cup 1938,France,"Stade Olympique, Paris (Colombes)",3,0,3,Win,Europe,First and Second Round,First and Second Round,1.0,-0.18181818181818177
47,Brazil,1938,11,0.09090909090909091,0.0,1,1,1,0,0.09090909090909091,World Cup 1938,Czechoslovakia,"Stade de Bordeaux, Bordeaux",1,0,1,Tie,South America,First and Second Round,First and Second Round,1.5454545454545454,-1.4545454545454546
47,Czechoslovakia,1938,11,1.5454545454545454,0.0,4,17,5,0,0.45454545454545453,World Cup 1938,Brazil,"Stade de Bordeaux, Bordeaux",1,0,1,Tie,Europe,First and Second Round,First and Second Round,0.09090909090909091,1.4545454545454546
48,Cuba,1938,11,0.0,0.0,0,0,0,0,0.0,World Cup 1938,Sweden,"Fort Carree, Antibes",0,0,0,Lose,North America,First and Second Round,First and Second Round,0.36363636363636365,-0.36363636363636365
48,Sweden,1938,11,0.36363636363636365,0.0,2,4,2,0,0.18181818181818182,World Cup 1938,Cuba,"Fort Carree, Antibes",8,0,8,Win,Europe,First and Second Round,First and Second Round,0.0,0.36363636363636365
49,Brazil,1938,11,0.2727272727272727,0.0,1,3,3,0,0.2727272727272727,World Cup 1938,Czechoslovakia,"Stade de Bordeaux, Bordeaux",2,0,2,Win,South America,First and Second Round,First and Second Round,0.45454545454545453,-0.18181818181818182
49,Czechoslovakia,1938,11,0.45454545454545453,0.0,4,5,2,0,0.18181818181818182,World Cup 1938,Brazil,"Stade de Bordeaux, Bordeaux",1,0,1,Lose,Europe,First and Second Round,First and Second Round,0.2727272727272727,0.18181818181818182
50,Brazil,1938,11,0.18181818181818182,0.0,1,2,2,0,0.18181818181818182,World Cup 1938,Italy,"Stade Vélodrome, Marseille",1,0,1,Lose,South America,Semi-Final,Semi-Final,0.8181818181818182,-0.6363636363636365
50,Italy,1938,11,0.8181818181818182,0.0,5,9,2,1,0.18181818181818182,World Cup 1938,Brazil,"Stade Vélodrome, Marseille",2,0,2,Win,Europe,Semi-Final,Semi-Final,0.18181818181818182,0.6363636363636365
51,Hungary,1938,11,0.6363636363636364,0.0,2,7,5,0,0.45454545454545453,World Cup 1938,Sweden,"Parc des Princes, Paris",5,0,5,Win,Europe,Semi-Final,Semi-Final,0.36363636363636365,0.2727272727272727
51,Sweden,1938,11,0.36363636363636365,0.0,2,4,2,0,0.18181818181818182,World Cup 1938,Hungary,"Parc des Princes, Paris",1,0,1,Lose,Europe,Semi-Final,Semi-Final,0.6363636363636364,-0.2727272727272727
52,Brazil,1938,11,0.18181818181818182,0.0,1,2,2,0,0.18181818181818182,World Cup 1938,Sweden,"Stade de Bordeaux, Bordeaux",4,0,4,Win,South America,Final,Final - 3rd,0.18181818181818182,0.0
52,Sweden,1938,11,0.18181818181818182,0.0,2,2,1,0,0.09090909090909091,World Cup 1938,Brazil,"Stade de Bordeaux, Bordeaux",2,0,2,Lose,Europe,Final,Final - 3rd,0.18181818181818182,0.0
53,Hungary,1938,11,0.7272727272727273,1.0,2,8,6,0,0.5454545454545454,World Cup 1938,Italy,"Stade Olympique, Paris (Colombes)",2,0,2,Lose,Europe,Final,Final - 1st,0.8181818181818182,-0.09090909090909094
53,Italy,1938,11,0.8181818181818182,0.0,5,9,2,1,0.18181818181818182,World Cup 1938,Hungary,"Stade Olympique, Paris (Colombes)",4,0,4,Win,Europe,Final,Final - 1st,0.7272727272727273,0.09090909090909094
54,Brazil,1950,11,0.0,0.0,0,0,0,0,0.0,World Cup 1950,Mexico,"Maracanã, Rio de Janeiro",4,0,4,Win,South America,First and Second Round,First and Second Round,0.0,0.0
54,Mexico,1950,11,0.0,0.0,0,0,0,0,0.0,World Cup 1950,Brazil,"Maracanã, Rio de Janeiro",0,0,0,Lose,North America,First and Second Round,First and Second Round,0.0,0.0
55,Switzerland,1950,11,0.2727272727272727,0.0,3,3,1,0,0.09090909090909091,World Cup 1950,Yugoslavia,"Independencia, Belo Horizonte",0,0,0,Lose,Europe,First and Second Round,First and Second Round,0.0,0.2727272727272727
55,Yugoslavia,1950,11,0.0,0.0,0,0,0,0,0.0,World Cup 1950,Switzerland,"Independencia, Belo Horizonte",3,0,3,Win,Europe,First and Second Round,First and Second Round,0.2727272727272727,-0.2727272727272727
56,Mexico,1950,11,0.0,0.0,0,0,0,0,0.0,World Cup 1950,Yugoslavia,"Eucaliptos, Porto Alegre",1,0,1,Lose,North America,First and Second Round,First and Second Round,0.0,0.0
56,Yugoslavia,1950,11,0.0,0.0,0,0,0,0,0.0,World Cup 1950,Mexico,"Eucaliptos, Porto Alegre",4,0,4,Win,Europe,First and Second Round,First and Second Round,0.0,0.0
57,Brazil,1950,11,0.0,0.0,0,0,0,0,0.0,World Cup 1950,Switzerland,"Estádio do Pacaembu, São Paulo",2,0,2,Tie,South America,First and Second Round,First and Second Round,0.2727272727272727,-0.2727272727272727
57,Switzerland,1950,11,0.2727272727272727,0.0,3,3,1,0,0.09090909090909091,World Cup 1950,Brazil,"Estádio do Pacaembu, São Paulo",2,0,2,Tie,Europe,First and Second Round,First and Second Round,0.0,0.2727272727272727
58,Brazil,1950,11,0.0,0.0,0,0,0,0,0.0,World Cup 1950,Yugoslavia,"Maracanã, Rio de Janeiro",2,0,2,Win,South America,First and Second Round,First and Second Round,0.0,0.0
58,Yugoslavia,1950,11,0.0,0.0,0,0,0,0,0.0,World Cup 1950,Brazil,"Maracanã, Rio de Janeiro",0,0,0,Lose,Europe,First and Second Round,First and Second Round,0.0,0.0
59,Mexico,1950,11,0.0,0.0,0,0,0,0,0.0,World Cup 1950,Switzerland,"Eucaliptos, Porto Alegre",1,0,1,Lose,North America,First and Second Round,First and Second Round,0.0,0.0
59,Switzerland,1950,11,0.0,0.0,0,0,0,0,0.0,World Cup 1950,Mexico,"Eucaliptos, Porto Alegre",2,0,2,Win,Europe,First and Second Round,First and Second Round,0.0,0.0
60,Chile,1950,11,0.0,0.0,0,0,0,0,0.0,World Cup 1950,England,"Maracanã, Rio de Janeiro",0,0,0,Lose,South America,First and Second Round,First and Second Round,0.0,0.0
60,England,1950,11,0.0,0.0,0,0,0,0,0.0,World Cup 1950,Chile,"Maracanã, Rio de Janeiro",2,0,2,Win,Europe,First and Second Round,First and Second Round,0.0,0.0
61,Spain,1950,11,0.0,0.0,0,0,0,0,0.0,World Cup 1950,USA,"Estádio Durival Britto e Silva, Curitiba",3,0,3,Win,Europe,First and Second Round,First and Second Round,0.0,0.0
61,USA,1950,11,0.0,0.0,0,0,0,0,0.0,World Cup 1950,Spain,"Estádio Durival Britto e Silva, Curitiba",1,0,1,Lose,North America,First and Second Round,First and Second Round,0.0,0.0
62,England,1950,11,0.0,0.0,0,0,0,0,0.0,World Cup 1950,USA,"Independencia, Belo Horizonte",0,0,0,Lose,Europe,First and Second Round,First and Second Round,0.0,0.0
62,USA,1950,11,0.0,0.0,0,0,0,0,0.0,World Cup 1950,England,"Independencia, Belo Horizonte",1,0,1,Win,North America,First and Second Round,First and Second Round,0.0,0.0
63,Chile,1950,11,0.0,0.0,0,0,0,0,0.0,World Cup 1950,Spain,"Maracanã, Rio de Janeiro",0,0,0,Lose,South America,First and Second Round,First and Second Round,0.0,0.0
63,Spain,1950,11,0.0,0.0,0,0,0,0,0.0,World Cup 1950,Chile,"Maracanã, Rio de Janeiro",2,0,2,Win,Europe,First and Second Round,First and Second Round,0.0,0.0
64,England,1950,11,0.0,0.0,0,0,0,0,0.0,World Cup 1950,Spain,"Maracanã, Rio de Janeiro",0,0,0,Lose,Europe,First and Second Round,First and Second Round,0.0,0.0
64,Spain,1950,11,0.0,0.0,0,0,0,0,0.0,World Cup 1950,England,"Maracanã, Rio de Janeiro",1,0,1,Win,Europe,First and Second Round,First and Second Round,0.0,0.0
65,Chile,1950,11,0.0,0.0,0,0,0,0,0.0,World Cup 1950,USA,"Ilha do Retiro, Recife",5,0,5,Win,South America,First and Second Round,First and Second Round,0.0,0.0
65,USA,1950,11,0.0,0.0,0,0,0,0,0.0,World Cup 1950,Chile,"Ilha do Retiro, Recife",2,0,2,Lose,North America,First and Second Round,First and Second Round,0.0,0.0
66,Italy,1950,11,0.0,0.0,0,0,0,0,0.0,World Cup 1950,Sweden,"Estádio do Pacaembu, São Paulo",2,0,2,Lose,Europe,First and Second Round,First and Second Round,0.09090909090909091,-0.09090909090909091
66,Sweden,1950,11,0.09090909090909091,0.0,1,1,1,0,0.09090909090909091,World Cup 1950,Italy,"Estádio do Pacaembu, São Paulo",3,0,3,Win,Europe,First and Second Round,First and Second Round,0.0,0.09090909090909091
67,Paraguay,1950,11,0.0,0.0,0,0,0,0,0.0,World Cup 1950,Sweden,"Estádio Durival Britto e Silva, Curitiba",2,0,2,Tie,South America,First and Second Round,First and Second Round,0.09090909090909091,-0.09090909090909091
67,Sweden,1950,11,0.09090909090909091,0.0,1,1,1,0,0.09090909090909091,World Cup 1950,Paraguay,"Estádio Durival Britto e Silva, Curitiba",2,0,2,Tie,Europe,First and Second Round,First and Second Round,0.0,0.09090909090909091
68,Italy,1950,11,0.0,0.0,0,0,0,0,0.0,World Cup 1950,Paraguay,"Estádio do Pacaembu, São Paulo",2,0,2,Win,Europe,First and Second Round,First and Second Round,0.0,0.0
68,Paraguay,1950,11,0.0,0.0,0,0,0,0,0.0,World Cup 1950,Italy,"Estádio do Pacaembu, São Paulo",0,0,0,Lose,South America,First and Second Round,First and Second Round,0.0,0.0
69,Bolivia,1950,11,0.0,0.0,0,0,0,0,0.0,World Cup 1950,Uruguay,"Independencia, Belo Horizonte",0,0,0,Lose,South America,First and Second Round,First and Second Round,0.0,0.0
69,Uruguay,1950,11,0.0,0.0,0,0,0,0,0.0,World Cup 1950,Bolivia,"Independencia, Belo Horizonte",8,0,8,Win,South America,First and Second Round,First and Second Round,0.0,0.0
70,Brazil,1950,11,0.0,0.0,0,0,0,0,0.0,World Cup 1950,Sweden,"Maracanã, Rio de Janeiro",7,0,7,Win,South America,Final,Final All,0.09090909090909091,-0.09090909090909091
70,Sweden,1950,11,0.09090909090909091,0.0,1,1,1,0,0.09090909090909091,World Cup 1950,Brazil,"Maracanã, Rio de Janeiro",1,0,1,Lose,Europe,Final,Final All,0.0,0.09090909090909091
71,Spain,1950,11,0.0,0.0,0,0,0,0,0.0,World Cup 1950,Uruguay,"Estádio do Pacaembu, São Paulo",2,0,2,Tie,Europe,Final,Final All,0.0,0.0
71,Uruguay,1950,11,0.0,0.0,0,0,0,0,0.0,World Cup 1950,Spain,"Estádio do Pacaembu, São Paulo",2,0,2,Tie,South America,Final,Final All,0.0,0.0
72,Sweden,1950,11,0.09090909090909091,0.0,1,1,1,0,0.09090909090909091,World Cup 1950,Uruguay,"Estádio do Pacaembu, São Paulo",2,0,2,Lose,Europe,Final,Final All,0.0,0.09090909090909091
72,Uruguay,1950,11,0.0,0.0,0,0,0,0,0.0,World Cup 1950,Sweden,"Estádio do Pacaembu, São Paulo",3,0,3,Win,South America,Final,Final All,0.09090909090909091,-0.09090909090909091
73,Brazil,1950,11,0.0,0.0,0,0,0,0,0.0,World Cup 1950,Spain,"Maracanã, Rio de Janeiro",6,0,6,Win,South America,Final,Final All,0.0,0.0
73,Spain,1950,11,0.0,0.0,0,0,0,0,0.0,World Cup 1950,Brazil,"Maracanã, Rio de Janeiro",1,0,1,Lose,Europe,Final,Final All,0.0,0.0
74,Brazil,1950,11,0.0,0.0,0,0,0,0,0.0,World Cup 1950,Uruguay,"Maracanã, Rio de Janeiro",1,0,1,Lose,South America,Final,Final All,0.0,0.0
74,Uruguay,1950,11,0.0,0.0,0,0,0,0,0.0,World Cup 1950,Brazil,"Maracanã, Rio de Janeiro",2,0,2,Win,South America,Final,Final All,0.0,0.0
75,Spain,1950,11,0.0,0.0,0,0,0,0,0.0,World Cup 1950,Sweden,"Estádio do Pacaembu, São Paulo",1,0,1,Lose,Europe,Final,Final All,0.09090909090909091,-0.09090909090909091
75,Sweden,1950,11,0.09090909090909091,0.0,1,1,1,0,0.09090909090909091,World Cup 1950,Spain,"Estádio do Pacaembu, São Paulo",3,0,3,Win,Europe,Final,Final All,0.0,0.09090909090909091
76,Brazil,1954,11,0.6363636363636364,0.0,5,7,2,1,0.18181818181818182,World Cup 1954,Mexico,"Charmilles, Geneva",5,0,5,Win,South America,First and Second Round,First and Second Round,0.18181818181818182,0.45454545454545453
76,Mexico,1954,11,0.18181818181818182,0.0,2,2,1,0,0.09090909090909091,World Cup 1954,Brazil,"Charmilles, Geneva",0,0,0,Lose,North America,First and Second Round,First and Second Round,0.6363636363636364,-0.45454545454545453
77,France,1954,11,0.0,0.0,0,0,0,0,0.0,World Cup 1954,Yugoslavia,"La Pontaise, Lausanne",0,0,0,Lose,Europe,First and Second Round,First and Second Round,1.4545454545454546,-1.4545454545454546
77,Yugoslavia,1954,11,1.4545454545454546,2.0,3,16,6,0,0.5454545454545454,World Cup 1954,France,"La Pontaise, Lausanne",1,0,1,Win,Europe,First and Second Round,First and Second Round,0.0,1.4545454545454546
78,Brazil,1954,11,0.6363636363636364,0.0,5,7,2,1,0.18181818181818182,World Cup 1954,Yugoslavia,"La Pontaise, Lausanne",1,0,1,Tie,South America,First and Second Round,First and Second Round,1.1818181818181819,-0.5454545454545455
78,Yugoslavia,1954,11,1.1818181818181819,0.0,3,13,5,0,0.45454545454545453,World Cup 1954,Brazil,"La Pontaise, Lausanne",1,0,1,Tie,Europe,First and Second Round,First and Second Round,0.6363636363636364,0.5454545454545455
79,France,1954,11,0.0,0.0,0,0,0,0,0.0,World Cup 1954,Mexico,"Charmilles, Geneva",3,0,3,Win,Europe,First and Second Round,First and Second Round,0.45454545454545453,-0.45454545454545453
79,Mexico,1954,11,0.45454545454545453,0.0,3,5,2,0,0.18181818181818182,World Cup 1954,France,"Charmilles, Geneva",2,0,2,Lose,North America,First and Second Round,First and Second Round,0.0,0.45454545454545453
80,Hungary,1954,11,0.0,0.0,0,0,0,0,0.0,World Cup 1954,South Korea,"Hardturm, Zürich",9,0,9,Win,Europe,First and Second Round,First and Second Round,0.0,0.0
80,South Korea,1954,11,0.0,0.0,0,0,0,0,0.0,World Cup 1954,Hungary,"Hardturm, Zürich",0,0,0,Lose,Asia,First and Second Round,First and Second Round,0.0,0.0
81,Turkey,1954,11,0.0,0.0,0,0,0,0,0.0,World Cup 1954,West Germany,"Stade de Suisse, Bern",1,0,1,Lose,Asia,First and Second Round,First and Second Round,0.0,0.0
81,West Germany,1954,11,0.0,0.0,0,0,0,0,0.0,World Cup 1954,Turkey,"Stade de Suisse, Bern",4,0,4,Win,Europe,First and Second Round,First and Second Round,0.0,0.0
82,Hungary,1954,11,0.0,0.0,0,0,0,0,0.0,World Cup 1954,West Germany,"St. Jakob-Park, Basel",8,0,8,Win,Europe,First and Second Round,First and Second Round,0.0,0.0
82,West Germany,1954,11,0.0,0.0,0,0,0,0,0.0,World Cup 1954,Hungary,"St. Jakob-Park, Basel",3,0,3,Lose,Europe,First and Second Round,First and Second Round,0.0,0.0
83,South Korea,1954,10,0.0,0.0,0,0,0,0,0.0,World Cup 1954,Turkey,"Charmilles, Geneva",0,0,0,Lose,Asia,First and Second Round,First and Second Round,0.0,0.0
83,Turkey,1954,11,0.0,0.0,0,0,0,0,0.0,World Cup 1954,South Korea,"Charmilles, Geneva",7,0,7,Win,Asia,First and Second Round,First and Second Round,0.0,0.0
84,Turkey,1954,11,0.0,0.0,0,0,0,0,0.0,World Cup 1954,West Germany,"Hardturm, Zürich",2,0,2,Lose,Asia,First and Second Round,First and Second Round,0.0,0.0
84,West Germany,1954,11,0.0,0.0,0,0,0,0,0.0,World Cup 1954,Turkey,"Hardturm, Zürich",7,0,7,Win,Europe,First and Second Round,First and Second Round,0.0,0.0
85,Austria,1954,11,0.0,0.0,0,0,0,0,0.0,World Cup 1954,Scotland,"Hardturm, Zürich",1,0,1,Win,Europe,First and Second Round,First and Second Round,0.0,0.0
85,Scotland,1954,11,0.0,0.0,0,0,0,0,0.0,World Cup 1954,Austria,"Hardturm, Zürich",0,0,0,Lose,Europe,First and Second Round,First and Second Round,0.0,0.0
86,Czechoslovakia,1954,11,0.0,0.0,0,0,0,0,0.0,World Cup 1954,Uruguay,"Stade de Suisse, Bern",0,0,0,Lose,Europe,First and Second Round,First and Second Round,1.7272727272727273,-1.7272727272727273
86,Uruguay,1954,11,1.7272727272727273,0.0,4,19,5,0,0.45454545454545453,World Cup 1954,Czechoslovakia,"Stade de Suisse, Bern",2,0,2,Win,South America,First and Second Round,First and Second Round,0.0,1.7272727272727273
87,Scotland,1954,11,0.0,0.0,0,0,0,0,0.0,World Cup 1954,Uruguay,"St. Jakob-Park, Basel",0,0,0,Lose,Europe,First and Second Round,First and Second Round,1.7272727272727273,-1.7272727272727273
87,Uruguay,1954,11,1.7272727272727273,0.0,4,19,5,0,0.45454545454545453,World Cup 1954,Scotland,"St. Jakob-Park, Basel",7,0,7,Win,South America,First and Second Round,First and Second Round,0.0,1.7272727272727273
88,Austria,1954,11,0.0,0.0,0,0,0,0,0.0,World Cup 1954,Czechoslovakia,"Hardturm, Zürich",5,0,5,Win,Europe,First and Second Round,First and Second Round,0.0,0.0
88,Czechoslovakia,1954,11,0.0,0.0,0,0,0,0,0.0,World Cup 1954,Austria,"Hardturm, Zürich",0,0,0,Lose,Europe,First and Second Round,First and Second Round,0.0,0.0
89,Italy,1954,11,0.36363636363636365,0.0,2,4,3,0,0.2727272727272727,World Cup 1954,Switzerland,"La Pontaise, Lausanne",1,0,1,Lose,Europe,First and Second Round,First and Second Round,0.8181818181818182,-0.4545454545454546
89,Switzerland,1954,11,0.8181818181818182,0.0,3,9,3,0,0.2727272727272727,World Cup 1954,Italy,"La Pontaise, Lausanne",2,0,2,Win,Europe,First and Second Round,First and Second Round,0.36363636363636365,0.4545454545454546
90,Belgium,1954,11,0.0,0.0,0,0,0,0,0.0,World Cup 1954,England,"St. Jakob-Park, Basel",4,0,4,Tie,Europe,First and Second Round,First and Second Round,0.9090909090909091,-0.9090909090909091
90,England,1954,11,0.9090909090909091,0.0,3,10,4,0,0.36363636363636365,World Cup 1954,Belgium,"St. Jakob-Park, Basel",4,0,4,Tie,Europe,First and Second Round,First and Second Round,0.0,0.9090909090909091
91,Belgium,1954,11,0.0,0.0,0,0,0,0,0.0,World Cup 1954,Italy,"Comunale di Cornaredo, Lugano",1,0,1,Lose,Europe,First and Second Round,First and Second Round,0.2727272727272727,-0.2727272727272727
91,Italy,1954,11,0.2727272727272727,0.0,2,3,2,0,0.18181818181818182,World Cup 1954,Belgium,"Comunale di Cornaredo, Lugano",4,0,4,Win,Europe,First and Second Round,First and Second Round,0.0,0.2727272727272727
92,England,1954,11,1.0,0.0,3,11,4,0,0.36363636363636365,World Cup 1954,Switzerland,"Stade de Suisse, Bern",2,0,2,Win,Europe,First and Second Round,First and Second Round,1.0909090909090908,-0.09090909090909083
92,Switzerland,1954,11,1.0909090909090908,0.0,3,12,4,0,0.36363636363636365,World Cup 1954,England,"Stade de Suisse, Bern",0,0,0,Lose,Europe,First and Second Round,First and Second Round,1.0,0.09090909090909083
93,Italy,1954,11,0.36363636363636365,0.0,2,4,3,0,0.2727272727272727,World Cup 1954,Switzerland,"St. Jakob-Park, Basel",1,0,1,Lose,Europe,First and Second Round,First and Second Round,1.0909090909090908,-0.7272727272727272
93,Switzerland,1954,11,1.0909090909090908,0.0,3,12,4,0,0.36363636363636365,World Cup 1954,Italy,"St. Jakob-Park, Basel",4,0,4,Win,Europe,First and Second Round,First and Second Round,0.36363636363636365,0.7272727272727272
94,Austria,1954,11,0.0,0.0,0,0,0,0,0.0,World Cup 1954,Switzerland,"La Pontaise, Lausanne",7,0,7,Win,Europe,First and Second Round,First and Second Round,1.0909090909090908,-1.0909090909090908
94,Switzerland,1954,11,1.0909090909090908,0.0,3,12,4,0,0.36363636363636365,World Cup 1954,Austria,"La Pontaise, Lausanne",5,0,5,Lose,Europe,First and Second Round,First and Second Round,0.0,1.0909090909090908
95,England,1954,11,0.9090909090909091,0.0,3,10,4,0,0.36363636363636365,World Cup 1954,Uruguay,"St. Jakob-Park, Basel",2,0,2,Lose,Europe,First and Second Round,First and Second Round,1.7272727272727273,-0.8181818181818182
95,Uruguay,1954,11,1.7272727272727273,0.0,4,19,5,0,0.45454545454545453,World Cup 1954,England,"St. Jakob-Park, Basel",4,0,4,Win,South America,First and Second Round,First and Second Round,0.9090909090909091,0.8181818181818182
96,West Germany,1954,11,0.0,0.0,0,0,0,0,0.0,World Cup 1954,Yugoslavia,"Charmilles, Geneva",2,0,2,Win,Europe,First and Second Round,First and Second Round,1.4545454545454546,-1.4545454545454546
96,Yugoslavia,1954,11,1.4545454545454546,2.0,3,16,6,0,0.5454545454545454,World Cup 1954,West Germany,"Charmilles, Geneva",0,0,0,Lose,Europe,First and Second Round,First and Second Round,0.0,1.4545454545454546
97,Brazil,1954,11,0.45454545454545453,0.0,5,5,1,1,0.09090909090909091,World Cup 1954,Hungary,"Stade de Suisse, Bern",2,0,2,Lose,South America,First and Second Round,First and Second Round,0.0,0.45454545454545453
97,Hungary,1954,11,0.0,0.0,0,0,0,0,0.0,World Cup 1954,Brazil,"Stade de Suisse, Bern",4,0,4,Win,Europe,First and Second Round,First and Second Round,0.45454545454545453,-0.45454545454545453
98,Austria,1954,11,0.0,0.0,0,0,0,0,0.0,World Cup 1954,West Germany,"St. Jakob-Park, Basel",1,0,1,Lose,Europe,Semi-Final,Semi-Final,0.0,0.0
98,West Germany,1954,11,0.0,0.0,0,0,0,0,0.0,World Cup 1954,Austria,"St. Jakob-Park, Basel",6,0,6,Win,Europe,Semi-Final,Semi-Final,0.0,0.0
99,Hungary,1954,11,0.0,0.0,0,0,0,0,0.0,World Cup 1954,Uruguay,"La Pontaise, Lausanne",4,0,4,Win,Europe,Semi-Final,Semi-Final,1.0,-1.0
99,Uruguay,1954,11,1.0,0.0,4,11,3,0,0.2727272727272727,World Cup 1954,Hungary,"La Pontaise, Lausanne",2,0,2,Lose,South America,Semi-Final,Semi-Final,0.0,1.0
100,Austria,1954,11,0.0,0.0,0,0,0,0,0.0,World Cup 1954,Uruguay,"Hardturm, Zürich",3,0,3,Win,Europe,Final,Final - 3rd,1.0,-1.0
100,Uruguay,1954,11,1.0,0.0,4,11,3,0,0.2727272727272727,World Cup 1954,Austria,"Hardturm, Zürich",1,0,1,Lose,South America,Final,Final - 3rd,0.0,1.0
101,Hungary,1954,11,0.0,0.0,0,0,0,0,0.0,World Cup 1954,West Germany,"Stade de Suisse, Bern",2,0,2,Lose,Europe,Final,Final - 1st,0.0,0.0
101,West Germany,1954,11,0.0,0.0,0,0,0,0,0.0,World Cup 1954,Hungary,"Stade de Suisse, Bern",3,0,3,Win,Europe,Final,Final - 1st,0.0,0.0
102,Argentina,1958,11,0.0,0.0,0,0,0,0,0.0,World Cup 1958,West Germany,"Malmo Stadion, Malmö",1,0,1,Lose,South America,First and Second Round,First and Second Round,1.9090909090909092,-1.9090909090909092
102,West Germany,1958,11,1.9090909090909092,0.0,6,21,4,3,0.36363636363636365,World Cup 1958,Argentina,"Malmo Stadion, Malmö",3,0,3,Win,Europe,First and Second Round,First and Second Round,0.0,1.9090909090909092
103,Czechoslovakia,1958,11,0.5454545454545454,0.0,2,6,4,0,0.36363636363636365,World Cup 1958,Northern Ireland,"Orjans Vall, Halmstad",0,0,0,Lose,Europe,First and Second Round,First and Second Round,0.0,0.5454545454545454
103,Northern Ireland,1958,11,0.0,0.0,0,0,0,0,0.0,World Cup 1958,Czechoslovakia,"Orjans Vall, Halmstad",1,0,1,Win,Europe,First and Second Round,First and Second Round,0.5454545454545454,-0.5454545454545454
104,Czechoslovakia,1958,11,0.2727272727272727,0.0,2,3,2,0,0.18181818181818182,World Cup 1958,West Germany,"Olympia Stadium, Helsingborg",2,0,2,Tie,Europe,First and Second Round,First and Second Round,1.5454545454545454,-1.2727272727272727
104,West Germany,1958,11,1.5454545454545454,0.0,6,17,4,2,0.36363636363636365,World Cup 1958,Czechoslovakia,"Olympia Stadium, Helsingborg",2,0,2,Tie,Europe,First and Second Round,First and Second Round,0.2727272727272727,1.2727272727272727
105,Argentina,1958,11,0.0,0.0,0,0,0,0,0.0,World Cup 1958,Northern Ireland,"Orjans Vall, Halmstad",3,0,3,Win,South America,First and Second Round,First and Second Round,0.0,0.0
105,Northern Ireland,1958,11,0.0,0.0,0,0,0,0,0.0,World Cup 1958,Argentina,"Orjans Vall, Halmstad",1,0,1,Lose,Europe,First and Second Round,First and Second Round,0.0,0.0
106,Argentina,1958,11,0.0,0.0,0,0,0,0,0.0,World Cup 1958,Czechoslovakia,"Olympia Stadium, Helsingborg",1,0,1,Lose,South America,First and Second Round,First and Second Round,0.18181818181818182,-0.18181818181818182
106,Czechoslovakia,1958,11,0.18181818181818182,0.0,2,2,1,0,0.09090909090909091,World Cup 1958,Argentina,"Olympia Stadium, Helsingborg",6,0,6,Win,Europe,First and Second Round,First and Second Round,0.0,0.18181818181818182
107,Northern Ireland,1958,11,0.0,0.0,0,0,0,0,0.0,World Cup 1958,West Germany,"Malmo Stadion, Malmö",2,0,2,Tie,Europe,First and Second Round,First and Second Round,2.090909090909091,-2.090909090909091
107,West Germany,1958,11,2.090909090909091,0.0,6,23,5,3,0.45454545454545453,World Cup 1958,Northern Ireland,"Malmo Stadion, Malmö",2,0,2,Tie,Europe,First and Second Round,First and Second Round,0.0,2.090909090909091
108,Czechoslovakia,1958,11,0.18181818181818182,0.0,2,2,1,0,0.09090909090909091,World Cup 1958,Northern Ireland,"Malmo Stadion, Malmö",1,0,1,Lose,Europe,First and Second Round,First and Second Round,0.0,0.18181818181818182
108,Northern Ireland,1958,11,0.0,0.0,0,0,0,0,0.0,World Cup 1958,Czechoslovakia,"Malmo Stadion, Malmö",2,0,2,Win,Europe,First and Second Round,First and Second Round,0.18181818181818182,-0.18181818181818182
109,France,1958,11,1.0909090909090908,1.0,2,12,7,0,0.6363636363636364,World Cup 1958,Paraguay,"Idrottsparken, Norrköping",7,0,7,Win,Europe,First and Second Round,First and Second Round,0.0,1.0909090909090908
109,Paraguay,1958,11,0.0,0.0,0,0,0,0,0.0,World Cup 1958,France,"Idrottsparken, Norrköping",3,0,3,Lose,South America,First and Second Round,First and Second Round,1.0909090909090908,-1.0909090909090908
110,Scotland,1958,11,0.18181818181818182,0.0,2,2,1,0,0.09090909090909091,World Cup 1958,Yugoslavia,"Arosvallen, Västerås",1,0,1,Tie,Europe,First and Second Round,First and Second Round,1.3636363636363635,-1.1818181818181817
110,Yugoslavia,1958,11,1.3636363636363635,0.0,3,15,5,0,0.45454545454545453,World Cup 1958,Scotland,"Arosvallen, Västerås",1,0,1,Tie,Europe,First and Second Round,First and Second Round,0.18181818181818182,1.1818181818181817
111,France,1958,11,1.0,1.0,2,11,7,0,0.6363636363636364,World Cup 1958,Yugoslavia,"Arosvallen, Västerås",2,0,2,Lose,Europe,First and Second Round,First and Second Round,1.3636363636363635,-0.36363636363636354
111,Yugoslavia,1958,11,1.3636363636363635,0.0,3,15,5,0,0.45454545454545453,World Cup 1958,France,"Arosvallen, Västerås",3,0,3,Win,Europe,First and Second Round,First and Second Round,1.0,0.36363636363636354
112,Paraguay,1958,11,0.0,0.0,0,0,0,0,0.0,World Cup 1958,Scotland,"Idrottsparken, Norrköping",3,0,3,Win,South America,First and Second Round,First and Second Round,0.36363636363636365,-0.36363636363636365
112,Scotland,1958,11,0.36363636363636365,0.0,2,4,2,0,0.18181818181818182,World Cup 1958,Paraguay,"Idrottsparken, Norrköping",2,0,2,Lose,Europe,First and Second Round,First and Second Round,0.0,0.36363636363636365
113,Paraguay,1958,11,0.0,0.0,0,0,0,0,0.0,World Cup 1958,Yugoslavia,"Tunavallen, Eskilstuna",3,0,3,Tie,South America,First and Second Round,First and Second Round,1.0909090909090908,-1.0909090909090908
113,Yugoslavia,1958,11,1.0909090909090908,0.0,3,12,4,0,0.36363636363636365,World Cup 1958,Paraguay,"Tunavallen, Eskilstuna",3,0,3,Tie,Europe,First and Second Round,First and Second Round,0.0,1.0909090909090908
114,France,1958,11,0.9090909090909091,1.0,2,10,6,0,0.5454545454545454,World Cup 1958,Scotland,"Eyravallen, Örebro",2,0,2,Win,Europe,First and Second Round,First and Second Round,0.0,0.9090909090909091
114,Scotland,1958,11,0.0,0.0,0,0,0,0,0.0,World Cup 1958,France,"Eyravallen, Örebro",1,0,1,Lose,Europe,First and Second Round,First and Second Round,0.9090909090909091,-0.9090909090909091
115,Mexico,1958,11,0.5454545454545454,0.0,4,6,2,0,0.18181818181818182,World Cup 1958,Sweden,"Rasunda Stadium, Solna",0,0,0,Lose,North America,First and Second Round,First and Second Round,0.9090909090909091,-0.36363636363636365
115,Sweden,1958,11,0.9090909090909091,0.0,5,10,3,1,0.2727272727272727,World Cup 1958,Mexico,"Rasunda Stadium, Solna",3,0,3,Win,Europe,First and Second Round,First and Second Round,0.5454545454545454,0.36363636363636365
116,Hungary,1958,11,1.2727272727272727,0.0,5,14,3,2,0.2727272727272727,World Cup 1958,Wales,"Jarnvallen, Sandviken",1,0,1,Tie,Europe,First and Second Round,First and Second Round,0.0,1.2727272727272727
116,Wales,1958,11,0.0,0.0,0,0,0,0,0.0,World Cup 1958,Hungary,"Jarnvallen, Sandviken",1,0,1,Tie,Europe,First and Second Round,First and Second Round,1.2727272727272727,-1.2727272727272727
117,Mexico,1958,11,0.7272727272727273,0.0,4,8,3,0,0.2727272727272727,World Cup 1958,Wales,"Rasunda Stadium, Solna",1,0,1,Tie,North America,First and Second Round,First and Second Round,0.0,0.7272727272727273
117,Wales,1958,11,0.0,0.0,0,0,0,0,0.0,World Cup 1958,Mexico,"Rasunda Stadium, Solna",1,0,1,Tie,Europe,First and Second Round,First and Second Round,0.7272727272727273,-0.7272727272727273
118,Hungary,1958,11,1.0,0.0,5,11,3,2,0.2727272727272727,World Cup 1958,Sweden,"Rasunda Stadium, Solna",1,0,1,Lose,Europe,First and Second Round,First and Second Round,0.9090909090909091,0.09090909090909094
118,Sweden,1958,11,0.9090909090909091,0.0,5,10,3,1,0.2727272727272727,World Cup 1958,Hungary,"Rasunda Stadium, Solna",2,0,2,Win,Europe,First and Second Round,First and Second Round,1.0,-0.09090909090909094
119,Sweden,1958,11,0.7272727272727273,0.0,5,8,2,1,0.18181818181818182,World Cup 1958,Wales,"Rasunda Stadium, Solna",0,0,0,Tie,Europe,First and Second Round,First and Second Round,0.0,0.7272727272727273
119,Wales,1958,11,0.0,0.0,0,0,0,0,0.0,World Cup 1958,Sweden,"Rasunda Stadium, Solna",0,0,0,Tie,Europe,First and Second Round,First and Second Round,0.7272727272727273,-0.7272727272727273
120,Hungary,1958,11,0.6363636363636364,0.0,4,7,3,0,0.2727272727272727,World Cup 1958,Mexico,"Jarnvallen, Sandviken",4,0,4,Win,Europe,First and Second Round,First and Second Round,0.5454545454545454,0.09090909090909094
120,Mexico,1958,11,0.5454545454545454,0.0,4,6,2,0,0.18181818181818182,World Cup 1958,Hungary,"Jarnvallen, Sandviken",0,0,0,Lose,North America,First and Second Round,First and Second Round,0.6363636363636364,-0.09090909090909094
121,Hungary,1958,11,1.0909090909090908,0.0,5,12,3,2,0.2727272727272727,World Cup 1958,Wales,"Rasunda Stadium, Solna",1,0,1,Lose,Europe,First and Second Round,First and Second Round,0.0,1.0909090909090908
121,Wales,1958,11,0.0,0.0,0,0,0,0,0.0,World Cup 1958,Hungary,"Rasunda Stadium, Solna",2,0,2,Win,Europe,First and Second Round,First and Second Round,1.0909090909090908,-1.0909090909090908
122,England,1958,11,1.0909090909090908,0.0,6,12,2,2,0.18181818181818182,World Cup 1958,Soviet Union,"Nya Ullevi, Gothenburg",2,0,2,Tie,Europe,First and Second Round,First and Second Round,0.0,1.0909090909090908
122,Soviet Union,1958,11,0.0,0.0,0,0,0,0,0.0,World Cup 1958,England,"Nya Ullevi, Gothenburg",2,0,2,Tie,Europe and Asia,First and Second Round,First and Second Round,1.0909090909090908,-1.0909090909090908
123,Austria,1958,11,1.8181818181818181,0.0,5,20,5,2,0.45454545454545453,World Cup 1958,Brazil,"Rimnersvallen, Uddevalla",0,0,0,Lose,Europe,First and Second Round,First and Second Round,0.5454545454545454,1.2727272727272727
123,Brazil,1958,11,0.5454545454545454,0.0,3,6,2,0,0.18181818181818182,World Cup 1958,Austria,"Rimnersvallen, Uddevalla",3,0,3,Win,South America,First and Second Round,First and Second Round,1.8181818181818181,-1.2727272727272727
124,Austria,1958,11,1.6363636363636365,0.0,5,18,4,2,0.36363636363636365,World Cup 1958,Soviet Union,"Ryavallen, Borås",0,0,0,Lose,Europe,First and Second Round,First and Second Round,0.0,1.6363636363636365
124,Soviet Union,1958,11,0.0,0.0,0,0,0,0,0.0,World Cup 1958,Austria,"Ryavallen, Borås",2,0,2,Win,Europe and Asia,First and Second Round,First and Second Round,1.6363636363636365,-1.6363636363636365
125,Brazil,1958,11,0.5454545454545454,0.0,3,6,2,0,0.18181818181818182,World Cup 1958,England,"Nya Ullevi, Gothenburg",0,0,0,Tie,South America,First and Second Round,First and Second Round,0.5454545454545454,0.0
125,England,1958,11,0.5454545454545454,0.0,6,6,1,1,0.09090909090909091,World Cup 1958,Brazil,"Nya Ullevi, Gothenburg",0,0,0,Tie,Europe,First and Second Round,First and Second Round,0.5454545454545454,0.0
126,Brazil,1958,11,0.5454545454545454,0.0,3,6,2,0,0.18181818181818182,World Cup 1958,Soviet Union,"Nya Ullevi, Gothenburg",2,0,2,Win,South America,First and Second Round,First and Second Round,0.0,0.5454545454545454
126,Soviet Union,1958,11,0.0,0.0,0,0,0,0,0.0,World Cup 1958,Brazil,"Nya Ullevi, Gothenburg",0,0,0,Lose,Europe and Asia,First and Second Round,First and Second Round,0.5454545454545454,-0.5454545454545454
127,Austria,1958,11,1.7272727272727273,0.0,5,19,5,2,0.45454545454545453,World Cup 1958,England,"Ryavallen, Borås",2,0,2,Tie,Europe,First and Second Round,First and Second Round,0.5454545454545454,1.1818181818181819
127,England,1958,11,0.5454545454545454,0.0,6,6,1,1,0.09090909090909091,World Cup 1958,Austria,"Ryavallen, Borås",2,0,2,Tie,Europe,First and Second Round,First and Second Round,1.7272727272727273,-1.1818181818181819
128,England,1958,11,0.5454545454545454,0.0,6,6,1,1,0.09090909090909091,World Cup 1958,Soviet Union,"Nya Ullevi, Gothenburg",0,0,0,Lose,Europe,First and Second Round,First and Second Round,0.0,0.5454545454545454
128,Soviet Union,1958,11,0.0,0.0,0,0,0,0,0.0,World Cup 1958,England,"Nya Ullevi, Gothenburg",1,0,1,Win,Europe and Asia,First and Second Round,First and Second Round,0.5454545454545454,-0.5454545454545454
129,West Germany,1958,11,1.9090909090909092,0.0,6,21,4,3,0.36363636363636365,World Cup 1958,Yugoslavia,"Malmo Stadion, Malmö",1,0,1,Win,Europe,First and Second Round,First and Second Round,1.0909090909090908,0.8181818181818183
129,Yugoslavia,1958,11,1.0909090909090908,0.0,3,12,4,0,0.36363636363636365,World Cup 1958,West Germany,"Malmo Stadion, Malmö",0,0,0,Lose,Europe,First and Second Round,First and Second Round,1.9090909090909092,-0.8181818181818183
130,Soviet Union,1958,11,0.0,0.0,0,0,0,0,0.0,World Cup 1958,Sweden,"Rasunda Stadium, Solna",0,0,0,Lose,Europe and Asia,First and Second Round,First and Second Round,0.7272727272727273,-0.7272727272727273
130,Sweden,1958,11,0.7272727272727273,0.0,5,8,2,1,0.18181818181818182,World Cup 1958,Soviet Union,"Rasunda Stadium, Solna",2,0,2,Win,Europe,First and Second Round,First and Second Round,0.0,0.7272727272727273
131,Brazil,1958,11,0.5454545454545454,0.0,3,6,2,0,0.18181818181818182,World Cup 1958,Wales,"Nya Ullevi, Gothenburg",1,0,1,Win,South America,First and Second Round,First and Second Round,0.0,0.5454545454545454
131,Wales,1958,11,0.0,0.0,0,0,0,0,0.0,World Cup 1958,Brazil,"Nya Ullevi, Gothenburg",0,0,0,Lose,Europe,First and Second Round,First and Second Round,0.5454545454545454,-0.5454545454545454
132,France,1958,11,0.9090909090909091,1.0,2,10,6,0,0.5454545454545454,World Cup 1958,Northern Ireland,"Idrottsparken, Norrköping",4,0,4,Win,Europe,First and Second Round,First and Second Round,0.0,0.9090909090909091
132,Northern Ireland,1958,11,0.0,0.0,0,0,0,0,0.0,World Cup 1958,France,"Idrottsparken, Norrköping",0,0,0,Lose,Europe,First and Second Round,First and Second Round,0.9090909090909091,-0.9090909090909091
133,Brazil,1958,11,0.5454545454545454,0.0,3,6,2,0,0.18181818181818182,World Cup 1958,France,"Rasunda Stadium, Solna",5,0,5,Win,South America,Semi-Final,Semi-Final,0.9090909090909091,-0.36363636363636365
133,France,1958,11,0.9090909090909091,1.0,2,10,6,0,0.5454545454545454,World Cup 1958,Brazil,"Rasunda Stadium, Solna",2,0,2,Lose,Europe,Semi-Final,Semi-Final,0.5454545454545454,0.36363636363636365
134,Sweden,1958,11,0.7272727272727273,0.0,5,8,2,1,0.18181818181818182,World Cup 1958,West Germany,"Nya Ullevi, Gothenburg",3,0,3,Win,Europe,Semi-Final,Semi-Final,1.9090909090909092,-1.1818181818181819
134,West Germany,1958,11,1.9090909090909092,0.0,6,21,4,3,0.36363636363636365,World Cup 1958,Sweden,"Nya Ullevi, Gothenburg",1,0,1,Lose,Europe,Semi-Final,Semi-Final,0.7272727272727273,1.1818181818181819
135,France,1958,11,0.8181818181818182,0.0,2,9,5,0,0.45454545454545453,World Cup 1958,West Germany,"Nya Ullevi, Gothenburg",6,0,6,Win,Europe,Final,Final - 3rd,0.9090909090909091,-0.09090909090909083
135,West Germany,1958,11,0.9090909090909091,0.0,5,10,3,1,0.2727272727272727,World Cup 1958,France,"Nya Ullevi, Gothenburg",3,0,3,Lose,Europe,Final,Final - 3rd,0.8181818181818182,0.09090909090909083
136,Brazil,1958,11,0.8181818181818182,0.0,3,9,3,0,0.2727272727272727,World Cup 1958,Sweden,"Rasunda Stadium, Solna",5,0,5,Win,South America,Final,Final - 1st,0.7272727272727273,0.09090909090909094
136,Sweden,1958,11,0.7272727272727273,0.0,5,8,2,1,0.18181818181818182,World Cup 1958,Brazil,"Rasunda Stadium, Solna",2,0,2,Lose,Europe,Final,Final - 1st,0.8181818181818182,-0.09090909090909094
137,Colombia,1962,11,0.0,0.0,0,0,0,0,0.0,World Cup 1962,Uruguay,"Carlos Dittborn, Arica",1,0,1,Lose,South America,First and Second Round,First and Second Round,0.0,0.0
137,Uruguay,1962,11,0.0,0.0,0,0,0,0,0.0,World Cup 1962,Colombia,"Carlos Dittborn, Arica",2,0,2,Win,South America,First and Second Round,First and Second Round,0.0,0.0
138,Soviet Union,1962,11,1.0,0.0,5,11,3,2,0.2727272727272727,World Cup 1962,Yugoslavia,"Carlos Dittborn, Arica",2,0,2,Win,Europe and Asia,First and Second Round,First and Second Round,0.2727272727272727,0.7272727272727273
138,Yugoslavia,1962,11,0.2727272727272727,0.0,3,3,1,0,0.09090909090909091,World Cup 1962,Soviet Union,"Carlos Dittborn, Arica",0,0,0,Lose,Europe,First and Second Round,First and Second Round,1.0,-0.7272727272727273
139,Uruguay,1962,11,0.0,0.0,0,0,0,0,0.0,World Cup 1962,Yugoslavia,"Carlos Dittborn, Arica",1,0,1,Lose,South America,First and Second Round,First and Second Round,0.2727272727272727,-0.2727272727272727
139,Yugoslavia,1962,11,0.2727272727272727,0.0,3,3,1,0,0.09090909090909091,World Cup 1962,Uruguay,"Carlos Dittborn, Arica",3,0,3,Win,Europe,First and Second Round,First and Second Round,0.0,0.2727272727272727
140,Colombia,1962,11,0.0,0.0,0,0,0,0,0.0,World Cup 1962,Soviet Union,"Carlos Dittborn, Arica",4,0,4,Tie,South America,First and Second Round,First and Second Round,1.0,-1.0
140,Soviet Union,1962,11,1.0,0.0,5,11,3,2,0.2727272727272727,World Cup 1962,Colombia,"Carlos Dittborn, Arica",4,0,4,Tie,Europe and Asia,First and Second Round,First and Second Round,0.0,1.0
141,Soviet Union,1962,11,1.0,0.0,5,11,3,2,0.2727272727272727,World Cup 1962,Uruguay,"Carlos Dittborn, Arica",2,0,2,Win,Europe and Asia,First and Second Round,First and Second Round,0.0,1.0
141,Uruguay,1962,11,0.0,0.0,0,0,0,0,0.0,World Cup 1962,Soviet Union,"Carlos Dittborn, Arica",1,0,1,Lose,South America,First and Second Round,First and Second Round,1.0,-1.0
142,Colombia,1962,11,0.0,0.0,0,0,0,0,0.0,World Cup 1962,Yugoslavia,"Carlos Dittborn, Arica",0,0,0,Lose,South America,First and Second Round,First and Second Round,0.2727272727272727,-0.2727272727272727
142,Yugoslavia,1962,11,0.2727272727272727,0.0,3,3,1,0,0.09090909090909091,World Cup 1962,Colombia,"Carlos Dittborn, Arica",5,0,5,Win,Europe,First and Second Round,First and Second Round,0.0,0.2727272727272727
143,Chile,1962,11,0.0,0.0,0,0,0,0,0.0,World Cup 1962,Switzerland,"Estadio Nacional Julio Martínez Prádanos, Santiago",3,0,3,Win,South America,First and Second Round,First and Second Round,0.2727272727272727,-0.2727272727272727
143,Switzerland,1962,11,0.2727272727272727,0.0,3,3,1,0,0.09090909090909091,World Cup 1962,Chile,"Estadio Nacional Julio Martínez Prádanos, Santiago",1,0,1,Lose,Europe,First and Second Round,First and Second Round,0.0,0.2727272727272727
144,Italy,1962,11,0.2727272727272727,0.0,3,3,1,0,0.09090909090909091,World Cup 1962,West Germany,"Estadio Nacional Julio Martínez Prádanos, Santiago",0,0,0,Tie,Europe,First and Second Round,First and Second Round,2.8181818181818183,-2.545454545454546
144,West Germany,1962,11,2.8181818181818183,1.0,11,31,6,4,0.5454545454545454,World Cup 1962,Italy,"Estadio Nacional Julio Martínez Prádanos, Santiago",0,0,0,Tie,Europe,First and Second Round,First and Second Round,0.2727272727272727,2.545454545454546
145,Chile,1962,11,0.0,0.0,0,0,0,0,0.0,World Cup 1962,Italy,"Estadio Nacional Julio Martínez Prádanos, Santiago",2,0,2,Win,South America,First and Second Round,First and Second Round,0.2727272727272727,-0.2727272727272727
145,Italy,1962,11,0.2727272727272727,0.0,3,3,1,0,0.09090909090909091,World Cup 1962,Chile,"Estadio Nacional Julio Martínez Prádanos, Santiago",0,0,0,Lose,Europe,First and Second Round,First and Second Round,0.0,0.2727272727272727
146,Switzerland,1962,11,0.6363636363636364,0.0,4,7,2,0,0.18181818181818182,World Cup 1962,West Germany,"Estadio Nacional Julio Martínez Prádanos, Santiago",1,0,1,Lose,Europe,First and Second Round,First and Second Round,2.727272727272727,-2.090909090909091
146,West Germany,1962,11,2.727272727272727,0.0,11,30,5,4,0.45454545454545453,World Cup 1962,Switzerland,"Estadio Nacional Julio Martínez Prádanos, Santiago",2,0,2,Win,Europe,First and Second Round,First and Second Round,0.6363636363636364,2.090909090909091
147,Chile,1962,11,0.0,0.0,0,0,0,0,0.0,World Cup 1962,West Germany,"Estadio Nacional Julio Martínez Prádanos, Santiago",0,0,0,Lose,South America,First and Second Round,First and Second Round,2.727272727272727,-2.727272727272727
147,West Germany,1962,11,2.727272727272727,0.0,11,30,5,4,0.45454545454545453,World Cup 1962,Chile,"Estadio Nacional Julio Martínez Prádanos, Santiago",2,0,2,Win,Europe,First and Second Round,First and Second Round,0.0,2.727272727272727
148,Italy,1962,11,0.0,0.0,0,0,0,0,0.0,World Cup 1962,Switzerland,"Estadio Nacional Julio Martínez Prádanos, Santiago",3,0,3,Win,Europe,First and Second Round,First and Second Round,0.8181818181818182,-0.8181818181818182
148,Switzerland,1962,11,0.8181818181818182,0.0,4,9,3,0,0.2727272727272727,World Cup 1962,Italy,"Estadio Nacional Julio Martínez Prádanos, Santiago",0,0,0,Lose,Europe,First and Second Round,First and Second Round,0.0,0.8181818181818182
149,Brazil,1962,11,4.545454545454546,4.0,9,50,9,4,0.8181818181818182,World Cup 1962,Mexico,"Estadio Sausalito, Viña del Mar",2,0,2,Win,South America,First and Second Round,First and Second Round,1.7272727272727273,2.8181818181818183
149,Mexico,1962,11,1.7272727272727273,1.0,7,19,6,1,0.5454545454545454,World Cup 1962,Brazil,"Estadio Sausalito, Viña del Mar",0,0,0,Lose,North America,First and Second Round,First and Second Round,4.545454545454546,-2.8181818181818183
150,Czechoslovakia,1962,11,1.4545454545454546,0.0,6,16,4,1,0.36363636363636365,World Cup 1962,Spain,"Estadio Sausalito, Viña del Mar",1,0,1,Win,Europe,First and Second Round,First and Second Round,0.7272727272727273,0.7272727272727273
150,Spain,1962,11,0.7272727272727273,0.0,5,8,2,1,0.18181818181818182,World Cup 1962,Czechoslovakia,"Estadio Sausalito, Viña del Mar",0,0,0,Lose,Europe,First and Second Round,First and Second Round,1.4545454545454546,-0.7272727272727273
151,Brazil,1962,11,4.545454545454546,4.0,9,50,9,4,0.8181818181818182,World Cup 1962,Czechoslovakia,"Estadio Sausalito, Viña del Mar",0,0,0,Tie,South America,First and Second Round,First and Second Round,1.4545454545454546,3.0909090909090913
151,Czechoslovakia,1962,11,1.4545454545454546,0.0,6,16,4,1,0.36363636363636365,World Cup 1962,Brazil,"Estadio Sausalito, Viña del Mar",0,0,0,Tie,Europe,First and Second Round,First and Second Round,4.545454545454546,-3.0909090909090913
152,Mexico,1962,11,1.6363636363636365,0.0,7,18,5,1,0.45454545454545453,World Cup 1962,Spain,"Estadio Sausalito, Viña del Mar",0,0,0,Lose,North America,First and Second Round,First and Second Round,0.7272727272727273,0.9090909090909092
152,Spain,1962,11,0.7272727272727273,0.0,5,8,2,1,0.18181818181818182,World Cup 1962,Mexico,"Estadio Sausalito, Viña del Mar",1,0,1,Win,Europe,First and Second Round,First and Second Round,1.6363636363636365,-0.9090909090909092
153,Brazil,1962,11,4.181818181818182,4.0,9,46,8,4,0.7272727272727273,World Cup 1962,Spain,"Estadio Sausalito, Viña del Mar",2,0,2,Win,South America,First and Second Round,First and Second Round,0.2727272727272727,3.909090909090909
153,Spain,1962,11,0.2727272727272727,0.0,3,3,1,0,0.09090909090909091,World Cup 1962,Brazil,"Estadio Sausalito, Viña del Mar",1,0,1,Lose,Europe,First and Second Round,First and Second Round,4.181818181818182,-3.909090909090909
154,Czechoslovakia,1962,11,1.4545454545454546,0.0,6,16,4,1,0.36363636363636365,World Cup 1962,Mexico,"Estadio Sausalito, Viña del Mar",1,0,1,Lose,Europe,First and Second Round,First and Second Round,1.7272727272727273,-0.2727272727272727
154,Mexico,1962,11,1.7272727272727273,1.0,7,19,6,1,0.5454545454545454,World Cup 1962,Czechoslovakia,"Estadio Sausalito, Viña del Mar",3,0,3,Win,North America,First and Second Round,First and Second Round,1.4545454545454546,0.2727272727272727
155,Argentina,1962,11,0.0,0.0,0,0,0,0,0.0,World Cup 1962,Bulgaria,"Estadio Braden Copper Co., Rancagua",1,0,1,Win,South America,First and Second Round,First and Second Round,0.0,0.0
155,Bulgaria,1962,11,0.0,0.0,0,0,0,0,0.0,World Cup 1962,Argentina,"Estadio Braden Copper Co., Rancagua",0,0,0,Lose,Europe,First and Second Round,First and Second Round,0.0,0.0
156,England,1962,11,0.6363636363636364,0.0,4,7,2,0,0.18181818181818182,World Cup 1962,Hungary,"Estadio Braden Copper Co., Rancagua",1,0,1,Lose,Europe,First and Second Round,First and Second Round,2.727272727272727,-2.090909090909091
156,Hungary,1962,11,2.727272727272727,3.0,8,30,7,1,0.6363636363636364,World Cup 1962,England,"Estadio Braden Copper Co., Rancagua",2,0,2,Win,Europe,First and Second Round,First and Second Round,0.6363636363636364,2.090909090909091
157,Argentina,1962,11,0.0,0.0,0,0,0,0,0.0,World Cup 1962,England,"Estadio Braden Copper Co., Rancagua",1,0,1,Lose,South America,First and Second Round,First and Second Round,0.6363636363636364,-0.6363636363636364
157,England,1962,11,0.6363636363636364,0.0,4,7,2,0,0.18181818181818182,World Cup 1962,Argentina,"Estadio Braden Copper Co., Rancagua",3,0,3,Win,Europe,First and Second Round,First and Second Round,0.0,0.6363636363636364
158,Bulgaria,1962,11,0.0,0.0,0,0,0,0,0.0,World Cup 1962,Hungary,"Estadio Braden Copper Co., Rancagua",1,0,1,Lose,Europe,First and Second Round,First and Second Round,2.090909090909091,-2.090909090909091
158,Hungary,1962,11,2.090909090909091,3.0,4,23,7,0,0.6363636363636364,World Cup 1962,Bulgaria,"Estadio Braden Copper Co., Rancagua",6,0,6,Win,Europe,First and Second Round,First and Second Round,0.0,2.090909090909091
159,Argentina,1962,11,0.0,0.0,0,0,0,0,0.0,World Cup 1962,Hungary,"Estadio Braden Copper Co., Rancagua",0,0,0,Tie,South America,First and Second Round,First and Second Round,2.1818181818181817,-2.1818181818181817
159,Hungary,1962,11,2.1818181818181817,0.0,8,24,5,1,0.45454545454545453,World Cup 1962,Argentina,"Estadio Braden Copper Co., Rancagua",0,0,0,Tie,Europe,First and Second Round,First and Second Round,0.0,2.1818181818181817
160,Bulgaria,1962,11,0.0,0.0,0,0,0,0,0.0,World Cup 1962,England,"Estadio Braden Copper Co., Rancagua",0,0,0,Tie,Europe,First and Second Round,First and Second Round,0.6363636363636364,-0.6363636363636364
160,England,1962,11,0.6363636363636364,0.0,4,7,2,0,0.18181818181818182,World Cup 1962,Bulgaria,"Estadio Braden Copper Co., Rancagua",0,0,0,Tie,Europe,First and Second Round,First and Second Round,0.0,0.6363636363636364
161,Chile,1962,11,0.0,0.0,0,0,0,0,0.0,World Cup 1962,Soviet Union,"Carlos Dittborn, Arica",2,0,2,Win,South America,First and Second Round,First and Second Round,1.0,-1.0
161,Soviet Union,1962,11,1.0,0.0,5,11,3,2,0.2727272727272727,World Cup 1962,Chile,"Carlos Dittborn, Arica",1,0,1,Lose,Europe and Asia,First and Second Round,First and Second Round,0.0,1.0
162,Czechoslovakia,1962,11,1.4545454545454546,0.0,6,16,4,1,0.36363636363636365,World Cup 1962,Hungary,"Estadio Braden Copper Co., Rancagua",1,0,1,Win,Europe,First and Second Round,First and Second Round,2.727272727272727,-1.2727272727272725
162,Hungary,1962,11,2.727272727272727,3.0,8,30,7,1,0.6363636363636364,World Cup 1962,Czechoslovakia,"Estadio Braden Copper Co., Rancagua",0,0,0,Lose,Europe,First and Second Round,First and Second Round,1.4545454545454546,1.2727272727272725
163,West Germany,1962,11,2.727272727272727,0.0,11,30,5,4,0.45454545454545453,World Cup 1962,Yugoslavia,"Estadio Nacional Julio Martínez Prádanos, Santiago",0,0,0,Lose,Europe,First and Second Round,First and Second Round,0.2727272727272727,2.454545454545454
163,Yugoslavia,1962,11,0.2727272727272727,0.0,3,3,1,0,0.09090909090909091,World Cup 1962,West Germany,"Estadio Nacional Julio Martínez Prádanos, Santiago",1,0,1,Win,Europe,First and Second Round,First and Second Round,2.727272727272727,-2.454545454545454
164,Brazil,1962,11,4.181818181818182,4.0,9,46,8,4,0.7272727272727273,World Cup 1962,England,"Estadio Sausalito, Viña del Mar",3,0,3,Win,South America,First and Second Round,First and Second Round,0.6363636363636364,3.5454545454545454
164,England,1962,11,0.6363636363636364,0.0,4,7,2,0,0.18181818181818182,World Cup 1962,Brazil,"Estadio Sausalito, Viña del Mar",1,0,1,Lose,Europe,First and Second Round,First and Second Round,4.181818181818182,-3.5454545454545454
165,Czechoslovakia,1962,11,1.4545454545454546,0.0,6,16,4,1,0.36363636363636365,World Cup 1962,Yugoslavia,"Estadio Sausalito, Viña del Mar",3,0,3,Win,Europe,Semi-Final,Semi-Final,0.45454545454545453,1.0
165,Yugoslavia,1962,11,0.45454545454545453,0.0,3,5,2,0,0.18181818181818182,World Cup 1962,Czechoslovakia,"Estadio Sausalito, Viña del Mar",1,0,1,Lose,Europe,Semi-Final,Semi-Final,1.4545454545454546,-1.0
166,Brazil,1962,11,4.181818181818182,4.0,9,46,8,4,0.7272727272727273,World Cup 1962,Chile,"Estadio Nacional Julio Martínez Prádanos, Santiago",4,0,4,Win,South America,Semi-Final,Semi-Final,0.0,4.181818181818182
166,Chile,1962,11,0.0,0.0,0,0,0,0,0.0,World Cup 1962,Brazil,"Estadio Nacional Julio Martínez Prádanos, Santiago",2,0,2,Lose,South America,Semi-Final,Semi-Final,4.181818181818182,-4.181818181818182
167,Chile,1962,11,0.0,0.0,0,0,0,0,0.0,World Cup 1962,Yugoslavia,"Estadio Nacional Julio Martínez Prádanos, Santiago",1,0,1,Win,South America,Final,Final - 3rd,0.2727272727272727,-0.2727272727272727
167,Yugoslavia,1962,11,0.2727272727272727,0.0,3,3,1,0,0.09090909090909091,World Cup 1962,Chile,"Estadio Nacional Julio Martínez Prádanos, Santiago",0,0,0,Lose,Europe,Final,Final - 3rd,0.0,0.2727272727272727
168,Brazil,1962,11,4.181818181818182,4.0,9,46,8,4,0.7272727272727273,World Cup 1962,Czechoslovakia,"Estadio Nacional Julio Martínez Prádanos, Santiago",3,0,3,Win,South America,Final,Final - 1st,1.4545454545454546,2.727272727272727
168,Czechoslovakia,1962,11,1.4545454545454546,0.0,6,16,4,1,0.36363636363636365,World Cup 1962,Brazil,"Estadio Nacional Julio Martínez Prádanos, Santiago",1,0,1,Lose,Europe,Final,Final - 1st,4.181818181818182,-2.727272727272727
169,England,1966,11,1.4545454545454546,0.0,4,16,4,0,0.36363636363636365,World Cup 1966,Uruguay,"Wembley Stadium, London",0,0,0,Tie,Europe,First and Second Round,First and Second Round,1.0909090909090908,0.36363636363636376
169,Uruguay,1966,11,1.0909090909090908,0.0,3,12,5,0,0.45454545454545453,World Cup 1966,England,"Wembley Stadium, London",0,0,0,Tie,South America,First and Second Round,First and Second Round,1.4545454545454546,-0.36363636363636376
170,France,1966,11,0.0,0.0,0,0,0,0,0.0,World Cup 1966,Mexico,"Wembley Stadium, London",1,0,1,Tie,Europe,First and Second Round,First and Second Round,0.8181818181818182,-0.8181818181818182
170,Mexico,1966,11,0.8181818181818182,0.0,6,9,2,1,0.18181818181818182,World Cup 1966,France,"Wembley Stadium, London",1,0,1,Tie,North America,First and Second Round,First and Second Round,0.0,0.8181818181818182
171,France,1966,11,0.0,0.0,0,0,0,0,0.0,World Cup 1966,Uruguay,"White City, London",1,0,1,Lose,Europe,First and Second Round,First and Second Round,1.3636363636363635,-1.3636363636363635
171,Uruguay,1966,11,1.3636363636363635,1.0,3,15,6,0,0.5454545454545454,World Cup 1966,France,"White City, London",2,0,2,Win,South America,First and Second Round,First and Second Round,0.0,1.3636363636363635
172,England,1966,11,1.4545454545454546,0.0,4,16,4,0,0.36363636363636365,World Cup 1966,Mexico,"Wembley Stadium, London",2,0,2,Win,Europe,First and Second Round,First and Second Round,1.5454545454545454,-0.09090909090909083
172,Mexico,1966,11,1.5454545454545454,0.0,6,17,4,2,0.36363636363636365,World Cup 1966,England,"Wembley Stadium, London",0,0,0,Lose,North America,First and Second Round,First and Second Round,1.4545454545454546,0.09090909090909083
173,Mexico,1966,11,1.7272727272727273,0.0,10,19,3,2,0.2727272727272727,World Cup 1966,Uruguay,"Wembley Stadium, London",0,0,0,Tie,North America,First and Second Round,First and Second Round,1.3636363636363635,0.36363636363636376
173,Uruguay,1966,11,1.3636363636363635,1.0,3,15,6,0,0.5454545454545454,World Cup 1966,Mexico,"Wembley Stadium, London",0,0,0,Tie,South America,First and Second Round,First and Second Round,1.7272727272727273,-0.36363636363636376
174,England,1966,11,1.4545454545454546,0.0,4,16,4,0,0.36363636363636365,World Cup 1966,France,"Wembley Stadium, London",2,0,2,Win,Europe,First and Second Round,First and Second Round,0.0,1.4545454545454546
174,France,1966,11,0.0,0.0,0,0,0,0,0.0,World Cup 1966,England,"Wembley Stadium, London",0,0,0,Lose,Europe,First and Second Round,First and Second Round,1.4545454545454546,-1.4545454545454546
175,Switzerland,1966,11,1.2727272727272727,0.0,3,14,5,0,0.45454545454545453,World Cup 1966,West Germany,"Hillsborough, Sheffield",0,0,0,Lose,Europe,First and Second Round,First and Second Round,2.3636363636363638,-1.090909090909091
175,West Germany,1966,11,2.3636363636363638,0.0,9,26,5,2,0.45454545454545453,World Cup 1966,Switzerland,"Hillsborough, Sheffield",5,0,5,Win,Europe,First and Second Round,First and Second Round,1.2727272727272727,1.090909090909091
176,Argentina,1966,11,0.6363636363636364,0.0,3,7,4,0,0.36363636363636365,World Cup 1966,Spain,"Villa Park, Birmingham",2,0,2,Win,South America,First and Second Round,First and Second Round,0.8181818181818182,-0.18181818181818188
176,Spain,1966,11,0.8181818181818182,0.0,3,9,4,0,0.36363636363636365,World Cup 1966,Argentina,"Villa Park, Birmingham",1,0,1,Lose,Europe,First and Second Round,First and Second Round,0.6363636363636364,0.18181818181818188
177,Spain,1966,11,0.9090909090909091,0.0,3,10,5,0,0.45454545454545453,World Cup 1966,Switzerland,"Hillsborough, Sheffield",2,0,2,Win,Europe,First and Second Round,First and Second Round,0.2727272727272727,0.6363636363636364
177,Switzerland,1966,11,0.2727272727272727,0.0,3,3,1,0,0.09090909090909091,World Cup 1966,Spain,"Hillsborough, Sheffield",1,0,1,Lose,Europe,First and Second Round,First and Second Round,0.9090909090909091,-0.6363636363636364
178,Argentina,1966,11,0.6363636363636364,0.0,3,7,4,0,0.36363636363636365,World Cup 1966,West Germany,"Villa Park, Birmingham",0,0,0,Tie,South America,First and Second Round,First and Second Round,2.3636363636363638,-1.7272727272727275
178,West Germany,1966,11,2.3636363636363638,0.0,9,26,5,2,0.45454545454545453,World Cup 1966,Argentina,"Villa Park, Birmingham",0,0,0,Tie,Europe,First and Second Round,First and Second Round,0.6363636363636364,1.7272727272727275
179,Argentina,1966,11,0.6363636363636364,0.0,3,7,4,0,0.36363636363636365,World Cup 1966,Switzerland,"Hillsborough, Sheffield",2,0,2,Win,South America,First and Second Round,First and Second Round,0.0,0.6363636363636364
179,Switzerland,1966,11,0.0,0.0,0,0,0,0,0.0,World Cup 1966,Argentina,"Hillsborough, Sheffield",0,0,0,Lose,Europe,First and Second Round,First and Second Round,0.6363636363636364,-0.6363636363636364
180,Spain,1966,11,0.18181818181818182,0.0,1,2,2,0,0.18181818181818182,World Cup 1966,West Germany,"Villa Park, Birmingham",1,0,1,Lose,Europe,First and Second Round,First and Second Round,1.7272727272727273,-1.5454545454545454
180,West Germany,1966,11,1.7272727272727273,0.0,9,19,3,2,0.2727272727272727,World Cup 1966,Spain,"Villa Park, Birmingham",2,0,2,Win,Europe,First and Second Round,First and Second Round,0.18181818181818182,1.5454545454545454
181,Brazil,1966,11,4.0,0.0,12,44,5,5,0.45454545454545453,World Cup 1966,Bulgaria,"Goodison Park, Liverpool",2,0,2,Win,South America,First and Second Round,First and Second Round,1.1818181818181819,2.8181818181818183
181,Bulgaria,1966,11,1.1818181818181819,1.0,3,13,7,0,0.6363636363636364,World Cup 1966,Brazil,"Goodison Park, Liverpool",0,0,0,Lose,Europe,First and Second Round,First and Second Round,4.0,-2.8181818181818183
182,Hungary,1966,11,2.3636363636363638,0.0,8,26,5,2,0.45454545454545453,World Cup 1966,Portugal,"Old Trafford Stadium, Manchester",1,0,1,Lose,Europe,First and Second Round,First and Second Round,0.5454545454545454,1.8181818181818183
182,Portugal,1966,11,0.5454545454545454,0.0,6,6,1,1,0.09090909090909091,World Cup 1966,Hungary,"Old Trafford Stadium, Manchester",3,0,3,Win,Europe,First and Second Round,First and Second Round,2.3636363636363638,-1.8181818181818183
183,Brazil,1966,11,3.4545454545454546,0.0,12,38,4,4,0.36363636363636365,World Cup 1966,Hungary,"Goodison Park, Liverpool",1,0,1,Lose,South America,First and Second Round,First and Second Round,2.3636363636363638,1.0909090909090908
183,Hungary,1966,11,2.3636363636363638,0.0,8,26,5,2,0.45454545454545453,World Cup 1966,Brazil,"Goodison Park, Liverpool",3,0,3,Win,Europe,First and Second Round,First and Second Round,3.4545454545454546,-1.0909090909090908
184,Bulgaria,1966,11,0.8181818181818182,1.0,3,9,6,0,0.5454545454545454,World Cup 1966,Portugal,"Old Trafford Stadium, Manchester",0,0,0,Lose,Europe,First and Second Round,First and Second Round,0.0,0.8181818181818182
184,Portugal,1966,11,0.0,0.0,0,0,0,0,0.0,World Cup 1966,Bulgaria,"Old Trafford Stadium, Manchester",3,0,3,Win,Europe,First and Second Round,First and Second Round,0.8181818181818182,-0.8181818181818182
185,Brazil,1966,11,1.0909090909090908,0.0,6,12,2,2,0.18181818181818182,World Cup 1966,Portugal,"Goodison Park, Liverpool",1,0,1,Lose,South America,First and Second Round,First and Second Round,0.0,1.0909090909090908
185,Portugal,1966,11,0.0,0.0,0,0,0,0,0.0,World Cup 1966,Brazil,"Goodison Park, Liverpool",3,0,3,Win,Europe,First and Second Round,First and Second Round,1.0909090909090908,-1.0909090909090908
186,Bulgaria,1966,11,0.5454545454545454,0.0,3,6,4,0,0.36363636363636365,World Cup 1966,Hungary,"Old Trafford Stadium, Manchester",1,0,1,Lose,Europe,First and Second Round,First and Second Round,2.3636363636363638,-1.8181818181818183
186,Hungary,1966,11,2.3636363636363638,0.0,8,26,5,2,0.45454545454545453,World Cup 1966,Bulgaria,"Old Trafford Stadium, Manchester",3,0,3,Win,Europe,First and Second Round,First and Second Round,0.5454545454545454,1.8181818181818183
187,North Korea,1966,11,0.0,0.0,0,0,0,0,0.0,World Cup 1966,Soviet Union,"Ayresome Park, Middlesbrough",0,0,0,Lose,Asia,First and Second Round,First and Second Round,0.7272727272727273,-0.7272727272727273
187,Soviet Union,1966,11,0.7272727272727273,0.0,4,8,3,0,0.2727272727272727,World Cup 1966,North Korea,"Ayresome Park, Middlesbrough",3,0,3,Win,Europe and Asia,First and Second Round,First and Second Round,0.0,0.7272727272727273
188,Chile,1966,11,1.7272727272727273,0.0,6,19,5,2,0.45454545454545453,World Cup 1966,Italy,"Roker Park Ground, Sunderland",0,0,0,Lose,South America,First and Second Round,First and Second Round,0.45454545454545453,1.2727272727272727
188,Italy,1966,11,0.45454545454545453,0.0,3,5,3,0,0.2727272727272727,World Cup 1966,Chile,"Roker Park Ground, Sunderland",2,0,2,Win,Europe,First and Second Round,First and Second Round,1.7272727272727273,-1.2727272727272727
189,Chile,1966,11,1.2727272727272727,0.0,6,14,4,2,0.36363636363636365,World Cup 1966,North Korea,"Ayresome Park, Middlesbrough",1,0,1,Tie,South America,First and Second Round,First and Second Round,0.0,1.2727272727272727
189,North Korea,1966,11,0.0,0.0,0,0,0,0,0.0,World Cup 1966,Chile,"Ayresome Park, Middlesbrough",1,0,1,Tie,Asia,First and Second Round,First and Second Round,1.2727272727272727,-1.2727272727272727
190,Italy,1966,11,0.45454545454545453,0.0,3,5,3,0,0.2727272727272727,World Cup 1966,Soviet Union,"Roker Park Ground, Sunderland",0,0,0,Lose,Europe,First and Second Round,First and Second Round,1.5454545454545454,-1.0909090909090908
190,Soviet Union,1966,11,1.5454545454545454,0.0,9,17,4,1,0.36363636363636365,World Cup 1966,Italy,"Roker Park Ground, Sunderland",1,0,1,Win,Europe and Asia,First and Second Round,First and Second Round,0.45454545454545453,1.0909090909090908
191,Italy,1966,11,0.2727272727272727,0.0,1,3,3,0,0.2727272727272727,World Cup 1966,North Korea,"Ayresome Park, Middlesbrough",0,0,0,Lose,Europe,First and Second Round,First and Second Round,0.0,0.2727272727272727
191,North Korea,1966,11,0.0,0.0,0,0,0,0,0.0,World Cup 1966,Italy,"Ayresome Park, Middlesbrough",1,0,1,Win,Asia,First and Second Round,First and Second Round,0.2727272727272727,-0.2727272727272727
192,Chile,1966,11,1.0909090909090908,0.0,6,12,3,2,0.2727272727272727,World Cup 1966,Soviet Union,"Roker Park Ground, Sunderland",1,0,1,Lose,South America,First and Second Round,First and Second Round,0.8181818181818182,0.2727272727272726
192,Soviet Union,1966,11,0.8181818181818182,0.0,4,9,3,0,0.2727272727272727,World Cup 1966,Chile,"Roker Park Ground, Sunderland",2,0,2,Win,Europe and Asia,First and Second Round,First and Second Round,1.0909090909090908,-0.2727272727272726
193,Hungary,1966,11,2.3636363636363638,0.0,8,26,5,2,0.45454545454545453,World Cup 1966,Soviet Union,"Roker Park Ground, Sunderland",1,0,1,Lose,Europe,First and Second Round,First and Second Round,1.5454545454545454,0.8181818181818183
193,Soviet Union,1966,11,1.5454545454545454,0.0,9,17,4,1,0.36363636363636365,World Cup 1966,Hungary,"Roker Park Ground, Sunderland",2,0,2,Win,Europe and Asia,First and Second Round,First and Second Round,2.3636363636363638,-0.8181818181818183
194,North Korea,1966,11,0.0,0.0,0,0,0,0,0.0,World Cup 1966,Portugal,"Goodison Park, Liverpool",3,0,3,Lose,Asia,First and Second Round,First and Second Round,0.0,0.0
194,Portugal,1966,11,0.0,0.0,0,0,0,0,0.0,World Cup 1966,North Korea,"Goodison Park, Liverpool",5,0,5,Win,Europe,First and Second Round,First and Second Round,0.0,0.0
195,Uruguay,1966,11,1.0909090909090908,0.0,3,12,5,0,0.45454545454545453,World Cup 1966,West Germany,"Hillsborough, Sheffield",0,0,0,Lose,South America,First and Second Round,First and Second Round,2.0,-0.9090909090909092
195,West Germany,1966,11,2.0,0.0,9,22,4,2,0.36363636363636365,World Cup 1966,Uruguay,"Hillsborough, Sheffield",4,0,4,Win,Europe,First and Second Round,First and Second Round,1.0909090909090908,0.9090909090909092
196,Argentina,1966,11,0.6363636363636364,0.0,3,7,4,0,0.36363636363636365,World Cup 1966,England,"Wembley Stadium, London",0,0,0,Lose,South America,First and Second Round,First and Second Round,1.0909090909090908,-0.4545454545454545
196,England,1966,11,1.0909090909090908,0.0,4,12,3,0,0.2727272727272727,World Cup 1966,Argentina,"Wembley Stadium, London",1,0,1,Win,Europe,First and Second Round,First and Second Round,0.6363636363636364,0.4545454545454545
197,Soviet Union,1966,11,1.5454545454545454,0.0,9,17,4,1,0.36363636363636365,World Cup 1966,West Germany,"Goodison Park, Liverpool",1,0,1,Lose,Europe and Asia,Semi-Final,Semi-Final,2.0,-0.4545454545454546
197,West Germany,1966,11,2.0,0.0,9,22,4,2,0.36363636363636365,World Cup 1966,Soviet Union,"Goodison Park, Liverpool",2,0,2,Win,Europe,Semi-Final,Semi-Final,1.5454545454545454,0.4545454545454546
198,England,1966,11,1.0909090909090908,0.0,4,12,3,0,0.2727272727272727,World Cup 1966,Portugal,"Wembley Stadium, London",2,0,2,Win,Europe,Semi-Final,Semi-Final,0.0,1.0909090909090908
198,Portugal,1966,11,0.0,0.0,0,0,0,0,0.0,World Cup 1966,England,"Wembley Stadium, London",1,0,1,Lose,Europe,Semi-Final,Semi-Final,1.0909090909090908,-1.0909090909090908
199,Portugal,1966,11,0.0,0.0,0,0,0,0,0.0,World Cup 1966,Soviet Union,"Wembley Stadium, London",2,0,2,Win,Europe,Final,Final - 3rd,1.2727272727272727,-1.2727272727272727
199,Soviet Union,1966,11,1.2727272727272727,0.0,9,14,3,1,0.2727272727272727,World Cup 1966,Portugal,"Wembley Stadium, London",1,0,1,Lose,Europe and Asia,Final,Final - 3rd,0.0,1.2727272727272727
200,England,1966,11,1.0909090909090908,0.0,4,12,3,0,0.2727272727272727,World Cup 1966,West Germany,"Wembley Stadium, London",4,0,4,Win,Europe,Final,Final - 1st,2.0,-0.9090909090909092
200,West Germany,1966,11,2.0,0.0,9,22,4,2,0.36363636363636365,World Cup 1966,England,"Wembley Stadium, London",2,0,2,Lose,Europe,Final,Final - 1st,1.0909090909090908,0.9090909090909092
201,Mexico,1970,11,0.8181818181818182,0.0,3,9,4,0,0.36363636363636365,World Cup 1970,Soviet Union,"Estadio Azteca, Mexico City",0,0,0,Tie,North America,First and Second Round,First and Second Round,0.8181818181818182,0.0
201,Soviet Union,1970,11,0.8181818181818182,0.0,5,9,3,1,0.2727272727272727,World Cup 1970,Mexico,"Estadio Azteca, Mexico City",0,0,0,Tie,Europe and Asia,First and Second Round,First and Second Round,0.8181818181818182,0.0
202,Belgium,1970,11,0.0,0.0,0,0,0,0,0.0,World Cup 1970,El Salvador,"Estadio Azteca, Mexico City",3,0,3,Win,Europe,First and Second Round,First and Second Round,0.0,0.0
202,El Salvador,1970,11,0.0,0.0,0,0,0,0,0.0,World Cup 1970,Belgium,"Estadio Azteca, Mexico City",0,0,0,Lose,North America,First and Second Round,First and Second Round,0.0,0.0
203,Belgium,1970,11,0.0,0.0,0,0,0,0,0.0,World Cup 1970,Soviet Union,"Estadio Azteca, Mexico City",1,0,1,Lose,Europe,First and Second Round,First and Second Round,1.0,-1.0
203,Soviet Union,1970,11,1.0,0.0,5,11,4,1,0.36363636363636365,World Cup 1970,Belgium,"Estadio Azteca, Mexico City",4,0,4,Win,Europe and Asia,First and Second Round,First and Second Round,0.0,1.0
204,El Salvador,1970,11,0.0,0.0,0,0,0,0,0.0,World Cup 1970,Mexico,"Estadio Azteca, Mexico City",0,0,0,Lose,North America,First and Second Round,First and Second Round,1.0909090909090908,-1.0909090909090908
204,Mexico,1970,11,1.0909090909090908,0.0,3,12,5,0,0.45454545454545453,World Cup 1970,El Salvador,"Estadio Azteca, Mexico City",4,0,4,Win,North America,First and Second Round,First and Second Round,0.0,1.0909090909090908
205,El Salvador,1970,11,0.0,0.0,0,0,0,0,0.0,World Cup 1970,Soviet Union,"Estadio Azteca, Mexico City",0,0,0,Lose,North America,First and Second Round,First and Second Round,1.1818181818181819,-1.1818181818181819
205,Soviet Union,1970,11,1.1818181818181819,0.0,5,13,5,1,0.45454545454545453,World Cup 1970,El Salvador,"Estadio Azteca, Mexico City",2,0,2,Win,Europe and Asia,First and Second Round,First and Second Round,0.0,1.1818181818181819
206,Belgium,1970,11,0.0,0.0,0,0,0,0,0.0,World Cup 1970,Mexico,"Estadio Azteca, Mexico City",0,0,0,Lose,Europe,First and Second Round,First and Second Round,0.8181818181818182,-0.8181818181818182
206,Mexico,1970,11,0.8181818181818182,0.0,3,9,4,0,0.36363636363636365,World Cup 1970,Belgium,"Estadio Azteca, Mexico City",1,0,1,Win,North America,First and Second Round,First and Second Round,0.0,0.8181818181818182
207,Israel,1970,11,0.0,0.0,0,0,0,0,0.0,World Cup 1970,Uruguay,"Estadio Cuauhtemoc, Puebla",0,0,0,Lose,Asia,First and Second Round,First and Second Round,1.4545454545454546,-1.4545454545454546
207,Uruguay,1970,11,1.4545454545454546,0.0,6,16,4,1,0.36363636363636365,World Cup 1970,Israel,"Estadio Cuauhtemoc, Puebla",2,0,2,Win,South America,First and Second Round,First and Second Round,0.0,1.4545454545454546
208,Italy,1970,11,1.0,0.0,3,11,4,0,0.36363636363636365,World Cup 1970,Sweden,"Bombonera, Toluca",1,0,1,Win,Europe,First and Second Round,First and Second Round,0.0,1.0
208,Sweden,1970,11,0.0,0.0,0,0,0,0,0.0,World Cup 1970,Italy,"Bombonera, Toluca",0,0,0,Lose,Europe,First and Second Round,First and Second Round,1.0,-1.0
209,Italy,1970,11,1.1818181818181819,0.0,3,13,5,0,0.45454545454545453,World Cup 1970,Uruguay,"Estadio Cuauhtemoc, Puebla",0,0,0,Tie,Europe,First and Second Round,First and Second Round,1.3636363636363635,-0.18181818181818166
209,Uruguay,1970,11,1.3636363636363635,0.0,5,15,4,1,0.36363636363636365,World Cup 1970,Italy,"Estadio Cuauhtemoc, Puebla",0,0,0,Tie,South America,First and Second Round,First and Second Round,1.1818181818181819,0.18181818181818166
210,Israel,1970,11,0.0,0.0,0,0,0,0,0.0,World Cup 1970,Sweden,"Bombonera, Toluca",1,0,1,Tie,Asia,First and Second Round,First and Second Round,0.0,0.0
210,Sweden,1970,11,0.0,0.0,0,0,0,0,0.0,World Cup 1970,Israel,"Bombonera, Toluca",1,0,1,Tie,Europe,First and Second Round,First and Second Round,0.0,0.0
211,Sweden,1970,11,0.0,0.0,0,0,0,0,0.0,World Cup 1970,Uruguay,"Estadio Cuauhtemoc, Puebla",1,0,1,Win,Europe,First and Second Round,First and Second Round,1.1818181818181819,-1.1818181818181819
211,Uruguay,1970,11,1.1818181818181819,0.0,5,13,3,1,0.2727272727272727,World Cup 1970,Sweden,"Estadio Cuauhtemoc, Puebla",0,0,0,Lose,South America,First and Second Round,First and Second Round,0.0,1.1818181818181819
212,Israel,1970,11,0.0,0.0,0,0,0,0,0.0,World Cup 1970,Italy,"Bombonera, Toluca",0,0,0,Tie,Asia,First and Second Round,First and Second Round,1.1818181818181819,-1.1818181818181819
212,Italy,1970,11,1.1818181818181819,0.0,3,13,5,0,0.45454545454545453,World Cup 1970,Israel,"Bombonera, Toluca",0,0,0,Tie,Europe,First and Second Round,First and Second Round,0.0,1.1818181818181819
213,England,1970,11,3.4545454545454546,3.0,10,38,6,4,0.5454545454545454,World Cup 1970,Romania,"Estadio Jalisco, Guadalajara",1,0,1,Win,Europe,First and Second Round,First and Second Round,0.0,3.4545454545454546
213,Romania,1970,11,0.0,0.0,0,0,0,0,0.0,World Cup 1970,England,"Estadio Jalisco, Guadalajara",0,0,0,Lose,Europe,First and Second Round,First and Second Round,3.4545454545454546,-3.4545454545454546
214,Brazil,1970,11,1.2727272727272727,0.0,8,14,5,1,0.45454545454545453,World Cup 1970,Czechoslovakia,"Estadio Jalisco, Guadalajara",4,0,4,Win,South America,First and Second Round,First and Second Round,0.2727272727272727,1.0
214,Czechoslovakia,1970,11,0.2727272727272727,0.0,3,3,1,0,0.09090909090909091,World Cup 1970,Brazil,"Estadio Jalisco, Guadalajara",1,0,1,Lose,Europe,First and Second Round,First and Second Round,1.2727272727272727,-1.0
215,Czechoslovakia,1970,11,0.5454545454545454,0.0,6,6,1,1,0.09090909090909091,World Cup 1970,Romania,"Estadio Jalisco, Guadalajara",1,0,1,Lose,Europe,First and Second Round,First and Second Round,0.0,0.5454545454545454
215,Romania,1970,11,0.0,0.0,0,0,0,0,0.0,World Cup 1970,Czechoslovakia,"Estadio Jalisco, Guadalajara",2,0,2,Win,Europe,First and Second Round,First and Second Round,0.5454545454545454,-0.5454545454545454
216,Brazil,1970,11,1.1818181818181819,0.0,8,13,4,1,0.36363636363636365,World Cup 1970,England,"Estadio Jalisco, Guadalajara",1,0,1,Win,South America,First and Second Round,First and Second Round,3.4545454545454546,-2.2727272727272725
216,England,1970,11,3.4545454545454546,3.0,10,38,6,4,0.5454545454545454,World Cup 1970,Brazil,"Estadio Jalisco, Guadalajara",0,0,0,Lose,Europe,First and Second Round,First and Second Round,1.1818181818181819,2.2727272727272725
217,Brazil,1970,11,1.1818181818181819,0.0,8,13,4,1,0.36363636363636365,World Cup 1970,Romania,"Estadio Jalisco, Guadalajara",3,0,3,Win,South America,First and Second Round,First and Second Round,0.0,1.1818181818181819
217,Romania,1970,11,0.0,0.0,0,0,0,0,0.0,World Cup 1970,Brazil,"Estadio Jalisco, Guadalajara",2,0,2,Lose,Europe,First and Second Round,First and Second Round,1.1818181818181819,-1.1818181818181819
218,Czechoslovakia,1970,11,0.2727272727272727,0.0,3,3,1,0,0.09090909090909091,World Cup 1970,England,"Estadio Jalisco, Guadalajara",0,0,0,Lose,Europe,First and Second Round,First and Second Round,3.3636363636363638,-3.090909090909091
218,England,1970,11,3.3636363636363638,0.0,10,37,5,5,0.45454545454545453,World Cup 1970,Czechoslovakia,"Estadio Jalisco, Guadalajara",1,0,1,Win,Europe,First and Second Round,First and Second Round,0.2727272727272727,3.090909090909091
219,Bulgaria,1970,11,1.7272727272727273,1.0,4,19,8,0,0.7272727272727273,World Cup 1970,Peru,"Nou Camp, León",2,0,2,Lose,Europe,First and Second Round,First and Second Round,0.0,1.7272727272727273
219,Peru,1970,11,0.0,0.0,0,0,0,0,0.0,World Cup 1970,Bulgaria,"Nou Camp, León",3,0,3,Win,South America,First and Second Round,First and Second Round,1.7272727272727273,-1.7272727272727273
220,Morocco,1970,11,0.0,0.0,0,0,0,0,0.0,World Cup 1970,West Germany,"Nou Camp, León",1,0,1,Lose,Africa,First and Second Round,First and Second Round,5.090909090909091,-5.090909090909091
220,West Germany,1970,11,5.090909090909091,6.0,15,56,7,7,0.6363636363636364,World Cup 1970,Morocco,"Nou Camp, León",2,0,2,Win,Europe,First and Second Round,First and Second Round,0.0,5.090909090909091
221,Morocco,1970,11,0.0,0.0,0,0,0,0,0.0,World Cup 1970,Peru,"Nou Camp, León",0,0,0,Lose,Africa,First and Second Round,First and Second Round,0.0,0.0
221,Peru,1970,11,0.0,0.0,0,0,0,0,0.0,World Cup 1970,Morocco,"Nou Camp, León",3,0,3,Win,South America,First and Second Round,First and Second Round,0.0,0.0
222,Bulgaria,1970,11,1.7272727272727273,1.0,4,19,6,0,0.5454545454545454,World Cup 1970,West Germany,"Nou Camp, León",2,0,2,Lose,Europe,First and Second Round,First and Second Round,4.0,-2.2727272727272725
222,West Germany,1970,11,4.0,0.0,15,44,5,5,0.45454545454545453,World Cup 1970,Bulgaria,"Nou Camp, León",5,0,5,Win,Europe,First and Second Round,First and Second Round,1.7272727272727273,2.2727272727272725
223,Peru,1970,11,0.0,0.0,0,0,0,0,0.0,World Cup 1970,West Germany,"Nou Camp, León",1,0,1,Lose,South America,First and Second Round,First and Second Round,4.0,-4.0
223,West Germany,1970,11,4.0,0.0,15,44,5,5,0.45454545454545453,World Cup 1970,Peru,"Nou Camp, León",3,0,3,Win,Europe,First and Second Round,First and Second Round,0.0,4.0
224,Bulgaria,1970,11,1.5454545454545454,0.0,4,17,5,0,0.45454545454545453,World Cup 1970,Morocco,"Nou Camp, León",1,0,1,Tie,Europe,First and Second Round,First and Second Round,0.0,1.5454545454545454
224,Morocco,1970,11,0.0,0.0,0,0,0,0,0.0,World Cup 1970,Bulgaria,"Nou Camp, León",1,0,1,Tie,Africa,First and Second Round,First and Second Round,1.5454545454545454,-1.5454545454545454
225,Soviet Union,1970,11,1.0,0.0,5,11,4,1,0.36363636363636365,World Cup 1970,Uruguay,"Estadio Azteca, Mexico City",0,0,0,Lose,Europe and Asia,First and Second Round,First and Second Round,1.3636363636363635,-0.36363636363636354
225,Uruguay,1970,11,1.3636363636363635,0.0,5,15,4,1,0.36363636363636365,World Cup 1970,Soviet Union,"Estadio Azteca, Mexico City",1,0,1,Win,South America,First and Second Round,First and Second Round,1.0,0.36363636363636354
226,Brazil,1970,11,1.2727272727272727,0.0,8,14,5,1,0.45454545454545453,World Cup 1970,Peru,"Estadio Jalisco, Guadalajara",4,0,4,Win,South America,First and Second Round,First and Second Round,0.0,1.2727272727272727
226,Peru,1970,11,0.0,0.0,0,0,0,0,0.0,World Cup 1970,Brazil,"Estadio Jalisco, Guadalajara",2,0,2,Lose,South America,First and Second Round,First and Second Round,1.2727272727272727,-1.2727272727272727
227,England,1970,11,2.909090909090909,0.0,10,32,5,3,0.45454545454545453,World Cup 1970,West Germany,"Nou Camp, León",2,0,2,Lose,Europe,First and Second Round,First and Second Round,4.0,-1.0909090909090908
227,West Germany,1970,11,4.0,0.0,15,44,5,5,0.45454545454545453,World Cup 1970,England,"Nou Camp, León",3,0,3,Win,Europe,First and Second Round,First and Second Round,2.909090909090909,1.0909090909090908
228,Italy,1970,11,1.1818181818181819,0.0,3,13,5,0,0.45454545454545453,World Cup 1970,Mexico,"Bombonera, Toluca",4,0,4,Win,Europe,First and Second Round,First and Second Round,0.8181818181818182,0.36363636363636365
228,Mexico,1970,11,0.8181818181818182,0.0,3,9,4,0,0.36363636363636365,World Cup 1970,Italy,"Bombonera, Toluca",1,0,1,Lose,North America,First and Second Round,First and Second Round,1.1818181818181819,-0.36363636363636365
229,Brazil,1970,11,1.2727272727272727,0.0,8,14,5,1,0.45454545454545453,World Cup 1970,Uruguay,"Estadio Jalisco, Guadalajara",3,0,3,Win,South America,Semi-Final,Semi-Final,1.3636363636363635,-0.09090909090909083
229,Uruguay,1970,11,1.3636363636363635,0.0,5,15,4,1,0.36363636363636365,World Cup 1970,Brazil,"Estadio Jalisco, Guadalajara",1,0,1,Lose,South America,Semi-Final,Semi-Final,1.2727272727272727,0.09090909090909083
230,Italy,1970,11,1.1818181818181819,0.0,3,13,5,0,0.45454545454545453,World Cup 1970,West Germany,"Estadio Azteca, Mexico City",4,0,4,Win,Europe,Semi-Final,Semi-Final,4.454545454545454,-3.2727272727272725
230,West Germany,1970,11,4.454545454545454,0.0,15,49,5,5,0.45454545454545453,World Cup 1970,Italy,"Estadio Azteca, Mexico City",3,0,3,Lose,Europe,Semi-Final,Semi-Final,1.1818181818181819,3.2727272727272725
231,Uruguay,1970,11,1.3636363636363635,0.0,5,15,4,1,0.36363636363636365,World Cup 1970,West Germany,"Estadio Azteca, Mexico City",0,0,0,Lose,South America,Final,Final - 3rd,4.090909090909091,-2.7272727272727275
231,West Germany,1970,11,4.090909090909091,0.0,15,45,5,5,0.45454545454545453,World Cup 1970,Uruguay,"Estadio Azteca, Mexico City",1,0,1,Win,Europe,Final,Final - 3rd,1.3636363636363635,2.7272727272727275
232,Brazil,1970,11,1.2727272727272727,0.0,8,14,5,1,0.45454545454545453,World Cup 1970,Italy,"Estadio Azteca, Mexico City",4,0,4,Win,South America,Final,Final - 1st,1.1818181818181819,0.09090909090909083
232,Italy,1970,11,1.1818181818181819,0.0,3,13,5,0,0.45454545454545453,World Cup 1970,Brazil,"Estadio Azteca, Mexico City",1,0,1,Lose,Europe,Final,Final - 1st,1.2727272727272727,-0.09090909090909083
233,Chile,1974,11,0.2727272727272727,0.0,3,3,1,0,0.09090909090909091,World Cup 1974,West Germany,"Olympiastadion, Berlin West",0,0,0,Lose,South America,First and Second Round,First and Second Round,4.090909090909091,-3.8181818181818183
233,West Germany,1974,11,4.090909090909091,5.0,12,45,6,6,0.5454545454545454,World Cup 1974,Chile,"Olympiastadion, Berlin West",1,0,1,Win,Europe,First and Second Round,First and Second Round,0.2727272727272727,3.8181818181818183
234,Australia,1974,11,0.0,0.0,0,0,0,0,0.0,World Cup 1974,East Germany,"Volksparkstadion, Hamburg",0,0,0,Lose,Oceania,First and Second Round,First and Second Round,0.0,0.0
234,East Germany,1974,11,0.0,0.0,0,0,0,0,0.0,World Cup 1974,Australia,"Volksparkstadion, Hamburg",2,0,2,Win,Europe,First and Second Round,First and Second Round,0.0,0.0
235,Australia,1974,11,0.0,0.0,0,0,0,0,0.0,World Cup 1974,West Germany,"Volksparkstadion, Hamburg",0,0,0,Lose,Oceania,First and Second Round,First and Second Round,4.090909090909091,-4.090909090909091
235,West Germany,1974,11,4.090909090909091,5.0,12,45,6,6,0.5454545454545454,World Cup 1974,Australia,"Volksparkstadion, Hamburg",3,0,3,Win,Europe,First and Second Round,First and Second Round,0.0,4.090909090909091
236,Chile,1974,11,0.2727272727272727,0.0,3,3,1,0,0.09090909090909091,World Cup 1974,East Germany,"Olympiastadion, Berlin West",1,0,1,Tie,South America,First and Second Round,First and Second Round,0.0,0.2727272727272727
236,East Germany,1974,11,0.0,0.0,0,0,0,0,0.0,World Cup 1974,Chile,"Olympiastadion, Berlin West",1,0,1,Tie,Europe,First and Second Round,First and Second Round,0.2727272727272727,-0.2727272727272727
237,Australia,1974,11,0.0,0.0,0,0,0,0,0.0,World Cup 1974,Chile,"Olympiastadion, Berlin West",0,0,0,Tie,Oceania,First and Second Round,First and Second Round,0.2727272727272727,-0.2727272727272727
237,Chile,1974,11,0.2727272727272727,0.0,3,3,1,0,0.09090909090909091,World Cup 1974,Australia,"Olympiastadion, Berlin West",0,0,0,Tie,South America,First and Second Round,First and Second Round,0.0,0.2727272727272727
238,East Germany,1974,11,0.0,0.0,0,0,0,0,0.0,World Cup 1974,West Germany,"Volksparkstadion, Hamburg",1,0,1,Win,Europe,First and Second Round,First and Second Round,4.090909090909091,-4.090909090909091
238,West Germany,1974,11,4.090909090909091,5.0,12,45,6,6,0.5454545454545454,World Cup 1974,East Germany,"Volksparkstadion, Hamburg",0,0,0,Lose,Europe,First and Second Round,First and Second Round,0.0,4.090909090909091
239,Brazil,1974,11,2.1818181818181817,0.0,9,24,4,3,0.36363636363636365,World Cup 1974,Yugoslavia,"Waldstadion, Frankfurt",0,0,0,Tie,South America,First and Second Round,First and Second Round,0.0,2.1818181818181817
239,Yugoslavia,1974,11,0.0,0.0,0,0,0,0,0.0,World Cup 1974,Brazil,"Waldstadion, Frankfurt",0,0,0,Tie,Europe,First and Second Round,First and Second Round,2.1818181818181817,-2.1818181818181817
240,Scotland,1974,11,0.0,0.0,0,0,0,0,0.0,World Cup 1974,Zaire,"Westfalenstadion, Dortmund",2,0,2,Win,Europe,First and Second Round,First and Second Round,0.0,0.0
240,Zaire,1974,11,0.0,0.0,0,0,0,0,0.0,World Cup 1974,Scotland,"Westfalenstadion, Dortmund",0,0,0,Lose,Africa,First and Second Round,First and Second Round,0.0,0.0
241,Brazil,1974,11,2.1818181818181817,0.0,9,24,4,3,0.36363636363636365,World Cup 1974,Scotland,"Waldstadion, Frankfurt",0,0,0,Tie,South America,First and Second Round,First and Second Round,0.0,2.1818181818181817
241,Scotland,1974,11,0.0,0.0,0,0,0,0,0.0,World Cup 1974,Brazil,"Waldstadion, Frankfurt",0,0,0,Tie,Europe,First and Second Round,First and Second Round,2.1818181818181817,-2.1818181818181817
242,Yugoslavia,1974,11,0.0,0.0,0,0,0,0,0.0,World Cup 1974,Zaire,"Parkstadion, Gelsenkirchen",9,0,9,Win,Europe,First and Second Round,First and Second Round,0.0,0.0
242,Zaire,1974,11,0.0,0.0,0,0,0,0,0.0,World Cup 1974,Yugoslavia,"Parkstadion, Gelsenkirchen",0,0,0,Lose,Africa,First and Second Round,First and Second Round,0.0,0.0
243,Scotland,1974,11,0.0,0.0,0,0,0,0,0.0,World Cup 1974,Yugoslavia,"Waldstadion, Frankfurt",1,0,1,Tie,Europe,First and Second Round,First and Second Round,0.0,0.0
243,Yugoslavia,1974,11,0.0,0.0,0,0,0,0,0.0,World Cup 1974,Scotland,"Waldstadion, Frankfurt",1,0,1,Tie,Europe,First and Second Round,First and Second Round,0.0,0.0
244,Brazil,1974,11,1.9090909090909092,0.0,9,21,4,3,0.36363636363636365,World Cup 1974,Zaire,"Parkstadion, Gelsenkirchen",3,0,3,Win,South America,First and Second Round,First and Second Round,0.0,1.9090909090909092
244,Zaire,1974,11,0.0,0.0,0,0,0,0,0.0,World Cup 1974,Brazil,"Parkstadion, Gelsenkirchen",0,0,0,Lose,Africa,First and Second Round,First and Second Round,1.9090909090909092,-1.9090909090909092
245,Bulgaria,1974,11,1.0,0.0,6,11,3,1,0.2727272727272727,World Cup 1974,Sweden,"Rheinstadion, Düsseldorf",0,0,0,Tie,Europe,First and Second Round,First and Second Round,0.8181818181818182,0.18181818181818177
245,Sweden,1974,11,0.8181818181818182,0.0,3,9,4,0,0.36363636363636365,World Cup 1974,Bulgaria,"Rheinstadion, Düsseldorf",0,0,0,Tie,Europe,First and Second Round,First and Second Round,1.0,-0.18181818181818177
246,Netherlands,1974,11,0.0,0.0,0,0,0,0,0.0,World Cup 1974,Uruguay,"Niedersachsenstadion, Hanover",2,0,2,Win,Europe,First and Second Round,First and Second Round,3.272727272727273,-3.272727272727273
246,Uruguay,1974,11,3.272727272727273,0.0,10,36,5,5,0.45454545454545453,World Cup 1974,Netherlands,"Niedersachsenstadion, Hanover",0,0,0,Lose,South America,First and Second Round,First and Second Round,0.0,3.272727272727273
247,Netherlands,1974,11,0.0,0.0,0,0,0,0,0.0,World Cup 1974,Sweden,"Westfalenstadion, Dortmund",0,0,0,Tie,Europe,First and Second Round,First and Second Round,0.8181818181818182,-0.8181818181818182
247,Sweden,1974,11,0.8181818181818182,0.0,3,9,5,0,0.45454545454545453,World Cup 1974,Netherlands,"Westfalenstadion, Dortmund",0,0,0,Tie,Europe,First and Second Round,First and Second Round,0.0,0.8181818181818182
248,Bulgaria,1974,11,1.0,0.0,6,11,3,1,0.2727272727272727,World Cup 1974,Uruguay,"Niedersachsenstadion, Hanover",1,0,1,Tie,Europe,First and Second Round,First and Second Round,2.090909090909091,-1.0909090909090908
248,Uruguay,1974,11,2.090909090909091,0.0,10,23,3,3,0.2727272727272727,World Cup 1974,Bulgaria,"Niedersachsenstadion, Hanover",1,0,1,Tie,South America,First and Second Round,First and Second Round,1.0,1.0909090909090908
249,Bulgaria,1974,11,0.8181818181818182,0.0,6,9,2,1,0.18181818181818182,World Cup 1974,Netherlands,"Westfalenstadion, Dortmund",1,0,1,Lose,Europe,First and Second Round,First and Second Round,0.0,0.8181818181818182
249,Netherlands,1974,11,0.0,0.0,0,0,0,0,0.0,World Cup 1974,Bulgaria,"Westfalenstadion, Dortmund",4,0,4,Win,Europe,First and Second Round,First and Second Round,0.8181818181818182,-0.8181818181818182
250,Sweden,1974,11,1.2727272727272727,1.0,3,14,6,0,0.5454545454545454,World Cup 1974,Uruguay,"Rheinstadion, Düsseldorf",3,0,3,Win,Europe,First and Second Round,First and Second Round,2.090909090909091,-0.8181818181818181
250,Uruguay,1974,11,2.090909090909091,0.0,10,23,3,3,0.2727272727272727,World Cup 1974,Sweden,"Rheinstadion, Düsseldorf",0,0,0,Lose,South America,First and Second Round,First and Second Round,1.2727272727272727,0.8181818181818181
251,Haiti,1974,11,0.0,0.0,0,0,0,0,0.0,World Cup 1974,Italy,"Olympiastadion, Munich",1,0,1,Lose,North America,First and Second Round,First and Second Round,3.4545454545454546,-3.4545454545454546
251,Italy,1974,11,3.4545454545454546,0.0,9,38,5,5,0.45454545454545453,World Cup 1974,Haiti,"Olympiastadion, Munich",3,0,3,Win,Europe,First and Second Round,First and Second Round,0.0,3.4545454545454546
252,Argentina,1974,11,0.36363636363636365,0.0,4,4,1,0,0.09090909090909091,World Cup 1974,Poland,"Neckarstadion, Stuttgart",2,0,2,Lose,South America,First and Second Round,First and Second Round,0.0,0.36363636363636365
252,Poland,1974,11,0.0,0.0,0,0,0,0,0.0,World Cup 1974,Argentina,"Neckarstadion, Stuttgart",3,0,3,Win,Europe,First and Second Round,First and Second Round,0.36363636363636365,-0.36363636363636365
253,Argentina,1974,11,0.36363636363636365,0.0,4,4,1,0,0.09090909090909091,World Cup 1974,Italy,"Neckarstadion, Stuttgart",1,0,1,Tie,South America,First and Second Round,First and Second Round,3.4545454545454546,-3.090909090909091
253,Italy,1974,11,3.4545454545454546,0.0,9,38,5,5,0.45454545454545453,World Cup 1974,Argentina,"Neckarstadion, Stuttgart",1,0,1,Tie,Europe,First and Second Round,First and Second Round,0.36363636363636365,3.090909090909091
254,Haiti,1974,11,0.0,0.0,0,0,0,0,0.0,World Cup 1974,Poland,"Olympiastadion, Munich",0,0,0,Lose,North America,First and Second Round,First and Second Round,0.0,0.0
254,Poland,1974,11,0.0,0.0,0,0,0,0,0.0,World Cup 1974,Haiti,"Olympiastadion, Munich",7,0,7,Win,Europe,First and Second Round,First and Second Round,0.0,0.0
255,Italy,1974,11,2.3636363636363638,0.0,9,26,3,3,0.2727272727272727,World Cup 1974,Poland,"Neckarstadion, Stuttgart",1,0,1,Lose,Europe,First and Second Round,First and Second Round,0.0,2.3636363636363638
255,Poland,1974,11,0.0,0.0,0,0,0,0,0.0,World Cup 1974,Italy,"Neckarstadion, Stuttgart",2,0,2,Win,Europe,First and Second Round,First and Second Round,2.3636363636363638,-2.3636363636363638
256,Argentina,1974,11,0.36363636363636365,0.0,4,4,1,0,0.09090909090909091,World Cup 1974,Haiti,"Olympiastadion, Munich",4,0,4,Win,South America,First and Second Round,First and Second Round,0.0,0.36363636363636365
256,Haiti,1974,11,0.0,0.0,0,0,0,0,0.0,World Cup 1974,Argentina,"Olympiastadion, Munich",1,0,1,Lose,North America,First and Second Round,First and Second Round,0.36363636363636365,-0.36363636363636365
257,Brazil,1974,11,1.6363636363636365,0.0,9,18,3,2,0.2727272727272727,World Cup 1974,East Germany,"Niedersachsenstadion, Hanover",1,0,1,Win,South America,First and Second Round,First and Second Round,0.0,1.6363636363636365
257,East Germany,1974,11,0.0,0.0,0,0,0,0,0.0,World Cup 1974,Brazil,"Niedersachsenstadion, Hanover",0,0,0,Lose,Europe,First and Second Round,First and Second Round,1.6363636363636365,-1.6363636363636365
258,Argentina,1974,11,0.36363636363636365,0.0,4,4,1,0,0.09090909090909091,World Cup 1974,Netherlands,"Parkstadion, Gelsenkirchen",0,0,0,Lose,South America,First and Second Round,First and Second Round,0.0,0.36363636363636365
258,Netherlands,1974,11,0.0,0.0,0,0,0,0,0.0,World Cup 1974,Argentina,"Parkstadion, Gelsenkirchen",4,0,4,Win,Europe,First and Second Round,First and Second Round,0.36363636363636365,-0.36363636363636365
259,East Germany,1974,11,0.0,0.0,0,0,0,0,0.0,World Cup 1974,Netherlands,"Parkstadion, Gelsenkirchen",0,0,0,Lose,Europe,First and Second Round,First and Second Round,0.0,0.0
259,Netherlands,1974,11,0.0,0.0,0,0,0,0,0.0,World Cup 1974,East Germany,"Parkstadion, Gelsenkirchen",2,0,2,Win,Europe,First and Second Round,First and Second Round,0.0,0.0
260,Argentina,1974,11,0.0,0.0,0,0,0,0,0.0,World Cup 1974,Brazil,"Niedersachsenstadion, Hanover",1,0,1,Lose,South America,First and Second Round,First and Second Round,1.6363636363636365,-1.6363636363636365
260,Brazil,1974,11,1.6363636363636365,0.0,9,18,3,2,0.2727272727272727,World Cup 1974,Argentina,"Niedersachsenstadion, Hanover",2,0,2,Win,South America,First and Second Round,First and Second Round,0.0,1.6363636363636365
261,Argentina,1974,11,0.0,0.0,0,0,0,0,0.0,World Cup 1974,East Germany,"Parkstadion, Gelsenkirchen",1,0,1,Tie,South America,First and Second Round,First and Second Round,0.0,0.0
261,East Germany,1974,11,0.0,0.0,0,0,0,0,0.0,World Cup 1974,Argentina,"Parkstadion, Gelsenkirchen",1,0,1,Tie,Europe,First and Second Round,First and Second Round,0.0,0.0
262,Brazil,1974,11,1.6363636363636365,0.0,9,18,3,2,0.2727272727272727,World Cup 1974,Netherlands,"Westfalenstadion, Dortmund",0,0,0,Lose,South America,First and Second Round,First and Second Round,0.0,1.6363636363636365
262,Netherlands,1974,11,0.0,0.0,0,0,0,0,0.0,World Cup 1974,Brazil,"Westfalenstadion, Dortmund",2,0,2,Win,Europe,First and Second Round,First and Second Round,1.6363636363636365,-1.6363636363636365
263,West Germany,1974,11,3.6363636363636362,0.0,12,40,5,5,0.45454545454545453,World Cup 1974,Yugoslavia,"Rheinstadion, Düsseldorf",2,0,2,Win,Europe,First and Second Round,First and Second Round,0.0,3.6363636363636362
263,Yugoslavia,1974,11,0.0,0.0,0,0,0,0,0.0,World Cup 1974,West Germany,"Rheinstadion, Düsseldorf",0,0,0,Lose,Europe,First and Second Round,First and Second Round,3.6363636363636362,-3.6363636363636362
264,Poland,1974,11,0.0,0.0,0,0,0,0,0.0,World Cup 1974,Sweden,"Neckarstadion, Stuttgart",1,0,1,Win,Europe,First and Second Round,First and Second Round,1.0,-1.0
264,Sweden,1974,11,1.0,0.0,3,11,5,0,0.45454545454545453,World Cup 1974,Poland,"Neckarstadion, Stuttgart",0,0,0,Lose,Europe,First and Second Round,First and Second Round,0.0,1.0
265,Poland,1974,11,0.0,0.0,0,0,0,0,0.0,World Cup 1974,Yugoslavia,"Waldstadion, Frankfurt",2,0,2,Win,Europe,First and Second Round,First and Second Round,0.0,0.0
265,Yugoslavia,1974,11,0.0,0.0,0,0,0,0,0.0,World Cup 1974,Poland,"Waldstadion, Frankfurt",1,0,1,Lose,Europe,First and Second Round,First and Second Round,0.0,0.0
266,Sweden,1974,11,0.7272727272727273,0.0,3,8,4,0,0.36363636363636365,World Cup 1974,West Germany,"Rheinstadion, Düsseldorf",2,0,2,Lose,Europe,First and Second Round,First and Second Round,3.6363636363636362,-2.909090909090909
266,West Germany,1974,11,3.6363636363636362,0.0,12,40,5,5,0.45454545454545453,World Cup 1974,Sweden,"Rheinstadion, Düsseldorf",4,0,4,Win,Europe,First and Second Round,First and Second Round,0.7272727272727273,2.909090909090909
267,Poland,1974,11,0.0,0.0,0,0,0,0,0.0,World Cup 1974,West Germany,"Waldstadion, Frankfurt",0,0,0,Lose,Europe,First and Second Round,First and Second Round,4.090909090909091,-4.090909090909091
267,West Germany,1974,11,4.090909090909091,5.0,12,45,6,6,0.5454545454545454,World Cup 1974,Poland,"Waldstadion, Frankfurt",1,0,1,Win,Europe,First and Second Round,First and Second Round,0.0,4.090909090909091
268,Sweden,1974,11,0.6363636363636364,0.0,2,7,4,0,0.36363636363636365,World Cup 1974,Yugoslavia,"Rheinstadion, Düsseldorf",2,0,2,Win,Europe,First and Second Round,First and Second Round,0.0,0.6363636363636364
268,Yugoslavia,1974,11,0.0,0.0,0,0,0,0,0.0,World Cup 1974,Sweden,"Rheinstadion, Düsseldorf",1,0,1,Lose,Europe,First and Second Round,First and Second Round,0.6363636363636364,-0.6363636363636364
269,Brazil,1974,11,1.2727272727272727,0.0,9,14,2,2,0.18181818181818182,World Cup 1974,Poland,"Olympiastadion, Munich",0,0,0,Lose,South America,Final,Final - 3rd,0.0,1.2727272727272727
269,Poland,1974,11,0.0,0.0,0,0,0,0,0.0,World Cup 1974,Brazil,"Olympiastadion, Munich",1,0,1,Win,Europe,Final,Final - 3rd,1.2727272727272727,-1.2727272727272727
270,Netherlands,1974,11,0.0,0.0,0,0,0,0,0.0,World Cup 1974,West Germany,"Olympiastadion, Munich",1,0,1,Lose,Europe,Final,Final - 1st,4.090909090909091,-4.090909090909091
270,West Germany,1974,11,4.090909090909091,5.0,12,45,6,6,0.5454545454545454,World Cup 1974,Netherlands,"Olympiastadion, Munich",2,0,2,Win,Europe,Final,Final - 1st,0.0,4.090909090909091
271,France,1978,11,0.0,0.0,0,0,0,0,0.0,World Cup 1978,Italy,"Estadio José María Minella, Mar del Plata",1,0,1,Lose,Europe,First and Second Round,First and Second Round,0.7272727272727273,-0.7272727272727273
271,Italy,1978,11,0.7272727272727273,0.0,3,8,3,0,0.2727272727272727,World Cup 1978,France,"Estadio José María Minella, Mar del Plata",2,0,2,Win,Europe,First and Second Round,First and Second Round,0.0,0.7272727272727273
272,Argentina,1978,11,1.1818181818181819,0.0,6,13,3,2,0.2727272727272727,World Cup 1978,Hungary,"El Monumental, Buenos Aires",2,0,2,Win,South America,First and Second Round,First and Second Round,0.0,1.1818181818181819
272,Hungary,1978,11,0.0,0.0,0,0,0,0,0.0,World Cup 1978,Argentina,"El Monumental, Buenos Aires",1,0,1,Lose,Europe,First and Second Round,First and Second Round,1.1818181818181819,-1.1818181818181819
273,Hungary,1978,11,0.0,0.0,0,0,0,0,0.0,World Cup 1978,Italy,"Estadio José María Minella, Mar del Plata",1,0,1,Lose,Europe,First and Second Round,First and Second Round,0.7272727272727273,-0.7272727272727273
273,Italy,1978,11,0.7272727272727273,0.0,3,8,3,0,0.2727272727272727,World Cup 1978,Hungary,"Estadio José María Minella, Mar del Plata",3,0,3,Win,Europe,First and Second Round,First and Second Round,0.0,0.7272727272727273
274,Argentina,1978,11,1.1818181818181819,0.0,6,13,3,2,0.2727272727272727,World Cup 1978,France,"El Monumental, Buenos Aires",2,0,2,Win,South America,First and Second Round,First and Second Round,0.0,1.1818181818181819
274,France,1978,11,0.0,0.0,0,0,0,0,0.0,World Cup 1978,Argentina,"El Monumental, Buenos Aires",1,0,1,Lose,Europe,First and Second Round,First and Second Round,1.1818181818181819,-1.1818181818181819
275,France,1978,11,0.0,0.0,0,0,0,0,0.0,World Cup 1978,Hungary,"Estadio José María Minella, Mar del Plata",3,0,3,Win,Europe,First and Second Round,First and Second Round,0.0,0.0
275,Hungary,1978,11,0.0,0.0,0,0,0,0,0.0,World Cup 1978,France,"Estadio José María Minella, Mar del Plata",1,0,1,Lose,Europe,First and Second Round,First and Second Round,0.0,0.0
276,Argentina,1978,11,0.6363636363636364,0.0,6,7,2,1,0.18181818181818182,World Cup 1978,Italy,"El Monumental, Buenos Aires",0,0,0,Lose,South America,First and Second Round,First and Second Round,0.7272727272727273,-0.09090909090909094
276,Italy,1978,11,0.7272727272727273,0.0,3,8,3,0,0.2727272727272727,World Cup 1978,Argentina,"El Monumental, Buenos Aires",1,0,1,Win,Europe,First and Second Round,First and Second Round,0.6363636363636364,0.09090909090909094
277,Poland,1978,11,4.363636363636363,7.0,7,48,7,7,0.6363636363636364,World Cup 1978,West Germany,"El Monumental, Buenos Aires",0,0,0,Tie,Europe,First and Second Round,First and Second Round,2.909090909090909,1.4545454545454541
277,West Germany,1978,11,2.909090909090909,0.0,13,32,4,2,0.36363636363636365,World Cup 1978,Poland,"El Monumental, Buenos Aires",0,0,0,Tie,Europe,First and Second Round,First and Second Round,4.363636363636363,-1.4545454545454541
278,Mexico,1978,11,0.0,0.0,0,0,0,0,0.0,World Cup 1978,Tunisia,"Arroyito, Rosario",1,0,1,Lose,North America,First and Second Round,First and Second Round,0.0,0.0
278,Tunisia,1978,11,0.0,0.0,0,0,0,0,0.0,World Cup 1978,Mexico,"Arroyito, Rosario",3,0,3,Win,Africa,First and Second Round,First and Second Round,0.0,0.0
279,Poland,1978,11,5.0,7.0,7,55,8,8,0.7272727272727273,World Cup 1978,Tunisia,"Arroyito, Rosario",1,0,1,Win,Europe,First and Second Round,First and Second Round,0.0,5.0
279,Tunisia,1978,11,0.0,0.0,0,0,0,0,0.0,World Cup 1978,Poland,"Arroyito, Rosario",0,0,0,Lose,Africa,First and Second Round,First and Second Round,5.0,-5.0
280,Mexico,1978,11,0.0,0.0,0,0,0,0,0.0,World Cup 1978,West Germany,"Estadio Mario Alberto Kempes, Córdoba",0,0,0,Lose,North America,First and Second Round,First and Second Round,2.909090909090909,-2.909090909090909
280,West Germany,1978,11,2.909090909090909,0.0,13,32,4,2,0.36363636363636365,World Cup 1978,Mexico,"Estadio Mario Alberto Kempes, Córdoba",6,0,6,Win,Europe,First and Second Round,First and Second Round,0.0,2.909090909090909
281,Tunisia,1978,11,0.0,0.0,0,0,0,0,0.0,World Cup 1978,West Germany,"Estadio Mario Alberto Kempes, Córdoba",0,0,0,Tie,Africa,First and Second Round,First and Second Round,2.909090909090909,-2.909090909090909
281,West Germany,1978,11,2.909090909090909,0.0,13,32,4,2,0.36363636363636365,World Cup 1978,Tunisia,"Estadio Mario Alberto Kempes, Córdoba",0,0,0,Tie,Europe,First and Second Round,First and Second Round,0.0,2.909090909090909
282,Mexico,1978,11,0.0,0.0,0,0,0,0,0.0,World Cup 1978,Poland,"Arroyito, Rosario",1,0,1,Lose,North America,First and Second Round,First and Second Round,4.454545454545454,-4.454545454545454
282,Poland,1978,11,4.454545454545454,7.0,7,49,7,7,0.6363636363636364,World Cup 1978,Mexico,"Arroyito, Rosario",3,0,3,Win,Europe,First and Second Round,First and Second Round,0.0,4.454545454545454
283,Brazil,1978,11,1.7272727272727273,0.0,12,19,2,2,0.18181818181818182,World Cup 1978,Sweden,"Estadio José María Minella, Mar del Plata",1,0,1,Tie,South America,First and Second Round,First and Second Round,2.4545454545454546,-0.7272727272727273
283,Sweden,1978,11,2.4545454545454546,0.0,8,27,4,4,0.36363636363636365,World Cup 1978,Brazil,"Estadio José María Minella, Mar del Plata",1,0,1,Tie,Europe,First and Second Round,First and Second Round,1.7272727272727273,0.7272727272727273
284,Austria,1978,11,0.0,0.0,0,0,0,0,0.0,World Cup 1978,Spain,"Estadio Jose Amalfitani, Buenos Aires",2,0,2,Win,Europe,First and Second Round,First and Second Round,0.18181818181818182,-0.18181818181818182
284,Spain,1978,11,0.18181818181818182,0.0,2,2,1,0,0.09090909090909091,World Cup 1978,Austria,"Estadio Jose Amalfitani, Buenos Aires",1,0,1,Lose,Europe,First and Second Round,First and Second Round,0.0,0.18181818181818182
285,Brazil,1978,11,1.2727272727272727,0.0,7,14,3,1,0.2727272727272727,World Cup 1978,Spain,"Estadio José María Minella, Mar del Plata",0,0,0,Tie,South America,First and Second Round,First and Second Round,0.0,1.2727272727272727
285,Spain,1978,11,0.0,0.0,0,0,0,0,0.0,World Cup 1978,Brazil,"Estadio José María Minella, Mar del Plata",0,0,0,Tie,Europe,First and Second Round,First and Second Round,1.2727272727272727,-1.2727272727272727
286,Austria,1978,11,0.0,0.0,0,0,0,0,0.0,World Cup 1978,Sweden,"Estadio Jose Amalfitani, Buenos Aires",1,0,1,Win,Europe,First and Second Round,First and Second Round,2.4545454545454546,-2.4545454545454546
286,Sweden,1978,11,2.4545454545454546,0.0,8,27,4,4,0.36363636363636365,World Cup 1978,Austria,"Estadio Jose Amalfitani, Buenos Aires",0,0,0,Lose,Europe,First and Second Round,First and Second Round,0.0,2.4545454545454546
287,Austria,1978,11,0.0,0.0,0,0,0,0,0.0,World Cup 1978,Brazil,"Estadio José María Minella, Mar del Plata",0,0,0,Lose,Europe,First and Second Round,First and Second Round,1.0,-1.0
287,Brazil,1978,11,1.0,0.0,7,11,2,1,0.18181818181818182,World Cup 1978,Austria,"Estadio José María Minella, Mar del Plata",1,0,1,Win,South America,First and Second Round,First and Second Round,0.0,1.0
288,Spain,1978,11,0.0,0.0,0,0,0,0,0.0,World Cup 1978,Sweden,"Estadio Jose Amalfitani, Buenos Aires",1,0,1,Win,Europe,First and Second Round,First and Second Round,2.5454545454545454,-2.5454545454545454
288,Sweden,1978,11,2.5454545454545454,0.0,8,28,4,4,0.36363636363636365,World Cup 1978,Spain,"Estadio Jose Amalfitani, Buenos Aires",0,0,0,Lose,Europe,First and Second Round,First and Second Round,0.0,2.5454545454545454
289,Iran,1978,11,0.0,0.0,0,0,0,0,0.0,World Cup 1978,Netherlands,"Estadio Libertador General San Martín, Mendoza",0,0,0,Lose,Asia,First and Second Round,First and Second Round,5.7272727272727275,-5.7272727272727275
289,Netherlands,1978,11,5.7272727272727275,7.0,7,63,10,9,0.9090909090909091,World Cup 1978,Iran,"Estadio Libertador General San Martín, Mendoza",3,0,3,Win,Europe,First and Second Round,First and Second Round,0.0,5.7272727272727275
290,Peru,1978,11,0.7272727272727273,0.0,4,8,2,0,0.18181818181818182,World Cup 1978,Scotland,"Estadio Mario Alberto Kempes, Córdoba",3,0,3,Win,South America,First and Second Round,First and Second Round,0.7272727272727273,0.0
290,Scotland,1978,11,0.7272727272727273,0.0,3,8,3,0,0.2727272727272727,World Cup 1978,Peru,"Estadio Mario Alberto Kempes, Córdoba",1,0,1,Lose,Europe,First and Second Round,First and Second Round,0.7272727272727273,0.0
291,Iran,1978,11,0.0,0.0,0,0,0,0,0.0,World Cup 1978,Scotland,"Estadio Mario Alberto Kempes, Córdoba",1,0,1,Tie,Asia,First and Second Round,First and Second Round,1.0,-1.0
291,Scotland,1978,11,1.0,0.0,3,11,4,0,0.36363636363636365,World Cup 1978,Iran,"Estadio Mario Alberto Kempes, Córdoba",1,0,1,Tie,Europe,First and Second Round,First and Second Round,0.0,1.0
292,Netherlands,1978,11,5.090909090909091,7.0,7,56,9,8,0.8181818181818182,World Cup 1978,Peru,"Estadio Libertador General San Martín, Mendoza",0,0,0,Tie,Europe,First and Second Round,First and Second Round,0.7272727272727273,4.363636363636363
292,Peru,1978,11,0.7272727272727273,0.0,4,8,2,0,0.18181818181818182,World Cup 1978,Netherlands,"Estadio Libertador General San Martín, Mendoza",0,0,0,Tie,South America,First and Second Round,First and Second Round,5.090909090909091,-4.363636363636363
293,Netherlands,1978,11,5.090909090909091,7.0,7,56,9,8,0.8181818181818182,World Cup 1978,Scotland,"Estadio Libertador General San Martín, Mendoza",2,0,2,Lose,Europe,First and Second Round,First and Second Round,0.7272727272727273,4.363636363636363
293,Scotland,1978,11,0.7272727272727273,0.0,3,8,3,0,0.2727272727272727,World Cup 1978,Netherlands,"Estadio Libertador General San Martín, Mendoza",3,0,3,Win,Europe,First and Second Round,First and Second Round,5.090909090909091,-4.363636363636363
294,Iran,1978,11,0.0,0.0,0,0,0,0,0.0,World Cup 1978,Peru,"Estadio Mario Alberto Kempes, Córdoba",1,0,1,Lose,Asia,First and Second Round,First and Second Round,0.7272727272727273,-0.7272727272727273
294,Peru,1978,11,0.7272727272727273,0.0,4,8,2,0,0.18181818181818182,World Cup 1978,Iran,"Estadio Mario Alberto Kempes, Córdoba",4,0,4,Win,South America,First and Second Round,First and Second Round,0.0,0.7272727272727273
295,Austria,1978,11,0.0,0.0,0,0,0,0,0.0,World Cup 1978,Netherlands,"Estadio Mario Alberto Kempes, Córdoba",1,0,1,Lose,Europe,First and Second Round,First and Second Round,3.1818181818181817,-3.1818181818181817
295,Netherlands,1978,11,3.1818181818181817,1.0,7,35,6,5,0.5454545454545454,World Cup 1978,Austria,"Estadio Mario Alberto Kempes, Córdoba",5,0,5,Win,Europe,First and Second Round,First and Second Round,0.0,3.1818181818181817
296,Italy,1978,11,0.7272727272727273,0.0,3,8,3,0,0.2727272727272727,World Cup 1978,West Germany,"El Monumental, Buenos Aires",0,0,0,Tie,Europe,First and Second Round,First and Second Round,3.4545454545454546,-2.7272727272727275
296,West Germany,1978,11,3.4545454545454546,0.0,13,38,5,3,0.45454545454545453,World Cup 1978,Italy,"El Monumental, Buenos Aires",0,0,0,Tie,Europe,First and Second Round,First and Second Round,0.7272727272727273,2.7272727272727275
297,Netherlands,1978,11,3.1818181818181817,1.0,7,35,6,5,0.5454545454545454,World Cup 1978,West Germany,"Estadio Mario Alberto Kempes, Córdoba",2,0,2,Tie,Europe,First and Second Round,First and Second Round,3.1818181818181817,0.0
297,West Germany,1978,11,3.1818181818181817,0.0,13,35,4,3,0.36363636363636365,World Cup 1978,Netherlands,"Estadio Mario Alberto Kempes, Córdoba",2,0,2,Tie,Europe,First and Second Round,First and Second Round,3.1818181818181817,0.0
298,Austria,1978,11,0.0,0.0,0,0,0,0,0.0,World Cup 1978,Italy,"El Monumental, Buenos Aires",0,0,0,Lose,Europe,First and Second Round,First and Second Round,0.7272727272727273,-0.7272727272727273
298,Italy,1978,11,0.7272727272727273,0.0,3,8,3,0,0.2727272727272727,World Cup 1978,Austria,"El Monumental, Buenos Aires",1,0,1,Win,Europe,First and Second Round,First and Second Round,0.0,0.7272727272727273
299,Italy,1978,11,0.7272727272727273,0.0,3,8,3,0,0.2727272727272727,World Cup 1978,Netherlands,"El Monumental, Buenos Aires",1,0,1,Lose,Europe,First and Second Round,First and Second Round,3.8181818181818183,-3.090909090909091
299,Netherlands,1978,11,3.8181818181818183,6.0,7,42,7,6,0.6363636363636364,World Cup 1978,Italy,"El Monumental, Buenos Aires",2,0,2,Win,Europe,First and Second Round,First and Second Round,0.7272727272727273,3.090909090909091
300,Austria,1978,11,0.0,0.0,0,0,0,0,0.0,World Cup 1978,West Germany,"Estadio Mario Alberto Kempes, Córdoba",3,0,3,Win,Europe,First and Second Round,First and Second Round,3.1818181818181817,-3.1818181818181817
300,West Germany,1978,11,3.1818181818181817,0.0,13,35,4,3,0.36363636363636365,World Cup 1978,Austria,"Estadio Mario Alberto Kempes, Córdoba",2,0,2,Lose,Europe,First and Second Round,First and Second Round,0.0,3.1818181818181817
301,Brazil,1978,11,1.0,0.0,7,11,2,1,0.18181818181818182,World Cup 1978,Peru,"Estadio Libertador General San Martín, Mendoza",3,0,3,Win,South America,First and Second Round,First and Second Round,0.7272727272727273,0.2727272727272727
301,Peru,1978,11,0.7272727272727273,0.0,4,8,2,0,0.18181818181818182,World Cup 1978,Brazil,"Estadio Libertador General San Martín, Mendoza",0,0,0,Lose,South America,First and Second Round,First and Second Round,1.0,-0.2727272727272727
302,Argentina,1978,11,1.1818181818181819,0.0,6,13,3,2,0.2727272727272727,World Cup 1978,Poland,"Arroyito, Rosario",2,0,2,Win,South America,First and Second Round,First and Second Round,4.363636363636363,-3.1818181818181817
302,Poland,1978,11,4.363636363636363,7.0,7,48,7,7,0.6363636363636364,World Cup 1978,Argentina,"Arroyito, Rosario",0,0,0,Lose,Europe,First and Second Round,First and Second Round,1.1818181818181819,3.1818181818181817
303,Peru,1978,11,0.7272727272727273,0.0,4,8,2,0,0.18181818181818182,World Cup 1978,Poland,"Estadio Libertador General San Martín, Mendoza",0,0,0,Lose,South America,First and Second Round,First and Second Round,3.727272727272727,-3.0
303,Poland,1978,11,3.727272727272727,6.0,7,41,6,6,0.5454545454545454,World Cup 1978,Peru,"Estadio Libertador General San Martín, Mendoza",1,0,1,Win,Europe,First and Second Round,First and Second Round,0.7272727272727273,3.0
304,Argentina,1978,11,0.6363636363636364,0.0,6,7,2,1,0.18181818181818182,World Cup 1978,Brazil,"Arroyito, Rosario",0,0,0,Tie,South America,First and Second Round,First and Second Round,1.0,-0.36363636363636365
304,Brazil,1978,11,1.0,0.0,7,11,2,1,0.18181818181818182,World Cup 1978,Argentina,"Arroyito, Rosario",0,0,0,Tie,South America,First and Second Round,First and Second Round,0.6363636363636364,0.36363636363636365
305,Brazil,1978,11,1.2727272727272727,0.0,7,14,3,1,0.2727272727272727,World Cup 1978,Poland,"Estadio Libertador General San Martín, Mendoza",3,0,3,Win,South America,First and Second Round,First and Second Round,4.363636363636363,-3.090909090909091
305,Poland,1978,11,4.363636363636363,7.0,7,48,7,7,0.6363636363636364,World Cup 1978,Brazil,"Estadio Libertador General San Martín, Mendoza",1,0,1,Lose,Europe,First and Second Round,First and Second Round,1.2727272727272727,3.090909090909091
306,Argentina,1978,11,0.6363636363636364,0.0,6,7,2,1,0.18181818181818182,World Cup 1978,Peru,"Arroyito, Rosario",6,0,6,Win,South America,First and Second Round,First and Second Round,0.7272727272727273,-0.09090909090909094
306,Peru,1978,11,0.7272727272727273,0.0,4,8,2,0,0.18181818181818182,World Cup 1978,Argentina,"Arroyito, Rosario",0,0,0,Lose,South America,First and Second Round,First and Second Round,0.6363636363636364,0.09090909090909094
307,Brazil,1978,11,1.2727272727272727,0.0,7,14,3,1,0.2727272727272727,World Cup 1978,Italy,"El Monumental, Buenos Aires",2,0,2,Win,South America,Final,Final - 3rd,0.45454545454545453,0.8181818181818181
307,Italy,1978,11,0.45454545454545453,0.0,3,5,2,0,0.18181818181818182,World Cup 1978,Brazil,"El Monumental, Buenos Aires",1,0,1,Lose,Europe,Final,Final - 3rd,1.2727272727272727,-0.8181818181818181
308,Argentina,1978,11,0.6363636363636364,0.0,6,7,2,1,0.18181818181818182,World Cup 1978,Netherlands,"El Monumental, Buenos Aires",3,0,3,Win,South America,Final,Final - 1st,4.454545454545454,-3.818181818181818
308,Netherlands,1978,11,4.454545454545454,7.0,7,49,8,7,0.7272727272727273,World Cup 1978,Argentina,"El Monumental, Buenos Aires",1,0,1,Lose,Europe,Final,Final - 1st,0.6363636363636364,3.818181818181818
309,Italy,1982,11,4.7272727272727275,6.0,10,52,8,7,0.7272727272727273,World Cup 1982,Poland,"Estadio Municipal de Balaídos, Vigo",0,0,0,Tie,Europe,First and Second Round,First and Second Round,3.090909090909091,1.6363636363636367
309,Poland,1982,11,3.090909090909091,0.0,13,34,4,3,0.36363636363636365,World Cup 1982,Italy,"Estadio Municipal de Balaídos, Vigo",0,0,0,Tie,Europe,First and Second Round,First and Second Round,4.7272727272727275,-1.6363636363636367
310,Cameroon,1982,11,0.0,0.0,0,0,0,0,0.0,World Cup 1982,Peru,"Estadio Municipal de Riazor, A Coruña",0,0,0,Tie,Africa,First and Second Round,First and Second Round,4.0,-4.0
310,Peru,1982,11,4.0,5.0,10,44,8,6,0.7272727272727273,World Cup 1982,Cameroon,"Estadio Municipal de Riazor, A Coruña",0,0,0,Tie,South America,First and Second Round,First and Second Round,0.0,4.0
311,Italy,1982,11,4.7272727272727275,6.0,10,52,8,7,0.7272727272727273,World Cup 1982,Peru,"Estadio Municipal de Balaídos, Vigo",1,0,1,Tie,Europe,First and Second Round,First and Second Round,3.909090909090909,0.8181818181818183
311,Peru,1982,11,3.909090909090909,5.0,10,43,7,6,0.6363636363636364,World Cup 1982,Italy,"Estadio Municipal de Balaídos, Vigo",1,0,1,Tie,South America,First and Second Round,First and Second Round,4.7272727272727275,-0.8181818181818183
312,Cameroon,1982,11,0.0,0.0,0,0,0,0,0.0,World Cup 1982,Poland,"Estadio Municipal de Riazor, A Coruña",0,0,0,Tie,Africa,First and Second Round,First and Second Round,3.090909090909091,-3.090909090909091
312,Poland,1982,11,3.090909090909091,0.0,13,34,4,3,0.36363636363636365,World Cup 1982,Cameroon,"Estadio Municipal de Riazor, A Coruña",0,0,0,Tie,Europe,First and Second Round,First and Second Round,0.0,3.090909090909091
313,Peru,1982,11,4.454545454545454,5.0,10,49,9,7,0.8181818181818182,World Cup 1982,Poland,"Estadio Municipal de Riazor, A Coruña",1,0,1,Lose,South America,First and Second Round,First and Second Round,2.909090909090909,1.545454545454545
313,Poland,1982,11,2.909090909090909,0.0,13,32,3,3,0.2727272727272727,World Cup 1982,Peru,"Estadio Municipal de Riazor, A Coruña",5,0,5,Win,Europe,First and Second Round,First and Second Round,4.454545454545454,-1.545454545454545
314,Cameroon,1982,11,0.0,0.0,0,0,0,0,0.0,World Cup 1982,Italy,"Estadio Municipal de Balaídos, Vigo",1,0,1,Tie,Africa,First and Second Round,First and Second Round,4.7272727272727275,-4.7272727272727275
314,Italy,1982,11,4.7272727272727275,6.0,10,52,8,7,0.7272727272727273,World Cup 1982,Cameroon,"Estadio Municipal de Balaídos, Vigo",1,0,1,Tie,Europe,First and Second Round,First and Second Round,0.0,4.7272727272727275
315,Algeria,1982,11,0.0,0.0,0,0,0,0,0.0,World Cup 1982,West Germany,"El Molinon, Gijón",2,0,2,Win,Africa,First and Second Round,First and Second Round,1.6363636363636365,-1.6363636363636365
315,West Germany,1982,11,1.6363636363636365,0.0,7,18,3,3,0.2727272727272727,World Cup 1982,Algeria,"El Molinon, Gijón",1,0,1,Lose,Europe,First and Second Round,First and Second Round,0.0,1.6363636363636365
316,Austria,1982,11,3.272727272727273,3.0,6,36,7,5,0.6363636363636364,World Cup 1982,Chile,"Carlos Tartiere, Oviedo",1,0,1,Win,Europe,First and Second Round,First and Second Round,0.7272727272727273,2.545454545454546
316,Chile,1982,11,0.7272727272727273,0.0,6,8,2,1,0.18181818181818182,World Cup 1982,Austria,"Carlos Tartiere, Oviedo",0,0,0,Lose,South America,First and Second Round,First and Second Round,3.272727272727273,-2.545454545454546
317,Chile,1982,11,0.5454545454545454,0.0,6,6,1,1,0.09090909090909091,World Cup 1982,West Germany,"El Molinon, Gijón",1,0,1,Lose,South America,First and Second Round,First and Second Round,1.6363636363636365,-1.090909090909091
317,West Germany,1982,11,1.6363636363636365,0.0,7,18,3,3,0.2727272727272727,World Cup 1982,Chile,"El Molinon, Gijón",4,0,4,Win,Europe,First and Second Round,First and Second Round,0.5454545454545454,1.090909090909091
318,Algeria,1982,11,0.0,0.0,0,0,0,0,0.0,World Cup 1982,Austria,"Carlos Tartiere, Oviedo",0,0,0,Lose,Africa,First and Second Round,First and Second Round,3.0,-3.0
318,Austria,1982,11,3.0,3.0,6,33,6,5,0.5454545454545454,World Cup 1982,Algeria,"Carlos Tartiere, Oviedo",2,0,2,Win,Europe,First and Second Round,First and Second Round,0.0,3.0
319,Algeria,1982,11,0.0,0.0,0,0,0,0,0.0,World Cup 1982,Chile,"Carlos Tartiere, Oviedo",3,0,3,Win,Africa,First and Second Round,First and Second Round,0.7272727272727273,-0.7272727272727273
319,Chile,1982,11,0.7272727272727273,0.0,6,8,2,1,0.18181818181818182,World Cup 1982,Algeria,"Carlos Tartiere, Oviedo",2,0,2,Lose,South America,First and Second Round,First and Second Round,0.0,0.7272727272727273
320,Austria,1982,11,3.272727272727273,3.0,6,36,7,5,0.6363636363636364,World Cup 1982,West Germany,"El Molinon, Gijón",0,0,0,Lose,Europe,First and Second Round,First and Second Round,1.6363636363636365,1.6363636363636365
320,West Germany,1982,11,1.6363636363636365,0.0,7,18,3,3,0.2727272727272727,World Cup 1982,Austria,"El Molinon, Gijón",1,0,1,Win,Europe,First and Second Round,First and Second Round,3.272727272727273,-1.6363636363636365
321,Argentina,1982,11,6.181818181818182,7.0,13,68,9,9,0.8181818181818182,World Cup 1982,Belgium,"Camp Nou, Barcelona",0,0,0,Lose,South America,First and Second Round,First and Second Round,0.0,6.181818181818182
321,Belgium,1982,11,0.0,0.0,0,0,0,0,0.0,World Cup 1982,Argentina,"Camp Nou, Barcelona",1,0,1,Win,Europe,First and Second Round,First and Second Round,6.181818181818182,-6.181818181818182
322,El Salvador,1982,11,0.0,0.0,0,0,0,0,0.0,World Cup 1982,Hungary,"Nuevo Estadio, Elche",1,0,1,Lose,North America,First and Second Round,First and Second Round,1.1818181818181819,-1.1818181818181819
322,Hungary,1982,11,1.1818181818181819,1.0,3,13,7,0,0.6363636363636364,World Cup 1982,El Salvador,"Nuevo Estadio, Elche",10,0,10,Win,Europe,First and Second Round,First and Second Round,0.0,1.1818181818181819
323,Argentina,1982,11,6.181818181818182,7.0,13,68,9,9,0.8181818181818182,World Cup 1982,Hungary,"Estadio José Rico Pérez, Alicante",4,0,4,Win,South America,First and Second Round,First and Second Round,0.9090909090909091,5.2727272727272725
323,Hungary,1982,11,0.9090909090909091,0.0,3,10,5,0,0.45454545454545453,World Cup 1982,Argentina,"Estadio José Rico Pérez, Alicante",1,0,1,Lose,Europe,First and Second Round,First and Second Round,6.181818181818182,-5.2727272727272725
324,Belgium,1982,11,0.0,0.0,0,0,0,0,0.0,World Cup 1982,El Salvador,"Nuevo Estadio, Elche",1,0,1,Win,Europe,First and Second Round,First and Second Round,0.0,0.0
324,El Salvador,1982,11,0.0,0.0,0,0,0,0,0.0,World Cup 1982,Belgium,"Nuevo Estadio, Elche",0,0,0,Lose,North America,First and Second Round,First and Second Round,0.0,0.0
325,Belgium,1982,11,0.0,0.0,0,0,0,0,0.0,World Cup 1982,Hungary,"Nuevo Estadio, Elche",1,0,1,Tie,Europe,First and Second Round,First and Second Round,0.8181818181818182,-0.8181818181818182
325,Hungary,1982,11,0.8181818181818182,0.0,3,9,5,0,0.45454545454545453,World Cup 1982,Belgium,"Nuevo Estadio, Elche",1,0,1,Tie,Europe,First and Second Round,First and Second Round,0.0,0.8181818181818182
326,Argentina,1982,11,6.181818181818182,7.0,13,68,9,9,0.8181818181818182,World Cup 1982,El Salvador,"Estadio José Rico Pérez, Alicante",2,0,2,Win,South America,First and Second Round,First and Second Round,0.0,6.181818181818182
326,El Salvador,1982,11,0.0,0.0,0,0,0,0,0.0,World Cup 1982,Argentina,"Estadio José Rico Pérez, Alicante",0,0,0,Lose,North America,First and Second Round,First and Second Round,6.181818181818182,-6.181818181818182
327,England,1982,11,0.0,0.0,0,0,0,0,0.0,World Cup 1982,France,"San Mames, Bilbao",3,0,3,Win,Europe,First and Second Round,First and Second Round,1.1818181818181819,-1.1818181818181819
327,France,1982,11,1.1818181818181819,1.0,3,13,6,0,0.5454545454545454,World Cup 1982,England,"San Mames, Bilbao",1,0,1,Lose,Europe,First and Second Round,First and Second Round,0.0,1.1818181818181819
328,Czechoslovakia,1982,11,0.0,0.0,0,0,0,0,0.0,World Cup 1982,Kuwait,"Jose Zorrilla, Valladolid",1,0,1,Tie,Europe,First and Second Round,First and Second Round,0.0,0.0
328,Kuwait,1982,11,0.0,0.0,0,0,0,0,0.0,World Cup 1982,Czechoslovakia,"Jose Zorrilla, Valladolid",1,0,1,Tie,Asia,First and Second Round,First and Second Round,0.0,0.0
329,Czechoslovakia,1982,11,0.0,0.0,0,0,0,0,0.0,World Cup 1982,England,"San Mames, Bilbao",0,0,0,Lose,Europe,First and Second Round,First and Second Round,0.0,0.0
329,England,1982,11,0.0,0.0,0,0,0,0,0.0,World Cup 1982,Czechoslovakia,"San Mames, Bilbao",2,0,2,Win,Europe,First and Second Round,First and Second Round,0.0,0.0
330,France,1982,11,1.3636363636363635,2.0,3,15,6,0,0.5454545454545454,World Cup 1982,Kuwait,"Jose Zorrilla, Valladolid",4,0,4,Win,Europe,First and Second Round,First and Second Round,0.0,1.3636363636363635
330,Kuwait,1982,11,0.0,0.0,0,0,0,0,0.0,World Cup 1982,France,"Jose Zorrilla, Valladolid",1,0,1,Lose,Asia,First and Second Round,First and Second Round,1.3636363636363635,-1.3636363636363635
331,Czechoslovakia,1982,11,0.0,0.0,0,0,0,0,0.0,World Cup 1982,France,"Jose Zorrilla, Valladolid",1,0,1,Tie,Europe,First and Second Round,First and Second Round,1.3636363636363635,-1.3636363636363635
331,France,1982,11,1.3636363636363635,2.0,3,15,6,0,0.5454545454545454,World Cup 1982,Czechoslovakia,"Jose Zorrilla, Valladolid",1,0,1,Tie,Europe,First and Second Round,First and Second Round,0.0,1.3636363636363635
332,England,1982,11,0.0,0.0,0,0,0,0,0.0,World Cup 1982,Kuwait,"San Mames, Bilbao",1,0,1,Win,Europe,First and Second Round,First and Second Round,0.0,0.0
332,Kuwait,1982,11,0.0,0.0,0,0,0,0,0.0,World Cup 1982,England,"San Mames, Bilbao",0,0,0,Lose,Asia,First and Second Round,First and Second Round,0.0,0.0
333,Honduras,1982,11,0.36363636363636365,0.0,4,4,1,0,0.09090909090909091,World Cup 1982,Spain,"Luis Casanova, Valencia",1,0,1,Tie,North America,First and Second Round,First and Second Round,0.18181818181818182,0.18181818181818182
333,Spain,1982,11,0.18181818181818182,0.0,2,2,1,0,0.09090909090909091,World Cup 1982,Honduras,"Luis Casanova, Valencia",1,0,1,Tie,Europe,First and Second Round,First and Second Round,0.36363636363636365,-0.18181818181818182
334,Northern Ireland,1982,11,0.0,0.0,0,0,0,0,0.0,World Cup 1982,Yugoslavia,"La Romareda, Zaragoza",0,0,0,Tie,Europe,First and Second Round,First and Second Round,0.7272727272727273,-0.7272727272727273
334,Yugoslavia,1982,11,0.7272727272727273,0.0,6,8,2,1,0.18181818181818182,World Cup 1982,Northern Ireland,"La Romareda, Zaragoza",0,0,0,Tie,Europe,First and Second Round,First and Second Round,0.0,0.7272727272727273
335,Spain,1982,11,0.18181818181818182,0.0,2,2,1,0,0.09090909090909091,World Cup 1982,Yugoslavia,"Luis Casanova, Valencia",2,0,2,Win,Europe,First and Second Round,First and Second Round,0.7272727272727273,-0.5454545454545454
335,Yugoslavia,1982,11,0.7272727272727273,0.0,6,8,2,1,0.18181818181818182,World Cup 1982,Spain,"Luis Casanova, Valencia",1,0,1,Lose,Europe,First and Second Round,First and Second Round,0.18181818181818182,0.5454545454545454
336,Honduras,1982,11,0.0,0.0,0,0,0,0,0.0,World Cup 1982,Northern Ireland,"La Romareda, Zaragoza",1,0,1,Tie,North America,First and Second Round,First and Second Round,0.0,0.0
336,Northern Ireland,1982,11,0.0,0.0,0,0,0,0,0.0,World Cup 1982,Honduras,"La Romareda, Zaragoza",1,0,1,Tie,Europe,First and Second Round,First and Second Round,0.0,0.0
337,Honduras,1982,11,0.36363636363636365,0.0,4,4,1,0,0.09090909090909091,World Cup 1982,Yugoslavia,"La Romareda, Zaragoza",0,0,0,Lose,North America,First and Second Round,First and Second Round,0.7272727272727273,-0.36363636363636365
337,Yugoslavia,1982,11,0.7272727272727273,0.0,6,8,2,1,0.18181818181818182,World Cup 1982,Honduras,"La Romareda, Zaragoza",1,0,1,Win,Europe,First and Second Round,First and Second Round,0.36363636363636365,0.36363636363636365
338,Northern Ireland,1982,11,0.0,0.0,0,0,0,0,0.0,World Cup 1982,Spain,"Luis Casanova, Valencia",1,0,1,Win,Europe,First and Second Round,First and Second Round,0.18181818181818182,-0.18181818181818182
338,Spain,1982,11,0.18181818181818182,0.0,2,2,1,0,0.09090909090909091,World Cup 1982,Northern Ireland,"Luis Casanova, Valencia",0,0,0,Lose,Europe,First and Second Round,First and Second Round,0.0,0.18181818181818182
339,Brazil,1982,11,2.1818181818181817,0.0,11,24,3,3,0.2727272727272727,World Cup 1982,Soviet Union,"Ramon Sanchez Pizjuan, Seville",2,0,2,Win,South America,First and Second Round,First and Second Round,0.0,2.1818181818181817
339,Soviet Union,1982,11,0.0,0.0,0,0,0,0,0.0,World Cup 1982,Brazil,"Ramon Sanchez Pizjuan, Seville",1,0,1,Lose,Europe and Asia,First and Second Round,First and Second Round,2.1818181818181817,-2.1818181818181817
340,New Zealand,1982,11,0.0,0.0,0,0,0,0,0.0,World Cup 1982,Scotland,"Estadio La Rosaleda, Málaga",2,0,2,Lose,Oceania,First and Second Round,First and Second Round,1.2727272727272727,-1.2727272727272727
340,Scotland,1982,11,1.2727272727272727,0.0,6,14,5,1,0.45454545454545453,World Cup 1982,New Zealand,"Estadio La Rosaleda, Málaga",5,0,5,Win,Europe,First and Second Round,First and Second Round,0.0,1.2727272727272727
341,Brazil,1982,11,1.7272727272727273,0.0,7,19,3,3,0.2727272727272727,World Cup 1982,Scotland,"Estadio Benito Villamarin, Seville",4,0,4,Win,South America,First and Second Round,First and Second Round,0.7272727272727273,1.0
341,Scotland,1982,11,0.7272727272727273,0.0,3,8,4,0,0.36363636363636365,World Cup 1982,Brazil,"Estadio Benito Villamarin, Seville",1,0,1,Lose,Europe,First and Second Round,First and Second Round,1.7272727272727273,-1.0
342,New Zealand,1982,11,0.0,0.0,0,0,0,0,0.0,World Cup 1982,Soviet Union,"Estadio La Rosaleda, Málaga",0,0,0,Lose,Oceania,First and Second Round,First and Second Round,0.0,0.0
342,Soviet Union,1982,11,0.0,0.0,0,0,0,0,0.0,World Cup 1982,New Zealand,"Estadio La Rosaleda, Málaga",3,0,3,Win,Europe and Asia,First and Second Round,First and Second Round,0.0,0.0
343,Scotland,1982,11,1.0,0.0,6,11,4,1,0.36363636363636365,World Cup 1982,Soviet Union,"Estadio La Rosaleda, Málaga",2,0,2,Tie,Europe,First and Second Round,First and Second Round,0.0,1.0
343,Soviet Union,1982,11,0.0,0.0,0,0,0,0,0.0,World Cup 1982,Scotland,"Estadio La Rosaleda, Málaga",2,0,2,Tie,Europe and Asia,First and Second Round,First and Second Round,1.0,-1.0
344,Brazil,1982,11,1.7272727272727273,0.0,7,19,3,3,0.2727272727272727,World Cup 1982,New Zealand,"Estadio Benito Villamarin, Seville",4,0,4,Win,South America,First and Second Round,First and Second Round,0.0,1.7272727272727273
344,New Zealand,1982,11,0.0,0.0,0,0,0,0,0.0,World Cup 1982,Brazil,"Estadio Benito Villamarin, Seville",0,0,0,Lose,Oceania,First and Second Round,First and Second Round,1.7272727272727273,-1.7272727272727273
345,Belgium,1982,11,0.2727272727272727,0.0,3,3,1,0,0.09090909090909091,World Cup 1982,Poland,"Camp Nou, Barcelona",0,0,0,Lose,Europe,First and Second Round,First and Second Round,2.909090909090909,-2.6363636363636367
345,Poland,1982,11,2.909090909090909,0.0,13,32,3,3,0.2727272727272727,World Cup 1982,Belgium,"Camp Nou, Barcelona",3,0,3,Win,Europe,First and Second Round,First and Second Round,0.2727272727272727,2.6363636363636367
346,Belgium,1982,11,0.0,0.0,0,0,0,0,0.0,World Cup 1982,Soviet Union,"Camp Nou, Barcelona",0,0,0,Lose,Europe,First and Second Round,First and Second Round,0.0,0.0
346,Soviet Union,1982,11,0.0,0.0,0,0,0,0,0.0,World Cup 1982,Belgium,"Camp Nou, Barcelona",1,0,1,Win,Europe and Asia,First and Second Round,First and Second Round,0.0,0.0
347,Poland,1982,11,2.909090909090909,0.0,13,32,3,3,0.2727272727272727,World Cup 1982,Soviet Union,"Camp Nou, Barcelona",0,0,0,Tie,Europe,First and Second Round,First and Second Round,0.0,2.909090909090909
347,Soviet Union,1982,11,0.0,0.0,0,0,0,0,0.0,World Cup 1982,Poland,"Camp Nou, Barcelona",0,0,0,Tie,Europe and Asia,First and Second Round,First and Second Round,2.909090909090909,-2.909090909090909
348,England,1982,11,0.0,0.0,0,0,0,0,0.0,World Cup 1982,West Germany,"Santiago Bernabeu, Madrid",0,0,0,Tie,Europe,First and Second Round,First and Second Round,2.0,-2.0
348,West Germany,1982,11,2.0,0.0,7,22,4,3,0.36363636363636365,World Cup 1982,England,"Santiago Bernabeu, Madrid",0,0,0,Tie,Europe,First and Second Round,First and Second Round,0.0,2.0
349,Spain,1982,11,0.45454545454545453,0.0,2,5,3,0,0.2727272727272727,World Cup 1982,West Germany,"Santiago Bernabeu, Madrid",1,0,1,Lose,Europe,First and Second Round,First and Second Round,2.090909090909091,-1.6363636363636362
349,West Germany,1982,11,2.090909090909091,0.0,7,23,4,4,0.36363636363636365,World Cup 1982,Spain,"Santiago Bernabeu, Madrid",2,0,2,Win,Europe,First and Second Round,First and Second Round,0.45454545454545453,1.6363636363636362
350,England,1982,11,0.0,0.0,0,0,0,0,0.0,World Cup 1982,Spain,"Santiago Bernabeu, Madrid",0,0,0,Tie,Europe,First and Second Round,First and Second Round,0.18181818181818182,-0.18181818181818182
350,Spain,1982,11,0.18181818181818182,0.0,2,2,1,0,0.09090909090909091,World Cup 1982,England,"Santiago Bernabeu, Madrid",0,0,0,Tie,Europe,First and Second Round,First and Second Round,0.0,0.18181818181818182
351,Argentina,1982,11,6.181818181818182,7.0,13,68,9,9,0.8181818181818182,World Cup 1982,Italy,"Sarria, Barcelona",1,0,1,Lose,South America,First and Second Round,First and Second Round,4.7272727272727275,1.4545454545454541
351,Italy,1982,11,4.7272727272727275,6.0,10,52,8,7,0.7272727272727273,World Cup 1982,Argentina,"Sarria, Barcelona",2,0,2,Win,Europe,First and Second Round,First and Second Round,6.181818181818182,-1.4545454545454541
352,Argentina,1982,11,5.545454545454546,7.0,13,61,8,8,0.7272727272727273,World Cup 1982,Brazil,"Sarria, Barcelona",1,0,1,Lose,South America,First and Second Round,First and Second Round,1.7272727272727273,3.8181818181818183
352,Brazil,1982,11,1.7272727272727273,0.0,7,19,3,3,0.2727272727272727,World Cup 1982,Argentina,"Sarria, Barcelona",3,0,3,Win,South America,First and Second Round,First and Second Round,5.545454545454546,-3.8181818181818183
353,Brazil,1982,11,1.7272727272727273,0.0,7,19,3,3,0.2727272727272727,World Cup 1982,Italy,"Sarria, Barcelona",2,0,2,Lose,South America,First and Second Round,First and Second Round,4.7272727272727275,-3.0
353,Italy,1982,11,4.7272727272727275,6.0,10,52,8,7,0.7272727272727273,World Cup 1982,Brazil,"Sarria, Barcelona",3,0,3,Win,Europe,First and Second Round,First and Second Round,1.7272727272727273,3.0
354,Austria,1982,11,3.3636363636363638,4.0,6,37,7,5,0.6363636363636364,World Cup 1982,France,"Vicente Calderon, Madrid",0,0,0,Lose,Europe,First and Second Round,First and Second Round,1.1818181818181819,2.1818181818181817
354,France,1982,11,1.1818181818181819,1.0,3,13,6,0,0.5454545454545454,World Cup 1982,Austria,"Vicente Calderon, Madrid",1,0,1,Win,Europe,First and Second Round,First and Second Round,3.3636363636363638,-2.1818181818181817
355,Austria,1982,11,2.4545454545454546,0.0,6,27,5,4,0.45454545454545453,World Cup 1982,Northern Ireland,"Vicente Calderon, Madrid",2,0,2,Tie,Europe,First and Second Round,First and Second Round,0.0,2.4545454545454546
355,Northern Ireland,1982,11,0.0,0.0,0,0,0,0,0.0,World Cup 1982,Austria,"Vicente Calderon, Madrid",2,0,2,Tie,Europe,First and Second Round,First and Second Round,2.4545454545454546,-2.4545454545454546
356,France,1982,11,1.0909090909090908,0.0,3,12,5,0,0.45454545454545453,World Cup 1982,Northern Ireland,"Vicente Calderon, Madrid",4,0,4,Win,Europe,First and Second Round,First and Second Round,0.0,1.0909090909090908
356,Northern Ireland,1982,11,0.0,0.0,0,0,0,0,0.0,World Cup 1982,France,"Vicente Calderon, Madrid",1,0,1,Lose,Europe,First and Second Round,First and Second Round,1.0909090909090908,-1.0909090909090908
357,Italy,1982,11,4.090909090909091,5.0,10,45,7,6,0.6363636363636364,World Cup 1982,Poland,"Camp Nou, Barcelona",2,0,2,Win,Europe,Semi-Final,Semi-Final,2.3636363636363638,1.727272727272727
357,Poland,1982,11,2.3636363636363638,0.0,13,26,2,2,0.18181818181818182,World Cup 1982,Italy,"Camp Nou, Barcelona",0,0,0,Lose,Europe,Semi-Final,Semi-Final,4.090909090909091,-1.727272727272727
358,France,1982,11,1.3636363636363635,2.0,3,15,6,0,0.5454545454545454,World Cup 1982,West Germany,"Ramon Sanchez Pizjuan, Seville",3,4,7,Lose,Europe,Semi-Final,Semi-Final,1.6363636363636365,-0.27272727272727293
358,West Germany,1982,11,1.6363636363636365,0.0,7,18,3,3,0.2727272727272727,World Cup 1982,France,"Ramon Sanchez Pizjuan, Seville",3,5,8,Win,Europe,Semi-Final,Semi-Final,1.3636363636363635,0.27272727272727293
359,France,1982,11,0.45454545454545453,0.0,3,5,2,0,0.18181818181818182,World Cup 1982,Poland,"Estadio José Rico Pérez, Alicante",2,0,2,Lose,Europe,Final,Final - 3rd,3.909090909090909,-3.4545454545454546
359,Poland,1982,11,3.909090909090909,0.0,13,43,4,4,0.36363636363636365,World Cup 1982,France,"Estadio José Rico Pérez, Alicante",3,0,3,Win,Europe,Final,Final - 3rd,0.45454545454545453,3.4545454545454546
360,Italy,1982,11,4.2727272727272725,6.0,10,47,7,6,0.6363636363636364,World Cup 1982,West Germany,"Santiago Bernabeu, Madrid",3,0,3,Win,Europe,Final,Final - 1st,2.090909090909091,2.1818181818181817
360,West Germany,1982,11,2.090909090909091,0.0,7,23,4,4,0.36363636363636365,World Cup 1982,Italy,"Santiago Bernabeu, Madrid",1,0,1,Lose,Europe,Final,Final - 1st,4.2727272727272725,-2.1818181818181817
361,Bulgaria,1986,11,0.0,0.0,0,0,0,0,0.0,World Cup 1986,Italy,"Estadio Azteca, Mexico City",1,0,1,Tie,Europe,First and Second Round,First and Second Round,3.727272727272727,-3.727272727272727
361,Italy,1986,11,3.727272727272727,0.0,14,41,5,3,0.45454545454545453,World Cup 1986,Bulgaria,"Estadio Azteca, Mexico City",1,0,1,Tie,Europe,First and Second Round,First and Second Round,0.0,3.727272727272727
362,Argentina,1986,11,0.6363636363636364,0.0,5,7,2,1,0.18181818181818182,World Cup 1986,South Korea,"Estadio Olímpico Universitario, Mexico City",3,0,3,Win,South America,First and Second Round,First and Second Round,0.0,0.6363636363636364
362,South Korea,1986,11,0.0,0.0,0,0,0,0,0.0,World Cup 1986,Argentina,"Estadio Olímpico Universitario, Mexico City",1,0,1,Lose,Asia,First and Second Round,First and Second Round,0.6363636363636364,-0.6363636363636364
363,Argentina,1986,11,0.6363636363636364,0.0,5,7,2,1,0.18181818181818182,World Cup 1986,Italy,"Estadio Cuauhtemoc, Puebla",1,0,1,Tie,South America,First and Second Round,First and Second Round,3.727272727272727,-3.090909090909091
363,Italy,1986,11,3.727272727272727,0.0,14,41,5,3,0.45454545454545453,World Cup 1986,Argentina,"Estadio Cuauhtemoc, Puebla",1,0,1,Tie,Europe,First and Second Round,First and Second Round,0.6363636363636364,3.090909090909091
364,Bulgaria,1986,11,0.0,0.0,0,0,0,0,0.0,World Cup 1986,South Korea,"Estadio Olímpico Universitario, Mexico City",1,0,1,Tie,Europe,First and Second Round,First and Second Round,0.0,0.0
364,South Korea,1986,11,0.0,0.0,0,0,0,0,0.0,World Cup 1986,Bulgaria,"Estadio Olímpico Universitario, Mexico City",1,0,1,Tie,Asia,First and Second Round,First and Second Round,0.0,0.0
365,Argentina,1986,11,0.6363636363636364,0.0,5,7,2,1,0.18181818181818182,World Cup 1986,Bulgaria,"Estadio Olímpico Universitario, Mexico City",2,0,2,Win,South America,First and Second Round,First and Second Round,0.0,0.6363636363636364
365,Bulgaria,1986,11,0.0,0.0,0,0,0,0,0.0,World Cup 1986,Argentina,"Estadio Olímpico Universitario, Mexico City",0,0,0,Lose,Europe,First and Second Round,First and Second Round,0.6363636363636364,-0.6363636363636364
366,Italy,1986,11,4.090909090909091,0.0,14,45,5,4,0.45454545454545453,World Cup 1986,South Korea,"Estadio Cuauhtemoc, Puebla",3,0,3,Win,Europe,First and Second Round,First and Second Round,0.0,4.090909090909091
366,South Korea,1986,11,0.0,0.0,0,0,0,0,0.0,World Cup 1986,Italy,"Estadio Cuauhtemoc, Puebla",2,0,2,Lose,Asia,First and Second Round,First and Second Round,4.090909090909091,-4.090909090909091
367,Belgium,1986,11,1.9090909090909092,0.0,5,21,5,3,0.45454545454545453,World Cup 1986,Mexico,"Estadio Azteca, Mexico City",1,0,1,Lose,Europe,First and Second Round,First and Second Round,0.2727272727272727,1.6363636363636365
367,Mexico,1986,11,0.2727272727272727,0.0,3,3,1,0,0.09090909090909091,World Cup 1986,Belgium,"Estadio Azteca, Mexico City",2,0,2,Win,North America,First and Second Round,First and Second Round,1.9090909090909092,-1.6363636363636365
368,Iraq,1986,11,0.0,0.0,0,0,0,0,0.0,World Cup 1986,Paraguay,"Bombonera, Toluca",0,0,0,Lose,Asia,First and Second Round,First and Second Round,0.0,0.0
368,Paraguay,1986,11,0.0,0.0,0,0,0,0,0.0,World Cup 1986,Iraq,"Bombonera, Toluca",1,0,1,Win,South America,First and Second Round,First and Second Round,0.0,0.0
369,Mexico,1986,11,0.2727272727272727,0.0,3,3,1,0,0.09090909090909091,World Cup 1986,Paraguay,"Estadio Azteca, Mexico City",1,0,1,Tie,North America,First and Second Round,First and Second Round,0.0,0.2727272727272727
369,Paraguay,1986,11,0.0,0.0,0,0,0,0,0.0,World Cup 1986,Mexico,"Estadio Azteca, Mexico City",1,0,1,Tie,South America,First and Second Round,First and Second Round,0.2727272727272727,-0.2727272727272727
370,Belgium,1986,11,1.4545454545454546,0.0,5,16,4,2,0.36363636363636365,World Cup 1986,Iraq,"Bombonera, Toluca",2,0,2,Win,Europe,First and Second Round,First and Second Round,0.0,1.4545454545454546
370,Iraq,1986,11,0.0,0.0,0,0,0,0,0.0,World Cup 1986,Belgium,"Bombonera, Toluca",1,0,1,Lose,Asia,First and Second Round,First and Second Round,1.4545454545454546,-1.4545454545454546
371,Iraq,1986,11,0.0,0.0,0,0,0,0,0.0,World Cup 1986,Mexico,"Estadio Azteca, Mexico City",0,0,0,Lose,Asia,First and Second Round,First and Second Round,0.0,0.0
371,Mexico,1986,11,0.0,0.0,0,0,0,0,0.0,World Cup 1986,Iraq,"Estadio Azteca, Mexico City",1,0,1,Win,North America,First and Second Round,First and Second Round,0.0,0.0
372,Belgium,1986,11,1.3636363636363635,0.0,5,15,4,2,0.36363636363636365,World Cup 1986,Paraguay,"Bombonera, Toluca",2,0,2,Tie,Europe,First and Second Round,First and Second Round,0.0,1.3636363636363635
372,Paraguay,1986,11,0.0,0.0,0,0,0,0,0.0,World Cup 1986,Belgium,"Bombonera, Toluca",2,0,2,Tie,South America,First and Second Round,First and Second Round,1.3636363636363635,-1.3636363636363635
373,Canada,1986,11,0.0,0.0,0,0,0,0,0.0,World Cup 1986,France,"Nou Camp, León",0,0,0,Lose,North America,First and Second Round,First and Second Round,3.8181818181818183,-3.8181818181818183
373,France,1986,11,3.8181818181818183,5.0,8,42,7,6,0.6363636363636364,World Cup 1986,Canada,"Nou Camp, León",1,0,1,Win,Europe,First and Second Round,First and Second Round,0.0,3.8181818181818183
374,Hungary,1986,11,0.5454545454545454,0.0,3,6,2,0,0.18181818181818182,World Cup 1986,Soviet Union,"Estadio Sergio León Chávez, Irapuato",0,0,0,Lose,Europe,First and Second Round,First and Second Round,1.3636363636363635,-0.8181818181818181
374,Soviet Union,1986,11,1.3636363636363635,0.0,5,15,3,3,0.2727272727272727,World Cup 1986,Hungary,"Estadio Sergio León Chávez, Irapuato",6,0,6,Win,Europe and Asia,First and Second Round,First and Second Round,0.5454545454545454,0.8181818181818181
375,France,1986,11,3.272727272727273,4.0,8,36,6,5,0.5454545454545454,World Cup 1986,Soviet Union,"Nou Camp, León",1,0,1,Tie,Europe,First and Second Round,First and Second Round,1.3636363636363635,1.9090909090909094
375,Soviet Union,1986,11,1.3636363636363635,0.0,5,15,3,3,0.2727272727272727,World Cup 1986,France,"Nou Camp, León",1,0,1,Tie,Europe and Asia,First and Second Round,First and Second Round,3.272727272727273,-1.9090909090909094
376,Canada,1986,11,0.0,0.0,0,0,0,0,0.0,World Cup 1986,Hungary,"Estadio Sergio León Chávez, Irapuato",0,0,0,Lose,North America,First and Second Round,First and Second Round,0.7272727272727273,-0.7272727272727273
376,Hungary,1986,11,0.7272727272727273,0.0,3,8,3,0,0.2727272727272727,World Cup 1986,Canada,"Estadio Sergio León Chávez, Irapuato",2,0,2,Win,Europe,First and Second Round,First and Second Round,0.0,0.7272727272727273
377,France,1986,11,3.272727272727273,4.0,8,36,6,5,0.5454545454545454,World Cup 1986,Hungary,"Nou Camp, León",3,0,3,Win,Europe,First and Second Round,First and Second Round,0.7272727272727273,2.545454545454546
377,Hungary,1986,11,0.7272727272727273,0.0,3,8,3,0,0.2727272727272727,World Cup 1986,France,"Nou Camp, León",0,0,0,Lose,Europe,First and Second Round,First and Second Round,3.272727272727273,-2.545454545454546
378,Canada,1986,11,0.0,0.0,0,0,0,0,0.0,World Cup 1986,Soviet Union,"Estadio Sergio León Chávez, Irapuato",0,0,0,Lose,North America,First and Second Round,First and Second Round,1.0,-1.0
378,Soviet Union,1986,11,1.0,0.0,5,11,3,1,0.2727272727272727,World Cup 1986,Canada,"Estadio Sergio León Chávez, Irapuato",2,0,2,Win,Europe and Asia,First and Second Round,First and Second Round,0.0,1.0
379,Brazil,1986,11,1.3636363636363635,0.0,5,15,4,2,0.36363636363636365,World Cup 1986,Spain,"Estadio Jalisco, Guadalajara",1,0,1,Win,South America,First and Second Round,First and Second Round,0.5454545454545454,0.8181818181818181
379,Spain,1986,11,0.5454545454545454,0.0,5,6,2,1,0.18181818181818182,World Cup 1986,Brazil,"Estadio Jalisco, Guadalajara",0,0,0,Lose,Europe,First and Second Round,First and Second Round,1.3636363636363635,-0.8181818181818181
380,Algeria,1986,11,1.5454545454545454,2.0,3,17,6,0,0.5454545454545454,World Cup 1986,Northern Ireland,"Tres de Marzo, Guadalajara",1,0,1,Tie,Africa,First and Second Round,First and Second Round,3.090909090909091,-1.5454545454545454
380,Northern Ireland,1986,11,3.090909090909091,4.0,5,34,8,5,0.7272727272727273,World Cup 1986,Algeria,"Tres de Marzo, Guadalajara",1,0,1,Tie,Europe,First and Second Round,First and Second Round,1.5454545454545454,1.5454545454545454
381,Algeria,1986,11,1.2727272727272727,0.0,3,14,5,0,0.45454545454545453,World Cup 1986,Brazil,"Estadio Jalisco, Guadalajara",0,0,0,Lose,Africa,First and Second Round,First and Second Round,1.3636363636363635,-0.09090909090909083
381,Brazil,1986,11,1.3636363636363635,0.0,5,15,4,2,0.36363636363636365,World Cup 1986,Algeria,"Estadio Jalisco, Guadalajara",1,0,1,Win,South America,First and Second Round,First and Second Round,1.2727272727272727,0.09090909090909083
382,Northern Ireland,1986,11,2.6363636363636362,4.0,5,29,7,4,0.6363636363636364,World Cup 1986,Spain,"Tres de Marzo, Guadalajara",1,0,1,Lose,Europe,First and Second Round,First and Second Round,1.0,1.6363636363636362
382,Spain,1986,11,1.0,0.0,5,11,3,2,0.2727272727272727,World Cup 1986,Northern Ireland,"Tres de Marzo, Guadalajara",2,0,2,Win,Europe,First and Second Round,First and Second Round,2.6363636363636362,-1.6363636363636362
383,Algeria,1986,11,1.4545454545454546,2.0,3,16,6,0,0.5454545454545454,World Cup 1986,Spain,"Tecnologico, Monterrey",0,0,0,Lose,Africa,First and Second Round,First and Second Round,0.5454545454545454,0.9090909090909092
383,Spain,1986,11,0.5454545454545454,0.0,5,6,2,1,0.18181818181818182,World Cup 1986,Algeria,"Tecnologico, Monterrey",3,0,3,Win,Europe,First and Second Round,First and Second Round,1.4545454545454546,-0.9090909090909092
384,Brazil,1986,11,1.3636363636363635,0.0,5,15,4,2,0.36363636363636365,World Cup 1986,Northern Ireland,"Estadio Jalisco, Guadalajara",3,0,3,Win,South America,First and Second Round,First and Second Round,2.6363636363636362,-1.2727272727272727
384,Northern Ireland,1986,11,2.6363636363636362,4.0,5,29,7,4,0.6363636363636364,World Cup 1986,Brazil,"Estadio Jalisco, Guadalajara",0,0,0,Lose,Europe,First and Second Round,First and Second Round,1.3636363636363635,1.2727272727272727
385,Uruguay,1986,11,0.0,0.0,0,0,0,0,0.0,World Cup 1986,West Germany,"Estadio La Corregidora, Santiago de Querétaro",1,0,1,Tie,South America,First and Second Round,First and Second Round,2.4545454545454546,-2.4545454545454546
385,West Germany,1986,11,2.4545454545454546,0.0,7,27,5,3,0.45454545454545453,World Cup 1986,Uruguay,"Estadio La Corregidora, Santiago de Querétaro",1,0,1,Tie,Europe,First and Second Round,First and Second Round,0.0,2.4545454545454546
386,Denmark,1986,11,0.0,0.0,0,0,0,0,0.0,World Cup 1986,Scotland,"Neza, Ciudad Nezahualcóyotl",1,0,1,Win,Europe,First and Second Round,First and Second Round,0.9090909090909091,-0.9090909090909091
386,Scotland,1986,11,0.9090909090909091,0.0,4,10,4,0,0.36363636363636365,World Cup 1986,Denmark,"Neza, Ciudad Nezahualcóyotl",0,0,0,Lose,Europe,First and Second Round,First and Second Round,0.0,0.9090909090909091
387,Scotland,1986,11,1.3636363636363635,0.0,4,15,5,0,0.45454545454545453,World Cup 1986,West Germany,"Estadio La Corregidora, Santiago de Querétaro",1,0,1,Lose,Europe,First and Second Round,First and Second Round,3.090909090909091,-1.7272727272727273
387,West Germany,1986,11,3.090909090909091,2.0,7,34,6,4,0.5454545454545454,World Cup 1986,Scotland,"Estadio La Corregidora, Santiago de Querétaro",2,0,2,Win,Europe,First and Second Round,First and Second Round,1.3636363636363635,1.7272727272727273
388,Denmark,1986,11,0.0,0.0,0,0,0,0,0.0,World Cup 1986,Uruguay,"Neza, Ciudad Nezahualcóyotl",6,0,6,Win,Europe,First and Second Round,First and Second Round,0.0,0.0
388,Uruguay,1986,11,0.0,0.0,0,0,0,0,0.0,World Cup 1986,Denmark,"Neza, Ciudad Nezahualcóyotl",1,0,1,Lose,South America,First and Second Round,First and Second Round,0.0,0.0
389,Denmark,1986,11,0.0,0.0,0,0,0,0,0.0,World Cup 1986,West Germany,"Estadio La Corregidora, Santiago de Querétaro",2,0,2,Win,Europe,First and Second Round,First and Second Round,1.4545454545454546,-1.4545454545454546
389,West Germany,1986,11,1.4545454545454546,0.0,7,16,3,2,0.2727272727272727,World Cup 1986,Denmark,"Estadio La Corregidora, Santiago de Querétaro",0,0,0,Lose,Europe,First and Second Round,First and Second Round,0.0,1.4545454545454546
390,Scotland,1986,11,0.7272727272727273,0.0,3,8,3,0,0.2727272727272727,World Cup 1986,Uruguay,"Neza, Ciudad Nezahualcóyotl",0,0,0,Tie,Europe,First and Second Round,First and Second Round,0.0,0.7272727272727273
390,Uruguay,1986,11,0.0,0.0,0,0,0,0,0.0,World Cup 1986,Scotland,"Neza, Ciudad Nezahualcóyotl",0,0,0,Tie,South America,First and Second Round,First and Second Round,0.7272727272727273,-0.7272727272727273
391,Morocco,1986,11,0.0,0.0,0,0,0,0,0.0,World Cup 1986,Poland,"Estadio Universitario, San Nicolás de los Garza",0,0,0,Tie,Africa,First and Second Round,First and Second Round,4.181818181818182,-4.181818181818182
391,Poland,1986,11,4.181818181818182,6.0,12,46,7,6,0.6363636363636364,World Cup 1986,Morocco,"Estadio Universitario, San Nicolás de los Garza",0,0,0,Tie,Europe,First and Second Round,First and Second Round,0.0,4.181818181818182
392,England,1986,11,2.1818181818181817,2.0,5,24,6,2,0.5454545454545454,World Cup 1986,Portugal,"Tecnologico, Monterrey",0,0,0,Lose,Europe,First and Second Round,First and Second Round,0.0,2.1818181818181817
392,Portugal,1986,11,0.0,0.0,0,0,0,0,0.0,World Cup 1986,England,"Tecnologico, Monterrey",1,0,1,Win,Europe,First and Second Round,First and Second Round,2.1818181818181817,-2.1818181818181817
393,England,1986,11,2.1818181818181817,2.0,5,24,6,2,0.5454545454545454,World Cup 1986,Morocco,"Tecnologico, Monterrey",0,0,0,Tie,Europe,First and Second Round,First and Second Round,0.0,2.1818181818181817
393,Morocco,1986,11,0.0,0.0,0,0,0,0,0.0,World Cup 1986,England,"Tecnologico, Monterrey",0,0,0,Tie,Africa,First and Second Round,First and Second Round,2.1818181818181817,-2.1818181818181817
394,Poland,1986,11,3.5454545454545454,1.0,12,39,6,5,0.5454545454545454,World Cup 1986,Portugal,"Estadio Universitario, San Nicolás de los Garza",1,0,1,Win,Europe,First and Second Round,First and Second Round,0.0,3.5454545454545454
394,Portugal,1986,11,0.0,0.0,0,0,0,0,0.0,World Cup 1986,Poland,"Estadio Universitario, San Nicolás de los Garza",0,0,0,Lose,Europe,First and Second Round,First and Second Round,3.5454545454545454,-3.5454545454545454
395,Morocco,1986,11,0.0,0.0,0,0,0,0,0.0,World Cup 1986,Portugal,"Tres de Marzo, Guadalajara",3,0,3,Win,Africa,First and Second Round,First and Second Round,0.0,0.0
395,Portugal,1986,11,0.0,0.0,0,0,0,0,0.0,World Cup 1986,Morocco,"Tres de Marzo, Guadalajara",1,0,1,Lose,Europe,First and Second Round,First and Second Round,0.0,0.0
396,England,1986,11,1.3636363636363635,0.0,5,15,4,1,0.36363636363636365,World Cup 1986,Poland,"Tecnologico, Monterrey",3,0,3,Win,Europe,First and Second Round,First and Second Round,3.5454545454545454,-2.1818181818181817
396,Poland,1986,11,3.5454545454545454,1.0,12,39,6,5,0.5454545454545454,World Cup 1986,England,"Tecnologico, Monterrey",0,0,0,Lose,Europe,First and Second Round,First and Second Round,1.3636363636363635,2.1818181818181817
397,Bulgaria,1986,11,0.0,0.0,0,0,0,0,0.0,World Cup 1986,Mexico,"Estadio Azteca, Mexico City",0,0,0,Lose,Europe,First and Second Round,First and Second Round,0.2727272727272727,-0.2727272727272727
397,Mexico,1986,11,0.2727272727272727,0.0,3,3,1,0,0.09090909090909091,World Cup 1986,Bulgaria,"Estadio Azteca, Mexico City",2,0,2,Win,North America,First and Second Round,First and Second Round,0.0,0.2727272727272727
398,Belgium,1986,11,1.6363636363636365,0.0,5,18,5,2,0.45454545454545453,World Cup 1986,Soviet Union,"Nou Camp, León",4,0,4,Win,Europe,First and Second Round,First and Second Round,1.7272727272727273,-0.09090909090909083
398,Soviet Union,1986,11,1.7272727272727273,0.0,5,19,4,3,0.36363636363636365,World Cup 1986,Belgium,"Nou Camp, León",3,0,3,Lose,Europe and Asia,First and Second Round,First and Second Round,1.6363636363636365,0.09090909090909083
399,Brazil,1986,11,1.3636363636363635,0.0,5,15,4,2,0.36363636363636365,World Cup 1986,Poland,"Estadio Jalisco, Guadalajara",4,0,4,Win,South America,First and Second Round,First and Second Round,3.0,-1.6363636363636365
399,Poland,1986,11,3.0,0.0,12,33,5,4,0.45454545454545453,World Cup 1986,Brazil,"Estadio Jalisco, Guadalajara",0,0,0,Lose,Europe,First and Second Round,First and Second Round,1.3636363636363635,1.6363636363636365
400,Argentina,1986,11,0.6363636363636364,0.0,5,7,2,1,0.18181818181818182,World Cup 1986,Uruguay,"Estadio Cuauhtemoc, Puebla",1,0,1,Win,South America,First and Second Round,First and Second Round,0.0,0.6363636363636364
400,Uruguay,1986,11,0.0,0.0,0,0,0,0,0.0,World Cup 1986,Argentina,"Estadio Cuauhtemoc, Puebla",0,0,0,Lose,South America,First and Second Round,First and Second Round,0.6363636363636364,-0.6363636363636364
401,France,1986,11,3.8181818181818183,5.0,8,42,7,6,0.6363636363636364,World Cup 1986,Italy,"Estadio Olímpico Universitario, Mexico City",2,0,2,Win,Europe,First and Second Round,First and Second Round,3.727272727272727,0.09090909090909127
401,Italy,1986,11,3.727272727272727,0.0,14,41,5,3,0.45454545454545453,World Cup 1986,France,"Estadio Olímpico Universitario, Mexico City",0,0,0,Lose,Europe,First and Second Round,First and Second Round,3.8181818181818183,-0.09090909090909127
402,Morocco,1986,11,0.0,0.0,0,0,0,0,0.0,World Cup 1986,West Germany,"Estadio Universitario, San Nicolás de los Garza",0,0,0,Lose,Africa,First and Second Round,First and Second Round,3.5454545454545454,-3.5454545454545454
402,West Germany,1986,11,3.5454545454545454,2.0,12,39,6,4,0.5454545454545454,World Cup 1986,Morocco,"Estadio Universitario, San Nicolás de los Garza",1,0,1,Win,Europe,First and Second Round,First and Second Round,0.0,3.5454545454545454
403,England,1986,11,1.3636363636363635,0.0,5,15,4,1,0.36363636363636365,World Cup 1986,Paraguay,"Estadio Azteca, Mexico City",3,0,3,Win,Europe,First and Second Round,First and Second Round,0.0,1.3636363636363635
403,Paraguay,1986,11,0.0,0.0,0,0,0,0,0.0,World Cup 1986,England,"Estadio Azteca, Mexico City",0,0,0,Lose,South America,First and Second Round,First and Second Round,1.3636363636363635,-1.3636363636363635
404,Denmark,1986,11,0.0,0.0,0,0,0,0,0.0,World Cup 1986,Spain,"Estadio La Corregidora, Santiago de Querétaro",1,0,1,Lose,Europe,First and Second Round,First and Second Round,0.5454545454545454,-0.5454545454545454
404,Spain,1986,11,0.5454545454545454,0.0,5,6,2,1,0.18181818181818182,World Cup 1986,Denmark,"Estadio La Corregidora, Santiago de Querétaro",5,0,5,Win,Europe,First and Second Round,First and Second Round,0.0,0.5454545454545454
405,Brazil,1986,11,1.3636363636363635,0.0,5,15,4,2,0.36363636363636365,World Cup 1986,France,"Estadio Jalisco, Guadalajara",1,3,4,Lose,South America,First and Second Round,First and Second Round,3.8181818181818183,-2.454545454545455
405,France,1986,11,3.8181818181818183,5.0,8,42,7,6,0.6363636363636364,World Cup 1986,Brazil,"Estadio Jalisco, Guadalajara",1,4,5,Win,Europe,First and Second Round,First and Second Round,1.3636363636363635,2.454545454545455
406,Mexico,1986,11,0.2727272727272727,0.0,3,3,1,0,0.09090909090909091,World Cup 1986,West Germany,"Estadio Universitario, San Nicolás de los Garza",0,1,1,Lose,North America,First and Second Round,First and Second Round,3.5454545454545454,-3.2727272727272725
406,West Germany,1986,11,3.5454545454545454,2.0,12,39,6,4,0.5454545454545454,World Cup 1986,Mexico,"Estadio Universitario, San Nicolás de los Garza",0,4,4,Win,Europe,First and Second Round,First and Second Round,0.2727272727272727,3.2727272727272725
407,Argentina,1986,11,0.6363636363636364,0.0,5,7,2,1,0.18181818181818182,World Cup 1986,England,"Estadio Azteca, Mexico City",2,0,2,Win,South America,First and Second Round,First and Second Round,1.3636363636363635,-0.7272727272727272
407,England,1986,11,1.3636363636363635,0.0,5,15,4,1,0.36363636363636365,World Cup 1986,Argentina,"Estadio Azteca, Mexico City",1,0,1,Lose,Europe,First and Second Round,First and Second Round,0.6363636363636364,0.7272727272727272
408,Belgium,1986,11,1.6363636363636365,0.0,5,18,5,2,0.45454545454545453,World Cup 1986,Spain,"Estadio Cuauhtemoc, Puebla",1,5,6,Win,Europe,First and Second Round,First and Second Round,0.5454545454545454,1.090909090909091
408,Spain,1986,11,0.5454545454545454,0.0,5,6,2,1,0.18181818181818182,World Cup 1986,Belgium,"Estadio Cuauhtemoc, Puebla",1,4,5,Lose,Europe,First and Second Round,First and Second Round,1.6363636363636365,-1.090909090909091
409,France,1986,11,3.3636363636363638,4.0,8,37,7,5,0.6363636363636364,World Cup 1986,West Germany,"Estadio Jalisco, Guadalajara",0,0,0,Lose,Europe,Semi-Final,Semi-Final,3.5454545454545454,-0.18181818181818166
409,West Germany,1986,11,3.5454545454545454,2.0,12,39,6,4,0.5454545454545454,World Cup 1986,France,"Estadio Jalisco, Guadalajara",2,0,2,Win,Europe,Semi-Final,Semi-Final,3.3636363636363638,0.18181818181818166
410,Argentina,1986,11,0.6363636363636364,0.0,5,7,2,1,0.18181818181818182,World Cup 1986,Belgium,"Estadio Azteca, Mexico City",2,0,2,Win,South America,Semi-Final,Semi-Final,1.6363636363636365,-1.0
410,Belgium,1986,11,1.6363636363636365,0.0,5,18,5,2,0.45454545454545453,World Cup 1986,Argentina,"Estadio Azteca, Mexico City",0,0,0,Lose,Europe,Semi-Final,Semi-Final,0.6363636363636364,1.0
411,Belgium,1986,11,1.1818181818181819,0.0,5,13,4,1,0.36363636363636365,World Cup 1986,France,"Estadio Cuauhtemoc, Puebla",2,0,2,Lose,Europe,Final,Final - 3rd,1.8181818181818181,-0.6363636363636362
411,France,1986,11,1.8181818181818181,0.0,5,20,5,3,0.45454545454545453,World Cup 1986,Belgium,"Estadio Cuauhtemoc, Puebla",4,0,4,Win,Europe,Final,Final - 3rd,1.1818181818181819,0.6363636363636362
412,Argentina,1986,11,0.6363636363636364,0.0,5,7,2,1,0.18181818181818182,World Cup 1986,West Germany,"Estadio Azteca, Mexico City",3,0,3,Win,South America,Final,Final - 1st,3.5454545454545454,-2.909090909090909
412,West Germany,1986,11,3.5454545454545454,2.0,12,39,6,4,0.5454545454545454,World Cup 1986,Argentina,"Estadio Azteca, Mexico City",2,0,2,Lose,Europe,Final,Final - 1st,0.6363636363636364,2.909090909090909
413,Austria,1990,11,0.0,0.0,0,0,0,0,0.0,World Cup 1990,Italy,"Stadio Olimpico, Rome",0,0,0,Lose,Europe,First and Second Round,First and Second Round,1.2727272727272727,-1.2727272727272727
413,Italy,1990,11,1.2727272727272727,0.0,6,14,3,1,0.2727272727272727,World Cup 1990,Austria,"Stadio Olimpico, Rome",1,0,1,Win,Europe,First and Second Round,First and Second Round,0.0,1.2727272727272727
414,Czechoslovakia,1990,11,0.0,0.0,0,0,0,0,0.0,World Cup 1990,USA,"Comunale, Florence",5,0,5,Win,Europe,First and Second Round,First and Second Round,0.0,0.0
414,USA,1990,11,0.0,0.0,0,0,0,0,0.0,World Cup 1990,Czechoslovakia,"Comunale, Florence",1,0,1,Lose,North America,First and Second Round,First and Second Round,0.0,0.0
415,Italy,1990,11,1.2727272727272727,0.0,6,14,3,1,0.2727272727272727,World Cup 1990,USA,"Stadio Olimpico, Rome",1,0,1,Win,Europe,First and Second Round,First and Second Round,0.0,1.2727272727272727
415,USA,1990,11,0.0,0.0,0,0,0,0,0.0,World Cup 1990,Italy,"Stadio Olimpico, Rome",0,0,0,Lose,North America,First and Second Round,First and Second Round,1.2727272727272727,-1.2727272727272727
416,Austria,1990,11,0.0,0.0,0,0,0,0,0.0,World Cup 1990,Czechoslovakia,"Comunale, Florence",0,0,0,Lose,Europe,First and Second Round,First and Second Round,0.0,0.0
416,Czechoslovakia,1990,11,0.0,0.0,0,0,0,0,0.0,World Cup 1990,Austria,"Comunale, Florence",1,0,1,Win,Europe,First and Second Round,First and Second Round,0.0,0.0
417,Austria,1990,11,0.0,0.0,0,0,0,0,0.0,World Cup 1990,USA,"Comunale, Florence",2,0,2,Win,Europe,First and Second Round,First and Second Round,0.0,0.0
417,USA,1990,11,0.0,0.0,0,0,0,0,0.0,World Cup 1990,Austria,"Comunale, Florence",1,0,1,Lose,North America,First and Second Round,First and Second Round,0.0,0.0
418,Czechoslovakia,1990,11,0.0,0.0,0,0,0,0,0.0,World Cup 1990,Italy,"Stadio Olimpico, Rome",0,0,0,Lose,Europe,First and Second Round,First and Second Round,0.9090909090909091,-0.9090909090909091
418,Italy,1990,11,0.9090909090909091,0.0,6,10,2,1,0.18181818181818182,World Cup 1990,Czechoslovakia,"Stadio Olimpico, Rome",2,0,2,Win,Europe,First and Second Round,First and Second Round,0.0,0.9090909090909091
419,Argentina,1990,11,3.6363636363636362,0.0,12,40,5,5,0.45454545454545453,World Cup 1990,Cameroon,"Stadio Giuseppe Meazza, Milan",0,0,0,Lose,South America,First and Second Round,First and Second Round,0.5454545454545454,3.090909090909091
419,Cameroon,1990,11,0.5454545454545454,0.0,3,6,2,0,0.18181818181818182,World Cup 1990,Argentina,"Stadio Giuseppe Meazza, Milan",1,0,1,Win,Africa,First and Second Round,First and Second Round,3.6363636363636362,-3.090909090909091
420,Romania,1990,11,0.0,0.0,0,0,0,0,0.0,World Cup 1990,Soviet Union,"Stadio San Nicola, Bari",2,0,2,Win,Europe,First and Second Round,First and Second Round,3.0,-3.0
420,Soviet Union,1990,11,3.0,3.0,8,33,8,2,0.7272727272727273,World Cup 1990,Romania,"Stadio San Nicola, Bari",0,0,0,Lose,Europe and Asia,First and Second Round,First and Second Round,0.0,3.0
421,Argentina,1990,11,3.6363636363636362,0.0,12,40,5,5,0.45454545454545453,World Cup 1990,Soviet Union,"Stadio San Paolo, Naples",2,0,2,Win,South America,First and Second Round,First and Second Round,1.9090909090909092,1.727272727272727
421,Soviet Union,1990,11,1.9090909090909092,0.0,8,21,5,1,0.45454545454545453,World Cup 1990,Argentina,"Stadio San Paolo, Naples",0,0,0,Lose,Europe and Asia,First and Second Round,First and Second Round,3.6363636363636362,-1.727272727272727
422,Cameroon,1990,11,0.5454545454545454,0.0,3,6,2,0,0.18181818181818182,World Cup 1990,Romania,"Stadio San Nicola, Bari",2,0,2,Win,Africa,First and Second Round,First and Second Round,0.0,0.5454545454545454
422,Romania,1990,11,0.0,0.0,0,0,0,0,0.0,World Cup 1990,Cameroon,"Stadio San Nicola, Bari",1,0,1,Lose,Europe,First and Second Round,First and Second Round,0.5454545454545454,-0.5454545454545454
423,Cameroon,1990,11,0.5454545454545454,0.0,3,6,2,0,0.18181818181818182,World Cup 1990,Soviet Union,"Stadio San Nicola, Bari",0,0,0,Lose,Africa,First and Second Round,First and Second Round,1.6363636363636365,-1.090909090909091
423,Soviet Union,1990,11,1.6363636363636365,0.0,8,18,5,1,0.45454545454545453,World Cup 1990,Cameroon,"Stadio San Nicola, Bari",4,0,4,Win,Europe and Asia,First and Second Round,First and Second Round,0.5454545454545454,1.090909090909091
424,Argentina,1990,11,3.0,0.0,12,33,4,4,0.36363636363636365,World Cup 1990,Romania,"Stadio San Paolo, Naples",1,0,1,Tie,South America,First and Second Round,First and Second Round,0.0,3.0
424,Romania,1990,11,0.0,0.0,0,0,0,0,0.0,World Cup 1990,Argentina,"Stadio San Paolo, Naples",1,0,1,Tie,Europe,First and Second Round,First and Second Round,3.0,-3.0
425,Brazil,1990,11,1.8181818181818181,0.0,5,20,4,4,0.36363636363636365,World Cup 1990,Sweden,"Allianz Stadium, Turin",2,0,2,Win,South America,First and Second Round,First and Second Round,0.0,1.8181818181818181
425,Sweden,1990,11,0.0,0.0,0,0,0,0,0.0,World Cup 1990,Brazil,"Allianz Stadium, Turin",1,0,1,Lose,Europe,First and Second Round,First and Second Round,1.8181818181818181,-1.8181818181818181
426,Costa Rica,1990,11,0.0,0.0,0,0,0,0,0.0,World Cup 1990,Scotland,"Estadio Luigi Ferraris, Genoa",1,0,1,Win,North America,First and Second Round,First and Second Round,1.2727272727272727,-1.2727272727272727
426,Scotland,1990,11,1.2727272727272727,1.0,3,14,6,0,0.5454545454545454,World Cup 1990,Costa Rica,"Estadio Luigi Ferraris, Genoa",0,0,0,Lose,Europe,First and Second Round,First and Second Round,0.0,1.2727272727272727
427,Brazil,1990,11,1.8181818181818181,0.0,5,20,4,4,0.36363636363636365,World Cup 1990,Costa Rica,"Allianz Stadium, Turin",1,0,1,Win,South America,First and Second Round,First and Second Round,0.0,1.8181818181818181
427,Costa Rica,1990,11,0.0,0.0,0,0,0,0,0.0,World Cup 1990,Brazil,"Allianz Stadium, Turin",0,0,0,Lose,North America,First and Second Round,First and Second Round,1.8181818181818181,-1.8181818181818181
428,Scotland,1990,11,0.9090909090909091,0.0,3,10,4,0,0.36363636363636365,World Cup 1990,Sweden,"Estadio Luigi Ferraris, Genoa",2,0,2,Win,Europe,First and Second Round,First and Second Round,0.0,0.9090909090909091
428,Sweden,1990,11,0.0,0.0,0,0,0,0,0.0,World Cup 1990,Scotland,"Estadio Luigi Ferraris, Genoa",1,0,1,Lose,Europe,First and Second Round,First and Second Round,0.9090909090909091,-0.9090909090909091
429,Costa Rica,1990,11,0.0,0.0,0,0,0,0,0.0,World Cup 1990,Sweden,"Estadio Luigi Ferraris, Genoa",2,0,2,Win,North America,First and Second Round,First and Second Round,0.0,0.0
429,Sweden,1990,11,0.0,0.0,0,0,0,0,0.0,World Cup 1990,Costa Rica,"Estadio Luigi Ferraris, Genoa",1,0,1,Lose,Europe,First and Second Round,First and Second Round,0.0,0.0
430,Brazil,1990,11,1.3636363636363635,0.0,5,15,3,3,0.2727272727272727,World Cup 1990,Scotland,"Allianz Stadium, Turin",1,0,1,Win,South America,First and Second Round,First and Second Round,1.0,0.36363636363636354
430,Scotland,1990,11,1.0,0.0,3,11,5,0,0.45454545454545453,World Cup 1990,Brazil,"Allianz Stadium, Turin",0,0,0,Lose,Europe,First and Second Round,First and Second Round,1.3636363636363635,-0.36363636363636354
431,Colombia,1990,11,0.0,0.0,0,0,0,0,0.0,World Cup 1990,United Arab Emirates,"Stadio Renato Dall'Ara, Bologna",2,0,2,Win,South America,First and Second Round,First and Second Round,0.0,0.0
431,United Arab Emirates,1990,11,0.0,0.0,0,0,0,0,0.0,World Cup 1990,Colombia,"Stadio Renato Dall'Ara, Bologna",0,0,0,Lose,Asia,First and Second Round,First and Second Round,0.0,0.0
432,West Germany,1990,11,2.5454545454545454,0.0,9,28,5,4,0.45454545454545453,World Cup 1990,Yugoslavia,"Stadio Giuseppe Meazza, Milan",4,0,4,Win,Europe,First and Second Round,First and Second Round,0.5454545454545454,2.0
432,Yugoslavia,1990,11,0.5454545454545454,0.0,3,6,2,0,0.18181818181818182,World Cup 1990,West Germany,"Stadio Giuseppe Meazza, Milan",1,0,1,Lose,Europe,First and Second Round,First and Second Round,2.5454545454545454,-2.0
433,Colombia,1990,11,0.0,0.0,0,0,0,0,0.0,World Cup 1990,Yugoslavia,"Stadio Renato Dall'Ara, Bologna",0,0,0,Lose,South America,First and Second Round,First and Second Round,0.5454545454545454,-0.5454545454545454
433,Yugoslavia,1990,11,0.5454545454545454,0.0,3,6,2,0,0.18181818181818182,World Cup 1990,Colombia,"Stadio Renato Dall'Ara, Bologna",1,0,1,Win,Europe,First and Second Round,First and Second Round,0.0,0.5454545454545454
434,United Arab Emirates,1990,11,0.0,0.0,0,0,0,0,0.0,World Cup 1990,West Germany,"Stadio Giuseppe Meazza, Milan",1,0,1,Lose,Asia,First and Second Round,First and Second Round,2.5454545454545454,-2.5454545454545454
434,West Germany,1990,11,2.5454545454545454,0.0,9,28,5,4,0.45454545454545453,World Cup 1990,United Arab Emirates,"Stadio Giuseppe Meazza, Milan",5,0,5,Win,Europe,First and Second Round,First and Second Round,0.0,2.5454545454545454
435,Colombia,1990,11,0.0,0.0,0,0,0,0,0.0,World Cup 1990,West Germany,"Stadio Giuseppe Meazza, Milan",1,0,1,Tie,South America,First and Second Round,First and Second Round,2.090909090909091,-2.090909090909091
435,West Germany,1990,11,2.090909090909091,0.0,9,23,4,3,0.36363636363636365,World Cup 1990,Colombia,"Stadio Giuseppe Meazza, Milan",1,0,1,Tie,Europe,First and Second Round,First and Second Round,0.0,2.090909090909091
436,United Arab Emirates,1990,11,0.0,0.0,0,0,0,0,0.0,World Cup 1990,Yugoslavia,"Stadio Renato Dall'Ara, Bologna",1,0,1,Lose,Asia,First and Second Round,First and Second Round,0.5454545454545454,-0.5454545454545454
436,Yugoslavia,1990,11,0.5454545454545454,0.0,3,6,2,0,0.18181818181818182,World Cup 1990,United Arab Emirates,"Stadio Renato Dall'Ara, Bologna",4,0,4,Win,Europe,First and Second Round,First and Second Round,0.0,0.5454545454545454
437,Belgium,1990,11,2.8181818181818183,2.0,9,31,6,3,0.5454545454545454,World Cup 1990,South Korea,"Marc Antonio Bentegodi, Verona",2,0,2,Win,Europe,First and Second Round,First and Second Round,1.0909090909090908,1.7272727272727275
437,South Korea,1990,11,1.0909090909090908,0.0,3,12,5,0,0.45454545454545453,World Cup 1990,Belgium,"Marc Antonio Bentegodi, Verona",0,0,0,Lose,Asia,First and Second Round,First and Second Round,2.8181818181818183,-1.7272727272727275
438,Spain,1990,11,1.4545454545454546,0.0,5,16,4,3,0.36363636363636365,World Cup 1990,Uruguay,"Stadio Friuli, Udine",0,0,0,Tie,Europe,First and Second Round,First and Second Round,1.4545454545454546,0.0
438,Uruguay,1990,11,1.4545454545454546,0.0,4,16,5,0,0.45454545454545453,World Cup 1990,Spain,"Stadio Friuli, Udine",0,0,0,Tie,South America,First and Second Round,First and Second Round,1.4545454545454546,0.0
439,Belgium,1990,11,4.454545454545454,4.0,12,49,8,5,0.7272727272727273,World Cup 1990,Uruguay,"Marc Antonio Bentegodi, Verona",3,0,3,Win,Europe,First and Second Round,First and Second Round,1.4545454545454546,2.9999999999999996
439,Uruguay,1990,11,1.4545454545454546,0.0,4,16,5,0,0.45454545454545453,World Cup 1990,Belgium,"Marc Antonio Bentegodi, Verona",1,0,1,Lose,South America,First and Second Round,First and Second Round,4.454545454545454,-2.9999999999999996
440,South Korea,1990,11,1.0,0.0,3,11,4,0,0.36363636363636365,World Cup 1990,Spain,"Stadio Friuli, Udine",1,0,1,Lose,Asia,First and Second Round,First and Second Round,1.9090909090909092,-0.9090909090909092
440,Spain,1990,11,1.9090909090909092,0.0,5,21,5,4,0.45454545454545453,World Cup 1990,South Korea,"Stadio Friuli, Udine",3,0,3,Win,Europe,First and Second Round,First and Second Round,1.0,0.9090909090909092
441,Belgium,1990,11,3.3636363636363638,2.0,12,37,6,4,0.5454545454545454,World Cup 1990,Spain,"Marc Antonio Bentegodi, Verona",1,0,1,Lose,Europe,First and Second Round,First and Second Round,1.9090909090909092,1.4545454545454546
441,Spain,1990,11,1.9090909090909092,0.0,5,21,5,4,0.45454545454545453,World Cup 1990,Belgium,"Marc Antonio Bentegodi, Verona",2,0,2,Win,Europe,First and Second Round,First and Second Round,3.3636363636363638,-1.4545454545454546
442,South Korea,1990,11,1.0909090909090908,0.0,3,12,5,0,0.45454545454545453,World Cup 1990,Uruguay,"Stadio Friuli, Udine",0,0,0,Lose,Asia,First and Second Round,First and Second Round,1.1818181818181819,-0.09090909090909105
442,Uruguay,1990,11,1.1818181818181819,0.0,4,13,4,0,0.36363636363636365,World Cup 1990,South Korea,"Stadio Friuli, Udine",1,0,1,Win,South America,First and Second Round,First and Second Round,1.0909090909090908,0.09090909090909105
443,England,1990,11,4.181818181818182,4.0,10,46,8,5,0.7272727272727273,World Cup 1990,Ireland,"Sant Elia, Cagliari",1,0,1,Tie,Europe,First and Second Round,First and Second Round,0.0,4.181818181818182
443,Ireland,1990,11,0.0,0.0,0,0,0,0,0.0,World Cup 1990,England,"Sant Elia, Cagliari",1,0,1,Tie,Europe,First and Second Round,First and Second Round,4.181818181818182,-4.181818181818182
444,Egypt,1990,11,0.0,0.0,0,0,0,0,0.0,World Cup 1990,Netherlands,"Della Favorita, Palermo",1,0,1,Tie,Africa,First and Second Round,First and Second Round,0.0,0.0
444,Netherlands,1990,11,0.0,0.0,0,0,0,0,0.0,World Cup 1990,Egypt,"Della Favorita, Palermo",1,0,1,Tie,Europe,First and Second Round,First and Second Round,0.0,0.0
445,England,1990,11,3.1818181818181817,1.0,10,35,6,4,0.5454545454545454,World Cup 1990,Netherlands,"Sant Elia, Cagliari",0,0,0,Tie,Europe,First and Second Round,First and Second Round,0.0,3.1818181818181817
445,Netherlands,1990,11,0.0,0.0,0,0,0,0,0.0,World Cup 1990,England,"Sant Elia, Cagliari",0,0,0,Tie,Europe,First and Second Round,First and Second Round,3.1818181818181817,-3.1818181818181817
446,Egypt,1990,11,0.0,0.0,0,0,0,0,0.0,World Cup 1990,Ireland,"Della Favorita, Palermo",0,0,0,Tie,Africa,First and Second Round,First and Second Round,0.0,0.0
446,Ireland,1990,11,0.0,0.0,0,0,0,0,0.0,World Cup 1990,Egypt,"Della Favorita, Palermo",0,0,0,Tie,Europe,First and Second Round,First and Second Round,0.0,0.0
447,Ireland,1990,11,0.0,0.0,0,0,0,0,0.0,World Cup 1990,Netherlands,"Della Favorita, Palermo",1,0,1,Tie,Europe,First and Second Round,First and Second Round,0.0,0.0
447,Netherlands,1990,11,0.0,0.0,0,0,0,0,0.0,World Cup 1990,Ireland,"Della Favorita, Palermo",1,0,1,Tie,Europe,First and Second Round,First and Second Round,0.0,0.0
448,Egypt,1990,11,0.0,0.0,0,0,0,0,0.0,World Cup 1990,England,"Sant Elia, Cagliari",0,0,0,Lose,Africa,First and Second Round,First and Second Round,1.8181818181818181,-1.8181818181818181
448,England,1990,11,1.8181818181818181,0.0,10,20,4,2,0.36363636363636365,World Cup 1990,Egypt,"Sant Elia, Cagliari",1,0,1,Win,Europe,First and Second Round,First and Second Round,0.0,1.8181818181818181
449,Cameroon,1990,11,0.2727272727272727,0.0,3,3,1,0,0.09090909090909091,World Cup 1990,Colombia,"Stadio San Paolo, Naples",2,0,2,Win,Africa,First and Second Round,First and Second Round,0.0,0.2727272727272727
449,Colombia,1990,11,0.0,0.0,0,0,0,0,0.0,World Cup 1990,Cameroon,"Stadio San Paolo, Naples",1,0,1,Lose,South America,First and Second Round,First and Second Round,0.2727272727272727,-0.2727272727272727
450,Costa Rica,1990,11,0.0,0.0,0,0,0,0,0.0,World Cup 1990,Czechoslovakia,"Stadio San Nicola, Bari",1,0,1,Lose,North America,First and Second Round,First and Second Round,0.0,0.0
450,Czechoslovakia,1990,11,0.0,0.0,0,0,0,0,0.0,World Cup 1990,Costa Rica,"Stadio San Nicola, Bari",4,0,4,Win,Europe,First and Second Round,First and Second Round,0.0,0.0
451,Argentina,1990,11,3.6363636363636362,0.0,12,40,5,5,0.45454545454545453,World Cup 1990,Brazil,"Allianz Stadium, Turin",1,0,1,Win,South America,First and Second Round,First and Second Round,1.8181818181818181,1.8181818181818181
451,Brazil,1990,11,1.8181818181818181,0.0,5,20,4,4,0.36363636363636365,World Cup 1990,Argentina,"Allianz Stadium, Turin",0,0,0,Lose,South America,First and Second Round,First and Second Round,3.6363636363636362,-1.8181818181818181
452,Netherlands,1990,11,0.0,0.0,0,0,0,0,0.0,World Cup 1990,West Germany,"Stadio Giuseppe Meazza, Milan",1,0,1,Lose,Europe,First and Second Round,First and Second Round,3.6363636363636362,-3.6363636363636362
452,West Germany,1990,11,3.6363636363636362,2.0,12,40,6,5,0.5454545454545454,World Cup 1990,Netherlands,"Stadio Giuseppe Meazza, Milan",2,0,2,Win,Europe,First and Second Round,First and Second Round,0.0,3.6363636363636362
453,Ireland,1990,11,0.0,0.0,0,0,0,0,0.0,World Cup 1990,Romania,"Estadio Luigi Ferraris, Genoa",0,5,5,Win,Europe,First and Second Round,First and Second Round,0.0,0.0
453,Romania,1990,11,0.0,0.0,0,0,0,0,0.0,World Cup 1990,Ireland,"Estadio Luigi Ferraris, Genoa",0,4,4,Lose,Europe,First and Second Round,First and Second Round,0.0,0.0
454,Italy,1990,11,0.9090909090909091,0.0,6,10,2,1,0.18181818181818182,World Cup 1990,Uruguay,"Stadio Olimpico, Rome",2,0,2,Win,Europe,First and Second Round,First and Second Round,1.0909090909090908,-0.18181818181818177
454,Uruguay,1990,11,1.0909090909090908,0.0,4,12,3,0,0.2727272727272727,World Cup 1990,Italy,"Stadio Olimpico, Rome",0,0,0,Lose,South America,First and Second Round,First and Second Round,0.9090909090909091,0.18181818181818177
455,Spain,1990,11,1.9090909090909092,0.0,5,21,5,4,0.45454545454545453,World Cup 1990,Yugoslavia,"Marc Antonio Bentegodi, Verona",1,0,1,Lose,Europe,First and Second Round,First and Second Round,0.5454545454545454,1.3636363636363638
455,Yugoslavia,1990,11,0.5454545454545454,0.0,3,6,2,0,0.18181818181818182,World Cup 1990,Spain,"Marc Antonio Bentegodi, Verona",2,0,2,Win,Europe,First and Second Round,First and Second Round,1.9090909090909092,-1.3636363636363638
456,Belgium,1990,11,4.454545454545454,4.0,12,49,8,5,0.7272727272727273,World Cup 1990,England,"Stadio Renato Dall'Ara, Bologna",0,0,0,Lose,Europe,First and Second Round,First and Second Round,2.6363636363636362,1.818181818181818
456,England,1990,11,2.6363636363636362,0.0,10,29,5,3,0.45454545454545453,World Cup 1990,Belgium,"Stadio Renato Dall'Ara, Bologna",1,0,1,Win,Europe,First and Second Round,First and Second Round,4.454545454545454,-1.818181818181818
457,Argentina,1990,11,4.0,4.0,12,44,6,5,0.5454545454545454,World Cup 1990,Yugoslavia,"Comunale, Florence",0,3,3,Win,South America,First and Second Round,First and Second Round,0.5454545454545454,3.4545454545454546
457,Yugoslavia,1990,11,0.5454545454545454,0.0,3,6,2,0,0.18181818181818182,World Cup 1990,Argentina,"Comunale, Florence",0,2,2,Lose,Europe,First and Second Round,First and Second Round,4.0,-3.4545454545454546
458,Ireland,1990,11,0.0,0.0,0,0,0,0,0.0,World Cup 1990,Italy,"Stadio Olimpico, Rome",0,0,0,Lose,Europe,First and Second Round,First and Second Round,0.9090909090909091,-0.9090909090909091
458,Italy,1990,11,0.9090909090909091,0.0,6,10,2,1,0.18181818181818182,World Cup 1990,Ireland,"Stadio Olimpico, Rome",1,0,1,Win,Europe,First and Second Round,First and Second Round,0.0,0.9090909090909091
459,Czechoslovakia,1990,11,0.0,0.0,0,0,0,0,0.0,World Cup 1990,West Germany,"Stadio Giuseppe Meazza, Milan",0,0,0,Lose,Europe,First and Second Round,First and Second Round,3.090909090909091,-3.090909090909091
459,West Germany,1990,11,3.090909090909091,0.0,12,34,5,4,0.45454545454545453,World Cup 1990,Czechoslovakia,"Stadio Giuseppe Meazza, Milan",1,0,1,Win,Europe,First and Second Round,First and Second Round,0.0,3.090909090909091
460,Cameroon,1990,11,0.5454545454545454,0.0,3,6,2,0,0.18181818181818182,World Cup 1990,England,"Stadio San Paolo, Naples",2,0,2,Lose,Africa,First and Second Round,First and Second Round,2.6363636363636362,-2.090909090909091
460,England,1990,11,2.6363636363636362,0.0,10,29,5,3,0.45454545454545453,World Cup 1990,Cameroon,"Stadio San Paolo, Naples",3,0,3,Win,Europe,First and Second Round,First and Second Round,0.5454545454545454,2.090909090909091
461,Argentina,1990,11,4.0,4.0,12,44,6,5,0.5454545454545454,World Cup 1990,Italy,"Stadio San Paolo, Naples",1,4,5,Win,South America,Semi-Final,Semi-Final,1.2727272727272727,2.7272727272727275
461,Italy,1990,11,1.2727272727272727,0.0,6,14,3,1,0.2727272727272727,World Cup 1990,Argentina,"Stadio San Paolo, Naples",1,3,4,Lose,Europe,Semi-Final,Semi-Final,4.0,-2.7272727272727275
462,England,1990,11,2.909090909090909,0.0,10,32,5,3,0.45454545454545453,World Cup 1990,West Germany,"Allianz Stadium, Turin",1,3,4,Lose,Europe,Semi-Final,Semi-Final,2.5454545454545454,0.36363636363636376
462,West Germany,1990,11,2.5454545454545454,0.0,9,28,5,4,0.45454545454545453,World Cup 1990,England,"Allianz Stadium, Turin",1,4,5,Win,Europe,Semi-Final,Semi-Final,2.909090909090909,-0.36363636363636376
463,England,1990,11,2.6363636363636362,0.0,10,29,5,3,0.45454545454545453,World Cup 1990,Italy,"Stadio San Nicola, Bari",1,0,1,Lose,Europe,Final,Final - 3rd,0.9090909090909091,1.727272727272727
463,Italy,1990,11,0.9090909090909091,0.0,6,10,2,1,0.18181818181818182,World Cup 1990,England,"Stadio San Nicola, Bari",2,0,2,Win,Europe,Final,Final - 3rd,2.6363636363636362,-1.727272727272727
464,Argentina,1990,11,2.3636363636363638,0.0,12,26,3,3,0.2727272727272727,World Cup 1990,West Germany,"Stadio Olimpico, Rome",0,0,0,Lose,South America,Final,Final - 1st,3.6363636363636362,-1.2727272727272725
464,West Germany,1990,11,3.6363636363636362,2.0,12,40,6,5,0.5454545454545454,World Cup 1990,Argentina,"Stadio Olimpico, Rome",1,0,1,Win,Europe,Final,Final - 1st,2.3636363636363638,1.2727272727272725
465,Switzerland,1994,11,0.0,0.0,0,0,0,0,0.0,World Cup 1994,USA,"Pontiac Silverdome, Detroit (Pontiac)",1,0,1,Tie,Europe,First and Second Round,First and Second Round,1.5454545454545454,-1.5454545454545454
465,USA,1994,11,1.5454545454545454,2.0,3,17,6,0,0.5454545454545454,World Cup 1994,Switzerland,"Pontiac Silverdome, Detroit (Pontiac)",1,0,1,Tie,North America,First and Second Round,First and Second Round,0.0,1.5454545454545454
466,Colombia,1994,11,2.5454545454545454,4.0,4,28,7,0,0.6363636363636364,World Cup 1994,Romania,"Rose Bowl, Los Angeles (Pasadena)",1,0,1,Lose,South America,First and Second Round,First and Second Round,1.3636363636363635,1.1818181818181819
466,Romania,1994,11,1.3636363636363635,0.0,4,15,5,0,0.45454545454545453,World Cup 1994,Colombia,"Rose Bowl, Los Angeles (Pasadena)",3,0,3,Win,Europe,First and Second Round,First and Second Round,2.5454545454545454,-1.1818181818181819
467,Romania,1994,11,1.3636363636363635,0.0,4,15,5,0,0.45454545454545453,World Cup 1994,Switzerland,"Pontiac Silverdome, Detroit (Pontiac)",1,0,1,Lose,Europe,First and Second Round,First and Second Round,0.0,1.3636363636363635
467,Switzerland,1994,11,0.0,0.0,0,0,0,0,0.0,World Cup 1994,Romania,"Pontiac Silverdome, Detroit (Pontiac)",4,0,4,Win,Europe,First and Second Round,First and Second Round,1.3636363636363635,-1.3636363636363635
468,Colombia,1994,11,2.1818181818181817,4.0,4,24,6,0,0.5454545454545454,World Cup 1994,USA,"Rose Bowl, Los Angeles (Pasadena)",1,0,1,Lose,South America,First and Second Round,First and Second Round,1.5454545454545454,0.6363636363636362
468,USA,1994,11,1.5454545454545454,2.0,3,17,6,0,0.5454545454545454,World Cup 1994,Colombia,"Rose Bowl, Los Angeles (Pasadena)",2,0,2,Win,North America,First and Second Round,First and Second Round,2.1818181818181817,-0.6363636363636362
469,Romania,1994,11,1.3636363636363635,0.0,4,15,5,0,0.45454545454545453,World Cup 1994,USA,"Rose Bowl, Los Angeles (Pasadena)",1,0,1,Win,Europe,First and Second Round,First and Second Round,1.5454545454545454,-0.18181818181818188
469,USA,1994,11,1.5454545454545454,2.0,3,17,6,0,0.5454545454545454,World Cup 1994,Romania,"Rose Bowl, Los Angeles (Pasadena)",0,0,0,Lose,North America,First and Second Round,First and Second Round,1.3636363636363635,0.18181818181818188
470,Colombia,1994,11,1.8181818181818181,0.0,4,20,5,0,0.45454545454545453,World Cup 1994,Switzerland,"Stanford Stadium, San Francisco (Stanford)",2,0,2,Win,South America,First and Second Round,First and Second Round,0.0,1.8181818181818181
470,Switzerland,1994,11,0.0,0.0,0,0,0,0,0.0,World Cup 1994,Colombia,"Stanford Stadium, San Francisco (Stanford)",0,0,0,Lose,Europe,First and Second Round,First and Second Round,1.8181818181818181,-1.8181818181818181
471,Cameroon,1994,11,1.9090909090909092,0.0,5,21,5,3,0.45454545454545453,World Cup 1994,Sweden,"Rose Bowl, Los Angeles (Pasadena)",2,0,2,Tie,Africa,First and Second Round,First and Second Round,1.6363636363636365,0.2727272727272727
471,Sweden,1994,11,1.6363636363636365,2.0,3,18,7,0,0.6363636363636364,World Cup 1994,Cameroon,"Rose Bowl, Los Angeles (Pasadena)",2,0,2,Tie,Europe,First and Second Round,First and Second Round,1.9090909090909092,-0.2727272727272727
472,Brazil,1994,11,1.4545454545454546,1.0,4,16,6,0,0.5454545454545454,World Cup 1994,Russia,"Stanford Stadium, San Francisco (Stanford)",2,0,2,Win,South America,First and Second Round,First and Second Round,0.2727272727272727,1.1818181818181819
472,Russia,1994,11,0.2727272727272727,0.0,3,3,1,0,0.09090909090909091,World Cup 1994,Brazil,"Stanford Stadium, San Francisco (Stanford)",0,0,0,Lose,Europe and Asia,First and Second Round,First and Second Round,1.4545454545454546,-1.1818181818181819
473,Brazil,1994,11,1.2727272727272727,0.0,4,14,5,0,0.45454545454545453,World Cup 1994,Cameroon,"Stanford Stadium, San Francisco (Stanford)",3,0,3,Win,South America,First and Second Round,First and Second Round,1.9090909090909092,-0.6363636363636365
473,Cameroon,1994,11,1.9090909090909092,0.0,5,21,5,3,0.45454545454545453,World Cup 1994,Brazil,"Stanford Stadium, San Francisco (Stanford)",0,0,0,Lose,Africa,First and Second Round,First and Second Round,1.2727272727272727,0.6363636363636365
474,Russia,1994,11,0.36363636363636365,0.0,3,4,2,0,0.18181818181818182,World Cup 1994,Sweden,"Pontiac Silverdome, Detroit (Pontiac)",1,0,1,Lose,Europe and Asia,First and Second Round,First and Second Round,1.6363636363636365,-1.272727272727273
474,Sweden,1994,11,1.6363636363636365,2.0,3,18,7,0,0.6363636363636364,World Cup 1994,Russia,"Pontiac Silverdome, Detroit (Pontiac)",3,0,3,Win,Europe,First and Second Round,First and Second Round,0.36363636363636365,1.272727272727273
475,Brazil,1994,11,1.2727272727272727,0.0,4,14,5,0,0.45454545454545453,World Cup 1994,Sweden,"Pontiac Silverdome, Detroit (Pontiac)",1,0,1,Tie,South America,First and Second Round,First and Second Round,1.6363636363636365,-0.36363636363636376
475,Sweden,1994,11,1.6363636363636365,2.0,3,18,7,0,0.6363636363636364,World Cup 1994,Brazil,"Pontiac Silverdome, Detroit (Pontiac)",1,0,1,Tie,Europe,First and Second Round,First and Second Round,1.2727272727272727,0.36363636363636376
476,Cameroon,1994,11,2.1818181818181817,2.0,5,24,6,3,0.5454545454545454,World Cup 1994,Russia,"Stanford Stadium, San Francisco (Stanford)",1,0,1,Lose,Africa,First and Second Round,First and Second Round,0.0,2.1818181818181817
476,Russia,1994,11,0.0,0.0,0,0,0,0,0.0,World Cup 1994,Cameroon,"Stanford Stadium, San Francisco (Stanford)",6,0,6,Win,Europe and Asia,First and Second Round,First and Second Round,2.1818181818181817,-2.1818181818181817
477,Bolivia,1994,11,0.0,0.0,0,0,0,0,0.0,World Cup 1994,Germany,"Soldier Field, Chicago",0,0,0,Lose,South America,First and Second Round,First and Second Round,6.2727272727272725,-6.2727272727272725
477,Germany,1994,11,6.2727272727272725,5.0,16,69,9,6,0.8181818181818182,World Cup 1994,Bolivia,"Soldier Field, Chicago",1,0,1,Win,Europe,First and Second Round,First and Second Round,0.0,6.2727272727272725
478,South Korea,1994,11,1.3636363636363635,0.0,6,15,5,1,0.45454545454545453,World Cup 1994,Spain,"Cotton Bowl, Dallas",2,0,2,Tie,Asia,First and Second Round,First and Second Round,0.8181818181818182,0.5454545454545453
478,Spain,1994,11,0.8181818181818182,0.0,8,9,2,1,0.18181818181818182,World Cup 1994,South Korea,"Cotton Bowl, Dallas",2,0,2,Tie,Europe,First and Second Round,First and Second Round,1.3636363636363635,-0.5454545454545453
479,Germany,1994,11,5.909090909090909,5.0,16,65,8,6,0.7272727272727273,World Cup 1994,Spain,"Soldier Field, Chicago",1,0,1,Tie,Europe,First and Second Round,First and Second Round,1.6363636363636365,4.2727272727272725
479,Spain,1994,11,1.6363636363636365,0.0,9,18,3,2,0.2727272727272727,World Cup 1994,Germany,"Soldier Field, Chicago",1,0,1,Tie,Europe,First and Second Round,First and Second Round,5.909090909090909,-4.2727272727272725
480,Bolivia,1994,11,0.0,0.0,0,0,0,0,0.0,World Cup 1994,South Korea,"Foxboro Stadium, Boston (Foxborough)",0,0,0,Tie,South America,First and Second Round,First and Second Round,1.3636363636363635,-1.3636363636363635
480,South Korea,1994,11,1.3636363636363635,0.0,6,15,5,1,0.45454545454545453,World Cup 1994,Bolivia,"Foxboro Stadium, Boston (Foxborough)",0,0,0,Tie,Asia,First and Second Round,First and Second Round,0.0,1.3636363636363635
481,Germany,1994,11,6.7272727272727275,7.0,16,74,9,7,0.8181818181818182,World Cup 1994,South Korea,"Cotton Bowl, Dallas",3,0,3,Win,Europe,First and Second Round,First and Second Round,1.3636363636363635,5.363636363636364
481,South Korea,1994,11,1.3636363636363635,0.0,6,15,5,1,0.45454545454545453,World Cup 1994,Germany,"Cotton Bowl, Dallas",2,0,2,Lose,Asia,First and Second Round,First and Second Round,6.7272727272727275,-5.363636363636364
482,Bolivia,1994,11,0.0,0.0,0,0,0,0,0.0,World Cup 1994,Spain,"Soldier Field, Chicago",1,0,1,Lose,South America,First and Second Round,First and Second Round,1.5454545454545454,-1.5454545454545454
482,Spain,1994,11,1.5454545454545454,0.0,9,17,2,2,0.18181818181818182,World Cup 1994,Bolivia,"Soldier Field, Chicago",3,0,3,Win,Europe,First and Second Round,First and Second Round,0.0,1.5454545454545454
483,Argentina,1994,11,3.6363636363636362,0.0,19,40,5,3,0.45454545454545453,World Cup 1994,Greece,"Foxboro Stadium, Boston (Foxborough)",4,0,4,Win,South America,First and Second Round,First and Second Round,0.0,3.6363636363636362
483,Greece,1994,11,0.0,0.0,0,0,0,0,0.0,World Cup 1994,Argentina,"Foxboro Stadium, Boston (Foxborough)",0,0,0,Lose,Europe,First and Second Round,First and Second Round,3.6363636363636362,-3.6363636363636362
484,Bulgaria,1994,11,0.36363636363636365,0.0,4,4,1,0,0.09090909090909091,World Cup 1994,Nigeria,"Cotton Bowl, Dallas",0,0,0,Lose,Europe,First and Second Round,First and Second Round,0.0,0.36363636363636365
484,Nigeria,1994,11,0.0,0.0,0,0,0,0,0.0,World Cup 1994,Bulgaria,"Cotton Bowl, Dallas",3,0,3,Win,Africa,First and Second Round,First and Second Round,0.36363636363636365,-0.36363636363636365
485,Argentina,1994,11,3.6363636363636362,0.0,19,40,5,3,0.45454545454545453,World Cup 1994,Nigeria,"Foxboro Stadium, Boston (Foxborough)",2,0,2,Win,South America,First and Second Round,First and Second Round,0.0,3.6363636363636362
485,Nigeria,1994,11,0.0,0.0,0,0,0,0,0.0,World Cup 1994,Argentina,"Foxboro Stadium, Boston (Foxborough)",1,0,1,Lose,Africa,First and Second Round,First and Second Round,3.6363636363636362,-3.6363636363636362
486,Bulgaria,1994,11,0.7272727272727273,0.0,4,8,2,0,0.18181818181818182,World Cup 1994,Greece,"Soldier Field, Chicago",4,0,4,Win,Europe,First and Second Round,First and Second Round,0.0,0.7272727272727273
486,Greece,1994,11,0.0,0.0,0,0,0,0,0.0,World Cup 1994,Bulgaria,"Soldier Field, Chicago",0,0,0,Lose,Europe,First and Second Round,First and Second Round,0.7272727272727273,-0.7272727272727273
487,Greece,1994,11,0.0,0.0,0,0,0,0,0.0,World Cup 1994,Nigeria,"Foxboro Stadium, Boston (Foxborough)",0,0,0,Lose,Europe,First and Second Round,First and Second Round,0.0,0.0
487,Nigeria,1994,11,0.0,0.0,0,0,0,0,0.0,World Cup 1994,Greece,"Foxboro Stadium, Boston (Foxborough)",2,0,2,Win,Africa,First and Second Round,First and Second Round,0.0,0.0
488,Argentina,1994,11,1.7272727272727273,0.0,12,19,3,2,0.2727272727272727,World Cup 1994,Bulgaria,"Cotton Bowl, Dallas",0,0,0,Lose,South America,First and Second Round,First and Second Round,0.7272727272727273,1.0
488,Bulgaria,1994,11,0.7272727272727273,0.0,4,8,2,0,0.18181818181818182,World Cup 1994,Argentina,"Cotton Bowl, Dallas",2,0,2,Win,Europe,First and Second Round,First and Second Round,1.7272727272727273,-1.0
489,Ireland,1994,11,2.3636363636363638,1.0,5,26,6,5,0.5454545454545454,World Cup 1994,Italy,"Giants Stadium, New York/New Jersey (East Rutherford)",1,0,1,Win,Europe,First and Second Round,First and Second Round,2.1818181818181817,0.1818181818181821
489,Italy,1994,11,2.1818181818181817,0.0,7,24,4,4,0.36363636363636365,World Cup 1994,Ireland,"Giants Stadium, New York/New Jersey (East Rutherford)",0,0,0,Lose,Europe,First and Second Round,First and Second Round,2.3636363636363638,-0.1818181818181821
490,Mexico,1994,11,0.6363636363636364,0.0,7,7,1,1,0.09090909090909091,World Cup 1994,Norway,"RFK Stadium, Washington",0,0,0,Lose,North America,First and Second Round,First and Second Round,0.0,0.6363636363636364
490,Norway,1994,11,0.0,0.0,0,0,0,0,0.0,World Cup 1994,Mexico,"RFK Stadium, Washington",1,0,1,Win,Europe,First and Second Round,First and Second Round,0.6363636363636364,-0.6363636363636364
491,Italy,1994,11,2.090909090909091,0.0,7,23,4,3,0.36363636363636365,World Cup 1994,Norway,"Giants Stadium, New York/New Jersey (East Rutherford)",1,0,1,Win,Europe,First and Second Round,First and Second Round,0.0,2.090909090909091
491,Norway,1994,11,0.0,0.0,0,0,0,0,0.0,World Cup 1994,Italy,"Giants Stadium, New York/New Jersey (East Rutherford)",0,0,0,Lose,Europe,First and Second Round,First and Second Round,2.090909090909091,-2.090909090909091
492,Ireland,1994,11,2.3636363636363638,1.0,5,26,6,5,0.5454545454545454,World Cup 1994,Mexico,"Citrus Bowl, Orlando",1,0,1,Lose,Europe,First and Second Round,First and Second Round,0.0,2.3636363636363638
492,Mexico,1994,11,0.0,0.0,0,0,0,0,0.0,World Cup 1994,Ireland,"Citrus Bowl, Orlando",2,0,2,Win,North America,First and Second Round,First and Second Round,2.3636363636363638,-2.3636363636363638
493,Italy,1994,11,1.4545454545454546,0.0,7,16,3,2,0.2727272727272727,World Cup 1994,Mexico,"RFK Stadium, Washington",1,0,1,Tie,Europe,First and Second Round,First and Second Round,0.0,1.4545454545454546
493,Mexico,1994,11,0.0,0.0,0,0,0,0,0.0,World Cup 1994,Italy,"RFK Stadium, Washington",1,0,1,Tie,North America,First and Second Round,First and Second Round,1.4545454545454546,-1.4545454545454546
494,Ireland,1994,11,2.8181818181818183,5.0,5,31,7,6,0.6363636363636364,World Cup 1994,Norway,"Giants Stadium, New York/New Jersey (East Rutherford)",0,0,0,Tie,Europe,First and Second Round,First and Second Round,0.0,2.8181818181818183
494,Norway,1994,11,0.0,0.0,0,0,0,0,0.0,World Cup 1994,Ireland,"Giants Stadium, New York/New Jersey (East Rutherford)",0,0,0,Tie,Europe,First and Second Round,First and Second Round,2.8181818181818183,-2.8181818181818183
495,Belgium,1994,11,3.8181818181818183,4.0,11,42,7,4,0.6363636363636364,World Cup 1994,Morocco,"Citrus Bowl, Orlando",1,0,1,Win,Europe,First and Second Round,First and Second Round,0.2727272727272727,3.545454545454546
495,Morocco,1994,11,0.2727272727272727,0.0,3,3,1,0,0.09090909090909091,World Cup 1994,Belgium,"Citrus Bowl, Orlando",0,0,0,Lose,Africa,First and Second Round,First and Second Round,3.8181818181818183,-3.545454545454546
496,Netherlands,1994,11,1.0909090909090908,0.0,4,12,3,0,0.2727272727272727,World Cup 1994,Saudi Arabia,"RFK Stadium, Washington",2,0,2,Win,Europe,First and Second Round,First and Second Round,0.0,1.0909090909090908
496,Saudi Arabia,1994,11,0.0,0.0,0,0,0,0,0.0,World Cup 1994,Netherlands,"RFK Stadium, Washington",1,0,1,Lose,Asia,First and Second Round,First and Second Round,1.0909090909090908,-1.0909090909090908
497,Morocco,1994,11,0.0,0.0,0,0,0,0,0.0,World Cup 1994,Saudi Arabia,"Giants Stadium, New York/New Jersey (East Rutherford)",1,0,1,Lose,Africa,First and Second Round,First and Second Round,0.0,0.0
497,Saudi Arabia,1994,11,0.0,0.0,0,0,0,0,0.0,World Cup 1994,Morocco,"Giants Stadium, New York/New Jersey (East Rutherford)",2,0,2,Win,Asia,First and Second Round,First and Second Round,0.0,0.0
498,Belgium,1994,11,4.181818181818182,4.0,11,46,9,4,0.8181818181818182,World Cup 1994,Netherlands,"Citrus Bowl, Orlando",1,0,1,Win,Europe,First and Second Round,First and Second Round,1.0909090909090908,3.090909090909091
498,Netherlands,1994,11,1.0909090909090908,0.0,4,12,3,0,0.2727272727272727,World Cup 1994,Belgium,"Citrus Bowl, Orlando",0,0,0,Lose,Europe,First and Second Round,First and Second Round,4.181818181818182,-3.090909090909091
499,Belgium,1994,11,3.1818181818181817,1.0,11,35,7,3,0.6363636363636364,World Cup 1994,Saudi Arabia,"RFK Stadium, Washington",0,0,0,Lose,Europe,First and Second Round,First and Second Round,0.0,3.1818181818181817
499,Saudi Arabia,1994,11,0.0,0.0,0,0,0,0,0.0,World Cup 1994,Belgium,"RFK Stadium, Washington",1,0,1,Win,Asia,First and Second Round,First and Second Round,3.1818181818181817,-3.1818181818181817
500,Morocco,1994,11,0.0,0.0,0,0,0,0,0.0,World Cup 1994,Netherlands,"Citrus Bowl, Orlando",1,0,1,Lose,Africa,First and Second Round,First and Second Round,0.8181818181818182,-0.8181818181818182
500,Netherlands,1994,11,0.8181818181818182,0.0,4,9,3,0,0.2727272727272727,World Cup 1994,Morocco,"Citrus Bowl, Orlando",2,0,2,Win,Europe,First and Second Round,First and Second Round,0.0,0.8181818181818182
501,Belgium,1994,11,3.8181818181818183,3.0,11,42,8,4,0.7272727272727273,World Cup 1994,Germany,"Soldier Field, Chicago",2,0,2,Lose,Europe,First and Second Round,First and Second Round,6.454545454545454,-2.636363636363636
501,Germany,1994,11,6.454545454545454,7.0,16,71,8,7,0.7272727272727273,World Cup 1994,Belgium,"Soldier Field, Chicago",3,0,3,Win,Europe,First and Second Round,First and Second Round,3.8181818181818183,2.636363636363636
502,Spain,1994,11,1.0,0.0,9,11,3,1,0.2727272727272727,World Cup 1994,Switzerland,"RFK Stadium, Washington",3,0,3,Win,Europe,First and Second Round,First and Second Round,0.0,1.0
502,Switzerland,1994,11,0.0,0.0,0,0,0,0,0.0,World Cup 1994,Spain,"RFK Stadium, Washington",0,0,0,Lose,Europe,First and Second Round,First and Second Round,1.0,-1.0
503,Saudi Arabia,1994,11,0.0,0.0,0,0,0,0,0.0,World Cup 1994,Sweden,"Cotton Bowl, Dallas",1,0,1,Lose,Asia,First and Second Round,First and Second Round,1.6363636363636365,-1.6363636363636365
503,Sweden,1994,11,1.6363636363636365,2.0,3,18,7,0,0.6363636363636364,World Cup 1994,Saudi Arabia,"Cotton Bowl, Dallas",3,0,3,Win,Europe,First and Second Round,First and Second Round,0.0,1.6363636363636365
504,Argentina,1994,11,2.0,0.0,12,22,4,2,0.36363636363636365,World Cup 1994,Romania,"Rose Bowl, Los Angeles (Pasadena)",2,0,2,Lose,South America,First and Second Round,First and Second Round,1.0909090909090908,0.9090909090909092
504,Romania,1994,11,1.0909090909090908,0.0,4,12,4,0,0.36363636363636365,World Cup 1994,Argentina,"Rose Bowl, Los Angeles (Pasadena)",3,0,3,Win,Europe,First and Second Round,First and Second Round,2.0,-0.9090909090909092
505,Ireland,1994,11,2.3636363636363638,1.0,5,26,6,5,0.5454545454545454,World Cup 1994,Netherlands,"Citrus Bowl, Orlando",0,0,0,Lose,Europe,First and Second Round,First and Second Round,0.8181818181818182,1.5454545454545454
505,Netherlands,1994,11,0.8181818181818182,0.0,4,9,3,0,0.2727272727272727,World Cup 1994,Ireland,"Citrus Bowl, Orlando",2,0,2,Win,Europe,First and Second Round,First and Second Round,2.3636363636363638,-1.5454545454545454
506,Brazil,1994,11,1.2727272727272727,0.0,4,14,5,0,0.45454545454545453,World Cup 1994,USA,"Stanford Stadium, San Francisco (Stanford)",1,0,1,Win,South America,First and Second Round,First and Second Round,1.0909090909090908,0.18181818181818188
506,USA,1994,11,1.0909090909090908,0.0,3,12,4,0,0.36363636363636365,World Cup 1994,Brazil,"Stanford Stadium, San Francisco (Stanford)",0,0,0,Lose,North America,First and Second Round,First and Second Round,1.2727272727272727,-0.18181818181818188
507,Italy,1994,11,1.9090909090909092,0.0,7,21,4,3,0.36363636363636365,World Cup 1994,Nigeria,"Foxboro Stadium, Boston (Foxborough)",2,0,2,Win,Europe,First and Second Round,First and Second Round,0.0,1.9090909090909092
507,Nigeria,1994,11,0.0,0.0,0,0,0,0,0.0,World Cup 1994,Italy,"Foxboro Stadium, Boston (Foxborough)",1,0,1,Lose,Africa,First and Second Round,First and Second Round,1.9090909090909092,-1.9090909090909092
508,Bulgaria,1994,11,0.7272727272727273,0.0,4,8,2,0,0.18181818181818182,World Cup 1994,Mexico,"Giants Stadium, New York/New Jersey (East Rutherford)",1,3,4,Win,Europe,First and Second Round,First and Second Round,0.0,0.7272727272727273
508,Mexico,1994,11,0.0,0.0,0,0,0,0,0.0,World Cup 1994,Bulgaria,"Giants Stadium, New York/New Jersey (East Rutherford)",1,1,2,Lose,North America,First and Second Round,First and Second Round,0.7272727272727273,-0.7272727272727273
509,Italy,1994,11,1.5454545454545454,0.0,7,17,3,3,0.2727272727272727,World Cup 1994,Spain,"Foxboro Stadium, Boston (Foxborough)",2,0,2,Win,Europe,First and Second Round,First and Second Round,1.0,0.5454545454545454
509,Spain,1994,11,1.0,0.0,9,11,3,1,0.2727272727272727,World Cup 1994,Italy,"Foxboro Stadium, Boston (Foxborough)",1,0,1,Lose,Europe,First and Second Round,First and Second Round,1.5454545454545454,-0.5454545454545454
510,Brazil,1994,11,2.090909090909091,1.0,9,23,6,1,0.5454545454545454,World Cup 1994,Netherlands,"Cotton Bowl, Dallas",3,0,3,Win,South America,First and Second Round,First and Second Round,1.1818181818181819,0.909090909090909
510,Netherlands,1994,11,1.1818181818181819,0.0,4,13,4,0,0.36363636363636365,World Cup 1994,Brazil,"Cotton Bowl, Dallas",2,0,2,Lose,Europe,First and Second Round,First and Second Round,2.090909090909091,-0.909090909090909
511,Bulgaria,1994,11,0.7272727272727273,0.0,4,8,2,0,0.18181818181818182,World Cup 1994,Germany,"Giants Stadium, New York/New Jersey (East Rutherford)",2,0,2,Win,Europe,First and Second Round,First and Second Round,6.636363636363637,-5.909090909090909
511,Germany,1994,11,6.636363636363637,7.0,16,73,9,7,0.8181818181818182,World Cup 1994,Bulgaria,"Giants Stadium, New York/New Jersey (East Rutherford)",1,0,1,Lose,Europe,First and Second Round,First and Second Round,0.7272727272727273,5.909090909090909
512,Romania,1994,11,1.3636363636363635,0.0,4,15,5,0,0.45454545454545453,World Cup 1994,Sweden,"Stanford Stadium, San Francisco (Stanford)",2,4,6,Lose,Europe,First and Second Round,First and Second Round,1.4545454545454546,-0.09090909090909105
512,Sweden,1994,11,1.4545454545454546,1.0,3,16,6,0,0.5454545454545454,World Cup 1994,Romania,"Stanford Stadium, San Francisco (Stanford)",2,5,7,Win,Europe,First and Second Round,First and Second Round,1.3636363636363635,0.09090909090909105
513,Bulgaria,1994,11,0.7272727272727273,0.0,4,8,2,0,0.18181818181818182,World Cup 1994,Italy,"Giants Stadium, New York/New Jersey (East Rutherford)",1,0,1,Lose,Europe,Semi-Final,Semi-Final,1.9090909090909092,-1.1818181818181819
513,Italy,1994,11,1.9090909090909092,0.0,7,21,4,3,0.36363636363636365,World Cup 1994,Bulgaria,"Giants Stadium, New York/New Jersey (East Rutherford)",2,0,2,Win,Europe,Semi-Final,Semi-Final,0.7272727272727273,1.1818181818181819
514,Brazil,1994,11,2.090909090909091,1.0,9,23,6,1,0.5454545454545454,World Cup 1994,Sweden,"Rose Bowl, Los Angeles (Pasadena)",1,0,1,Win,South America,Semi-Final,Semi-Final,1.3636363636363635,0.7272727272727273
514,Sweden,1994,11,1.3636363636363635,1.0,3,15,6,0,0.5454545454545454,World Cup 1994,Brazil,"Rose Bowl, Los Angeles (Pasadena)",0,0,0,Lose,Europe,Semi-Final,Semi-Final,2.090909090909091,-0.7272727272727273
515,Bulgaria,1994,11,0.7272727272727273,0.0,4,8,2,0,0.18181818181818182,World Cup 1994,Sweden,"Rose Bowl, Los Angeles (Pasadena)",0,0,0,Lose,Europe,Final,Final - 3rd,1.3636363636363635,-0.6363636363636362
515,Sweden,1994,11,1.3636363636363635,0.0,3,15,5,0,0.45454545454545453,World Cup 1994,Bulgaria,"Rose Bowl, Los Angeles (Pasadena)",4,0,4,Win,Europe,Final,Final - 3rd,0.7272727272727273,0.6363636363636362
516,Brazil,1994,11,2.090909090909091,1.0,9,23,6,1,0.5454545454545454,World Cup 1994,Italy,"Rose Bowl, Los Angeles (Pasadena)",0,3,3,Win,South America,Final,Final - 1st,2.5454545454545454,-0.4545454545454546
516,Italy,1994,11,2.5454545454545454,0.0,7,28,5,4,0.45454545454545453,World Cup 1994,Brazil,"Rose Bowl, Los Angeles (Pasadena)",0,2,2,Lose,Europe,Final,Final - 1st,2.090909090909091,0.4545454545454546
517,Brazil,1998,11,3.6363636363636362,0.0,11,40,5,4,0.45454545454545453,World Cup 1998,Scotland,"Stade de France, Paris (Saint-Denis)",2,0,2,Win,South America,First and Second Round,First and Second Round,0.6363636363636364,3.0
517,Scotland,1998,11,0.6363636363636364,0.0,6,7,2,1,0.18181818181818182,World Cup 1998,Brazil,"Stade de France, Paris (Saint-Denis)",1,0,1,Lose,Europe,First and Second Round,First and Second Round,3.6363636363636362,-3.0
518,Morocco,1998,11,0.9090909090909091,0.0,3,10,4,0,0.36363636363636365,World Cup 1998,Norway,"Stade de la Mosson, Montpellier",2,0,2,Tie,Africa,First and Second Round,First and Second Round,1.3636363636363635,-0.4545454545454545
518,Norway,1998,11,1.3636363636363635,0.0,3,15,5,0,0.45454545454545453,World Cup 1998,Morocco,"Stade de la Mosson, Montpellier",2,0,2,Tie,Europe,First and Second Round,First and Second Round,0.9090909090909091,0.4545454545454545
519,Norway,1998,11,0.8181818181818182,0.0,3,9,3,0,0.2727272727272727,World Cup 1998,Scotland,"Stade de Bordeaux, Bordeaux",1,0,1,Tie,Europe,First and Second Round,First and Second Round,0.6363636363636364,0.18181818181818188
519,Scotland,1998,11,0.6363636363636364,0.0,6,7,2,1,0.18181818181818182,World Cup 1998,Norway,"Stade de Bordeaux, Bordeaux",1,0,1,Tie,Europe,First and Second Round,First and Second Round,0.8181818181818182,-0.18181818181818188
520,Brazil,1998,11,4.0,3.0,11,44,6,4,0.5454545454545454,World Cup 1998,Morocco,"Stade de la Beaujoire, Nantes",3,0,3,Win,South America,First and Second Round,First and Second Round,0.9090909090909091,3.090909090909091
520,Morocco,1998,11,0.9090909090909091,0.0,3,10,4,0,0.36363636363636365,World Cup 1998,Brazil,"Stade de la Beaujoire, Nantes",0,0,0,Lose,Africa,First and Second Round,First and Second Round,4.0,-3.090909090909091
521,Brazil,1998,11,3.3636363636363638,0.0,11,37,5,3,0.45454545454545453,World Cup 1998,Norway,"Stade Vélodrome, Marseille",1,0,1,Lose,South America,First and Second Round,First and Second Round,1.0909090909090908,2.272727272727273
521,Norway,1998,11,1.0909090909090908,0.0,3,12,4,0,0.36363636363636365,World Cup 1998,Brazil,"Stade Vélodrome, Marseille",2,0,2,Win,Europe,First and Second Round,First and Second Round,3.3636363636363638,-2.272727272727273
522,Morocco,1998,11,0.9090909090909091,0.0,3,10,4,0,0.36363636363636365,World Cup 1998,Scotland,"Stade Geoffroy Guichard, Saint-Étienne",3,0,3,Win,Africa,First and Second Round,First and Second Round,0.6363636363636364,0.2727272727272727
522,Scotland,1998,11,0.6363636363636364,0.0,6,7,2,1,0.18181818181818182,World Cup 1998,Morocco,"Stade Geoffroy Guichard, Saint-Étienne",0,0,0,Lose,Europe,First and Second Round,First and Second Round,0.9090909090909091,-0.2727272727272727
523,Chile,1998,11,0.0,0.0,0,0,0,0,0.0,World Cup 1998,Italy,"Stade de Bordeaux, Bordeaux",2,0,2,Tie,South America,First and Second Round,First and Second Round,4.636363636363637,-4.636363636363637
523,Italy,1998,11,4.636363636363637,5.0,14,51,6,6,0.5454545454545454,World Cup 1998,Chile,"Stade de Bordeaux, Bordeaux",2,0,2,Tie,Europe,First and Second Round,First and Second Round,0.0,4.636363636363637
524,Austria,1998,11,0.6363636363636364,0.0,3,7,3,0,0.2727272727272727,World Cup 1998,Cameroon,"Stade de Toulouse, Toulouse",1,0,1,Tie,Europe,First and Second Round,First and Second Round,1.2727272727272727,-0.6363636363636364
524,Cameroon,1998,11,1.2727272727272727,0.0,8,14,4,1,0.36363636363636365,World Cup 1998,Austria,"Stade de Toulouse, Toulouse",1,0,1,Tie,Africa,First and Second Round,First and Second Round,0.6363636363636364,0.6363636363636364
525,Austria,1998,11,0.6363636363636364,0.0,3,7,3,0,0.2727272727272727,World Cup 1998,Chile,"Stade Geoffroy Guichard, Saint-Étienne",1,0,1,Tie,Europe,First and Second Round,First and Second Round,0.0,0.6363636363636364
525,Chile,1998,11,0.0,0.0,0,0,0,0,0.0,World Cup 1998,Austria,"Stade Geoffroy Guichard, Saint-Étienne",1,0,1,Tie,South America,First and Second Round,First and Second Round,0.6363636363636364,-0.6363636363636364
526,Cameroon,1998,11,1.2727272727272727,0.0,8,14,4,1,0.36363636363636365,World Cup 1998,Italy,"Stade de la Mosson, Montpellier",0,0,0,Lose,Africa,First and Second Round,First and Second Round,4.636363636363637,-3.363636363636364
526,Italy,1998,11,4.636363636363637,5.0,14,51,6,6,0.5454545454545454,World Cup 1998,Cameroon,"Stade de la Mosson, Montpellier",3,0,3,Win,Europe,First and Second Round,First and Second Round,1.2727272727272727,3.363636363636364
527,Cameroon,1998,11,1.0,0.0,8,11,3,1,0.2727272727272727,World Cup 1998,Chile,"Stade de la Beaujoire, Nantes",1,0,1,Tie,Africa,First and Second Round,First and Second Round,0.0,1.0
527,Chile,1998,11,0.0,0.0,0,0,0,0,0.0,World Cup 1998,Cameroon,"Stade de la Beaujoire, Nantes",1,0,1,Tie,South America,First and Second Round,First and Second Round,1.0,-1.0
528,Austria,1998,11,0.6363636363636364,0.0,3,7,3,0,0.2727272727272727,World Cup 1998,Italy,"Stade de France, Paris (Saint-Denis)",1,0,1,Lose,Europe,First and Second Round,First and Second Round,2.909090909090909,-2.272727272727273
528,Italy,1998,11,2.909090909090909,0.0,14,32,4,4,0.36363636363636365,World Cup 1998,Austria,"Stade de France, Paris (Saint-Denis)",2,0,2,Win,Europe,First and Second Round,First and Second Round,0.6363636363636364,2.272727272727273
529,Denmark,1998,11,0.36363636363636365,0.0,4,4,1,0,0.09090909090909091,World Cup 1998,Saudi Arabia,"Stade Felix Bollaert, Lens",1,0,1,Win,Europe,First and Second Round,First and Second Round,2.3636363636363638,-2.0
529,Saudi Arabia,1998,11,2.3636363636363638,3.0,4,26,8,0,0.7272727272727273,World Cup 1998,Denmark,"Stade Felix Bollaert, Lens",0,0,0,Lose,Asia,First and Second Round,First and Second Round,0.36363636363636365,2.0
530,France,1998,11,0.0,0.0,0,0,0,0,0.0,World Cup 1998,South Africa,"Stade Vélodrome, Marseille",3,0,3,Win,Europe,First and Second Round,First and Second Round,0.0,0.0
530,South Africa,1998,11,0.0,0.0,0,0,0,0,0.0,World Cup 1998,France,"Stade Vélodrome, Marseille",0,0,0,Lose,Africa,First and Second Round,First and Second Round,0.0,0.0
531,Denmark,1998,11,0.36363636363636365,0.0,4,4,1,0,0.09090909090909091,World Cup 1998,South Africa,"Stade de Toulouse, Toulouse",1,0,1,Tie,Europe,First and Second Round,First and Second Round,0.0,0.36363636363636365
531,South Africa,1998,11,0.0,0.0,0,0,0,0,0.0,World Cup 1998,Denmark,"Stade de Toulouse, Toulouse",1,0,1,Tie,Africa,First and Second Round,First and Second Round,0.36363636363636365,-0.36363636363636365
532,France,1998,11,0.0,0.0,0,0,0,0,0.0,World Cup 1998,Saudi Arabia,"Stade de France, Paris (Saint-Denis)",4,0,4,Win,Europe,First and Second Round,First and Second Round,2.5454545454545454,-2.5454545454545454
532,Saudi Arabia,1998,11,2.5454545454545454,3.0,6,28,8,1,0.7272727272727273,World Cup 1998,France,"Stade de France, Paris (Saint-Denis)",0,0,0,Lose,Asia,First and Second Round,First and Second Round,0.0,2.5454545454545454
533,Saudi Arabia,1998,11,1.8181818181818181,2.0,6,20,6,1,0.5454545454545454,World Cup 1998,South Africa,"Stade de Bordeaux, Bordeaux",2,0,2,Tie,Asia,First and Second Round,First and Second Round,0.0,1.8181818181818181
533,South Africa,1998,11,0.0,0.0,0,0,0,0,0.0,World Cup 1998,Saudi Arabia,"Stade de Bordeaux, Bordeaux",2,0,2,Tie,Africa,First and Second Round,First and Second Round,1.8181818181818181,-1.8181818181818181
534,Denmark,1998,11,0.36363636363636365,0.0,4,4,1,0,0.09090909090909091,World Cup 1998,France,"Stade de Gerland, Lyon",1,0,1,Lose,Europe,First and Second Round,First and Second Round,0.0,0.36363636363636365
534,France,1998,11,0.0,0.0,0,0,0,0,0.0,World Cup 1998,Denmark,"Stade de Gerland, Lyon",2,0,2,Win,Europe,First and Second Round,First and Second Round,0.36363636363636365,-0.36363636363636365
535,Bulgaria,1998,11,2.8181818181818183,0.0,7,31,5,5,0.45454545454545453,World Cup 1998,Paraguay,"Stade de la Mosson, Montpellier",0,0,0,Tie,Europe,First and Second Round,First and Second Round,0.36363636363636365,2.4545454545454546
535,Paraguay,1998,11,0.36363636363636365,0.0,4,4,1,0,0.09090909090909091,World Cup 1998,Bulgaria,"Stade de la Mosson, Montpellier",0,0,0,Tie,South America,First and Second Round,First and Second Round,2.8181818181818183,-2.4545454545454546
536,Nigeria,1998,11,2.090909090909091,3.0,4,23,6,0,0.5454545454545454,World Cup 1998,Spain,"Stade de la Beaujoire, Nantes",3,0,3,Win,Africa,First and Second Round,First and Second Round,3.6363636363636362,-1.5454545454545454
536,Spain,1998,11,3.6363636363636362,4.0,13,40,7,5,0.6363636363636364,World Cup 1998,Nigeria,"Stade de la Beaujoire, Nantes",2,0,2,Lose,Europe,First and Second Round,First and Second Round,2.090909090909091,1.5454545454545454
537,Bulgaria,1998,11,3.0,0.0,7,33,5,5,0.45454545454545453,World Cup 1998,Nigeria,"Parc des Princes, Paris",0,0,0,Lose,Europe,First and Second Round,First and Second Round,2.4545454545454546,0.5454545454545454
537,Nigeria,1998,11,2.4545454545454546,4.0,4,27,7,0,0.6363636363636364,World Cup 1998,Bulgaria,"Parc des Princes, Paris",1,0,1,Win,Africa,First and Second Round,First and Second Round,3.0,-0.5454545454545454
538,Paraguay,1998,11,0.36363636363636365,0.0,4,4,1,0,0.09090909090909091,World Cup 1998,Spain,"Stade Geoffroy Guichard, Saint-Étienne",0,0,0,Tie,South America,First and Second Round,First and Second Round,3.3636363636363638,-3.0
538,Spain,1998,11,3.3636363636363638,4.0,13,37,6,5,0.5454545454545454,World Cup 1998,Paraguay,"Stade Geoffroy Guichard, Saint-Étienne",0,0,0,Tie,Europe,First and Second Round,First and Second Round,0.36363636363636365,3.0
539,Nigeria,1998,11,1.4545454545454546,0.0,4,16,5,0,0.45454545454545453,World Cup 1998,Paraguay,"Stade de Toulouse, Toulouse",1,0,1,Lose,Africa,First and Second Round,First and Second Round,0.0,1.4545454545454546
539,Paraguay,1998,11,0.0,0.0,0,0,0,0,0.0,World Cup 1998,Nigeria,"Stade de Toulouse, Toulouse",3,0,3,Win,South America,First and Second Round,First and Second Round,1.4545454545454546,-1.4545454545454546
540,Bulgaria,1998,11,3.272727272727273,4.0,7,36,6,5,0.5454545454545454,World Cup 1998,Spain,"Stade Felix Bollaert, Lens",1,0,1,Lose,Europe,First and Second Round,First and Second Round,3.1818181818181817,0.09090909090909127
540,Spain,1998,11,3.1818181818181817,3.0,13,35,6,4,0.5454545454545454,World Cup 1998,Bulgaria,"Stade Felix Bollaert, Lens",6,0,6,Win,Europe,First and Second Round,First and Second Round,3.272727272727273,-0.09090909090909127
541,Mexico,1998,11,1.1818181818181819,0.0,4,13,4,0,0.36363636363636365,World Cup 1998,South Korea,"Stade de Gerland, Lyon",3,0,3,Win,North America,First and Second Round,First and Second Round,0.9090909090909091,0.2727272727272728
541,South Korea,1998,11,0.9090909090909091,0.0,6,10,3,1,0.2727272727272727,World Cup 1998,Mexico,"Stade de Gerland, Lyon",1,0,1,Lose,Asia,First and Second Round,First and Second Round,1.1818181818181819,-0.2727272727272728
542,Belgium,1998,11,2.3636363636363638,1.0,12,26,6,2,0.5454545454545454,World Cup 1998,Netherlands,"Stade de France, Paris (Saint-Denis)",0,0,0,Tie,Europe,First and Second Round,First and Second Round,1.5454545454545454,0.8181818181818183
542,Netherlands,1998,11,1.5454545454545454,0.0,5,17,5,1,0.45454545454545453,World Cup 1998,Belgium,"Stade de France, Paris (Saint-Denis)",0,0,0,Tie,Europe,First and Second Round,First and Second Round,2.3636363636363638,-0.8181818181818183
543,Belgium,1998,11,3.727272727272727,2.0,15,41,7,3,0.6363636363636364,World Cup 1998,Mexico,"Stade de Bordeaux, Bordeaux",2,0,2,Tie,Europe,First and Second Round,First and Second Round,1.1818181818181819,2.545454545454545
543,Mexico,1998,11,1.1818181818181819,0.0,4,13,4,0,0.36363636363636365,World Cup 1998,Belgium,"Stade de Bordeaux, Bordeaux",2,0,2,Tie,North America,First and Second Round,First and Second Round,3.727272727272727,-2.545454545454545
544,Netherlands,1998,11,2.4545454545454546,3.0,5,27,7,3,0.6363636363636364,World Cup 1998,South Korea,"Stade Vélodrome, Marseille",5,0,5,Win,Europe,First and Second Round,First and Second Round,1.0909090909090908,1.3636363636363638
544,South Korea,1998,11,1.0909090909090908,0.0,6,12,3,1,0.2727272727272727,World Cup 1998,Netherlands,"Stade Vélodrome, Marseille",0,0,0,Lose,Asia,First and Second Round,First and Second Round,2.4545454545454546,-1.3636363636363638
545,Belgium,1998,11,2.3636363636363638,0.0,15,26,5,2,0.45454545454545453,World Cup 1998,South Korea,"Parc des Princes, Paris",1,0,1,Tie,Europe,First and Second Round,First and Second Round,1.0,1.3636363636363638
545,South Korea,1998,11,1.0,0.0,6,11,3,1,0.2727272727272727,World Cup 1998,Belgium,"Parc des Princes, Paris",1,0,1,Tie,Asia,First and Second Round,First and Second Round,2.3636363636363638,-1.3636363636363638
546,Mexico,1998,11,1.1818181818181819,0.0,4,13,4,0,0.36363636363636365,World Cup 1998,Netherlands,"Stade Geoffroy Guichard, Saint-Étienne",2,0,2,Tie,North America,First and Second Round,First and Second Round,2.090909090909091,-0.909090909090909
546,Netherlands,1998,11,2.090909090909091,1.0,5,23,6,3,0.5454545454545454,World Cup 1998,Mexico,"Stade Geoffroy Guichard, Saint-Étienne",2,0,2,Tie,Europe,First and Second Round,First and Second Round,1.1818181818181819,0.909090909090909
547,Iran,1998,11,0.0,0.0,0,0,0,0,0.0,World Cup 1998,Yugoslavia,"Stade Geoffroy Guichard, Saint-Étienne",0,0,0,Lose,Asia,First and Second Round,First and Second Round,0.45454545454545453,-0.45454545454545453
547,Yugoslavia,1998,11,0.45454545454545453,0.0,5,5,1,1,0.09090909090909091,World Cup 1998,Iran,"Stade Geoffroy Guichard, Saint-Étienne",1,0,1,Win,Europe,First and Second Round,First and Second Round,0.0,0.45454545454545453
548,Germany,1998,11,4.090909090909091,2.0,12,45,6,5,0.5454545454545454,World Cup 1998,USA,"Parc des Princes, Paris",2,0,2,Win,Europe,First and Second Round,First and Second Round,1.6363636363636365,2.454545454545454
548,USA,1998,11,1.6363636363636365,0.0,6,18,4,1,0.36363636363636365,World Cup 1998,Germany,"Parc des Princes, Paris",0,0,0,Lose,North America,First and Second Round,First and Second Round,4.090909090909091,-2.454545454545454
549,Germany,1998,11,2.6363636363636362,0.0,12,29,4,3,0.36363636363636365,World Cup 1998,Yugoslavia,"Stade Felix Bollaert, Lens",2,0,2,Tie,Europe,First and Second Round,First and Second Round,0.45454545454545453,2.1818181818181817
549,Yugoslavia,1998,11,0.45454545454545453,0.0,5,5,1,1,0.09090909090909091,World Cup 1998,Germany,"Stade Felix Bollaert, Lens",2,0,2,Tie,Europe,First and Second Round,First and Second Round,2.6363636363636362,-2.1818181818181817
550,Iran,1998,11,0.0,0.0,0,0,0,0,0.0,World Cup 1998,USA,"Stade de Gerland, Lyon",2,0,2,Win,Asia,First and Second Round,First and Second Round,1.7272727272727273,-1.7272727272727273
550,USA,1998,11,1.7272727272727273,0.0,7,19,4,1,0.36363636363636365,World Cup 1998,Iran,"Stade de Gerland, Lyon",1,0,1,Lose,North America,First and Second Round,First and Second Round,0.0,1.7272727272727273
551,Germany,1998,11,5.181818181818182,2.0,21,57,6,4,0.5454545454545454,World Cup 1998,Iran,"Stade de la Mosson, Montpellier",2,0,2,Win,Europe,First and Second Round,First and Second Round,0.0,5.181818181818182
551,Iran,1998,11,0.0,0.0,0,0,0,0,0.0,World Cup 1998,Germany,"Stade de la Mosson, Montpellier",0,0,0,Lose,Asia,First and Second Round,First and Second Round,5.181818181818182,-5.181818181818182
552,USA,1998,11,1.0909090909090908,0.0,4,12,3,0,0.2727272727272727,World Cup 1998,Yugoslavia,"Stade de la Beaujoire, Nantes",0,0,0,Lose,North America,First and Second Round,First and Second Round,0.45454545454545453,0.6363636363636362
552,Yugoslavia,1998,11,0.45454545454545453,0.0,5,5,1,1,0.09090909090909091,World Cup 1998,USA,"Stade de la Beaujoire, Nantes",1,0,1,Win,Europe,First and Second Round,First and Second Round,1.0909090909090908,-0.6363636363636362
553,England,1998,11,0.0,0.0,0,0,0,0,0.0,World Cup 1998,Tunisia,"Stade Vélodrome, Marseille",2,0,2,Win,Europe,First and Second Round,First and Second Round,0.0,0.0
553,Tunisia,1998,11,0.0,0.0,0,0,0,0,0.0,World Cup 1998,England,"Stade Vélodrome, Marseille",0,0,0,Lose,Africa,First and Second Round,First and Second Round,0.0,0.0
554,Colombia,1998,11,1.6363636363636365,0.0,7,18,4,2,0.36363636363636365,World Cup 1998,Romania,"Stade de Gerland, Lyon",0,0,0,Lose,South America,First and Second Round,First and Second Round,2.8181818181818183,-1.1818181818181819
554,Romania,1998,11,2.8181818181818183,2.0,9,31,6,4,0.5454545454545454,World Cup 1998,Colombia,"Stade de Gerland, Lyon",1,0,1,Win,Europe,First and Second Round,First and Second Round,1.6363636363636365,1.1818181818181819
555,Colombia,1998,11,1.8181818181818181,0.0,7,20,5,2,0.45454545454545453,World Cup 1998,Tunisia,"Stade de la Mosson, Montpellier",1,0,1,Win,South America,First and Second Round,First and Second Round,0.0,1.8181818181818181
555,Tunisia,1998,11,0.0,0.0,0,0,0,0,0.0,World Cup 1998,Colombia,"Stade de la Mosson, Montpellier",0,0,0,Lose,Africa,First and Second Round,First and Second Round,1.8181818181818181,-1.8181818181818181
556,England,1998,11,0.0,0.0,0,0,0,0,0.0,World Cup 1998,Romania,"Stade de Toulouse, Toulouse",1,0,1,Lose,Europe,First and Second Round,First and Second Round,2.8181818181818183,-2.8181818181818183
556,Romania,1998,11,2.8181818181818183,2.0,9,31,6,4,0.5454545454545454,World Cup 1998,England,"Stade de Toulouse, Toulouse",2,0,2,Win,Europe,First and Second Round,First and Second Round,0.0,2.8181818181818183
557,Colombia,1998,11,1.5454545454545454,0.0,7,17,4,2,0.36363636363636365,World Cup 1998,England,"Stade Felix Bollaert, Lens",0,0,0,Lose,South America,First and Second Round,First and Second Round,0.0,1.5454545454545454
557,England,1998,11,0.0,0.0,0,0,0,0,0.0,World Cup 1998,Colombia,"Stade Felix Bollaert, Lens",2,0,2,Win,Europe,First and Second Round,First and Second Round,1.5454545454545454,-1.5454545454545454
558,Romania,1998,11,2.909090909090909,2.0,8,32,7,4,0.6363636363636364,World Cup 1998,Tunisia,"Stade de France, Paris (Saint-Denis)",1,0,1,Tie,Europe,First and Second Round,First and Second Round,0.0,2.909090909090909
558,Tunisia,1998,11,0.0,0.0,0,0,0,0,0.0,World Cup 1998,Romania,"Stade de France, Paris (Saint-Denis)",1,0,1,Tie,Africa,First and Second Round,First and Second Round,2.909090909090909,-2.909090909090909
559,Argentina,1998,11,1.4545454545454546,0.0,5,16,4,1,0.36363636363636365,World Cup 1998,Japan,"Stade de Toulouse, Toulouse",1,0,1,Win,South America,First and Second Round,First and Second Round,0.0,1.4545454545454546
559,Japan,1998,11,0.0,0.0,0,0,0,0,0.0,World Cup 1998,Argentina,"Stade de Toulouse, Toulouse",0,0,0,Lose,Asia,First and Second Round,First and Second Round,1.4545454545454546,-1.4545454545454546
560,Croatia,1998,11,0.36363636363636365,0.0,3,4,2,0,0.18181818181818182,World Cup 1998,Jamaica,"Stade Felix Bollaert, Lens",3,0,3,Win,Europe,First and Second Round,First and Second Round,0.0,0.36363636363636365
560,Jamaica,1998,11,0.0,0.0,0,0,0,0,0.0,World Cup 1998,Croatia,"Stade Felix Bollaert, Lens",1,0,1,Lose,North America,First and Second Round,First and Second Round,0.36363636363636365,-0.36363636363636365
561,Croatia,1998,11,0.36363636363636365,0.0,3,4,2,0,0.18181818181818182,World Cup 1998,Japan,"Stade de la Beaujoire, Nantes",1,0,1,Win,Europe,First and Second Round,First and Second Round,0.0,0.36363636363636365
561,Japan,1998,11,0.0,0.0,0,0,0,0,0.0,World Cup 1998,Croatia,"Stade de la Beaujoire, Nantes",0,0,0,Lose,Asia,First and Second Round,First and Second Round,0.36363636363636365,-0.36363636363636365
562,Argentina,1998,11,1.8181818181818181,0.0,5,20,5,1,0.45454545454545453,World Cup 1998,Jamaica,"Parc des Princes, Paris",5,0,5,Win,South America,First and Second Round,First and Second Round,0.0,1.8181818181818181
562,Jamaica,1998,11,0.0,0.0,0,0,0,0,0.0,World Cup 1998,Argentina,"Parc des Princes, Paris",0,0,0,Lose,North America,First and Second Round,First and Second Round,1.8181818181818181,-1.8181818181818181
563,Argentina,1998,11,0.6363636363636364,0.0,4,7,2,0,0.18181818181818182,World Cup 1998,Croatia,"Stade de Bordeaux, Bordeaux",1,0,1,Win,South America,First and Second Round,First and Second Round,0.36363636363636365,0.2727272727272727
563,Croatia,1998,11,0.36363636363636365,0.0,3,4,2,0,0.18181818181818182,World Cup 1998,Argentina,"Stade de Bordeaux, Bordeaux",0,0,0,Lose,Europe,First and Second Round,First and Second Round,0.6363636363636364,-0.2727272727272727
564,Jamaica,1998,11,0.0,0.0,0,0,0,0,0.0,World Cup 1998,Japan,"Stade de Gerland, Lyon",2,0,2,Win,North America,First and Second Round,First and Second Round,0.0,0.0
564,Japan,1998,11,0.0,0.0,0,0,0,0,0.0,World Cup 1998,Jamaica,"Stade de Gerland, Lyon",1,0,1,Lose,Asia,First and Second Round,First and Second Round,0.0,0.0
565,Italy,1998,11,4.7272727272727275,5.0,14,52,6,6,0.5454545454545454,World Cup 1998,Norway,"Stade Vélodrome, Marseille",1,0,1,Win,Europe,First and Second Round,First and Second Round,1.3636363636363635,3.363636363636364
565,Norway,1998,11,1.3636363636363635,0.0,3,15,5,0,0.45454545454545453,World Cup 1998,Italy,"Stade Vélodrome, Marseille",0,0,0,Lose,Europe,First and Second Round,First and Second Round,4.7272727272727275,-3.363636363636364
566,Brazil,1998,11,4.0,3.0,11,44,6,4,0.5454545454545454,World Cup 1998,Chile,"Parc des Princes, Paris",4,0,4,Win,South America,First and Second Round,First and Second Round,0.0,4.0
566,Chile,1998,11,0.0,0.0,0,0,0,0,0.0,World Cup 1998,Brazil,"Parc des Princes, Paris",1,0,1,Lose,South America,First and Second Round,First and Second Round,4.0,-4.0
567,France,1998,11,0.0,0.0,0,0,0,0,0.0,World Cup 1998,Paraguay,"Stade Felix Bollaert, Lens",1,0,1,Win,Europe,First and Second Round,First and Second Round,0.36363636363636365,-0.36363636363636365
567,Paraguay,1998,11,0.36363636363636365,0.0,4,4,1,0,0.09090909090909091,World Cup 1998,France,"Stade Felix Bollaert, Lens",0,0,0,Lose,South America,First and Second Round,First and Second Round,0.0,0.36363636363636365
568,Denmark,1998,11,0.36363636363636365,0.0,4,4,1,0,0.09090909090909091,World Cup 1998,Nigeria,"Stade de France, Paris (Saint-Denis)",4,0,4,Win,Europe,First and Second Round,First and Second Round,2.090909090909091,-1.727272727272727
568,Nigeria,1998,11,2.090909090909091,3.0,4,23,6,0,0.5454545454545454,World Cup 1998,Denmark,"Stade de France, Paris (Saint-Denis)",1,0,1,Lose,Africa,First and Second Round,First and Second Round,0.36363636363636365,1.727272727272727
569,Germany,1998,11,4.181818181818182,0.0,21,46,4,3,0.36363636363636365,World Cup 1998,Mexico,"Stade de la Mosson, Montpellier",2,0,2,Win,Europe,First and Second Round,First and Second Round,1.3636363636363635,2.8181818181818183
569,Mexico,1998,11,1.3636363636363635,0.0,4,15,4,0,0.36363636363636365,World Cup 1998,Germany,"Stade de la Mosson, Montpellier",1,0,1,Lose,North America,First and Second Round,First and Second Round,4.181818181818182,-2.8181818181818183
570,Netherlands,1998,11,1.6363636363636365,0.0,5,18,5,2,0.45454545454545453,World Cup 1998,Yugoslavia,"Stade de Toulouse, Toulouse",2,0,2,Win,Europe,First and Second Round,First and Second Round,0.45454545454545453,1.1818181818181819
570,Yugoslavia,1998,11,0.45454545454545453,0.0,5,5,1,1,0.09090909090909091,World Cup 1998,Netherlands,"Stade de Toulouse, Toulouse",1,0,1,Lose,Europe,First and Second Round,First and Second Round,1.6363636363636365,-1.1818181818181819
571,Croatia,1998,11,0.09090909090909091,0.0,1,1,1,0,0.09090909090909091,World Cup 1998,Romania,"Stade de Bordeaux, Bordeaux",1,0,1,Win,Europe,First and Second Round,First and Second Round,2.8181818181818183,-2.7272727272727275
571,Romania,1998,11,2.8181818181818183,2.0,9,31,6,4,0.5454545454545454,World Cup 1998,Croatia,"Stade de Bordeaux, Bordeaux",0,0,0,Lose,Europe,First and Second Round,First and Second Round,0.09090909090909091,2.7272727272727275
572,Argentina,1998,11,1.3636363636363635,0.0,4,15,4,0,0.36363636363636365,World Cup 1998,England,"Stade Geoffroy Guichard, Saint-Étienne",2,4,6,Win,South America,First and Second Round,First and Second Round,0.0,1.3636363636363635
572,England,1998,11,0.0,0.0,0,0,0,0,0.0,World Cup 1998,Argentina,"Stade Geoffroy Guichard, Saint-Étienne",2,3,5,Lose,Europe,First and Second Round,First and Second Round,1.3636363636363635,-1.3636363636363635
573,France,1998,11,0.0,0.0,0,0,0,0,0.0,World Cup 1998,Italy,"Stade de France, Paris (Saint-Denis)",0,4,4,Win,Europe,First and Second Round,First and Second Round,4.090909090909091,-4.090909090909091
573,Italy,1998,11,4.090909090909091,0.0,14,45,5,5,0.45454545454545453,World Cup 1998,France,"Stade de France, Paris (Saint-Denis)",0,3,3,Lose,Europe,First and Second Round,First and Second Round,0.0,4.090909090909091
574,Brazil,1998,11,4.0,3.0,11,44,6,4,0.5454545454545454,World Cup 1998,Denmark,"Stade de la Beaujoire, Nantes",3,0,3,Win,South America,First and Second Round,First and Second Round,0.36363636363636365,3.6363636363636362
574,Denmark,1998,11,0.36363636363636365,0.0,4,4,1,0,0.09090909090909091,World Cup 1998,Brazil,"Stade de la Beaujoire, Nantes",2,0,2,Lose,Europe,First and Second Round,First and Second Round,4.0,-3.6363636363636362
575,Argentina,1998,11,1.8181818181818181,0.0,5,20,5,1,0.45454545454545453,World Cup 1998,Netherlands,"Stade Vélodrome, Marseille",1,0,1,Lose,South America,First and Second Round,First and Second Round,1.6363636363636365,0.18181818181818166
575,Netherlands,1998,11,1.6363636363636365,0.0,5,18,5,2,0.45454545454545453,World Cup 1998,Argentina,"Stade Vélodrome, Marseille",2,0,2,Win,Europe,First and Second Round,First and Second Round,1.8181818181818181,-0.18181818181818166
576,Croatia,1998,11,0.09090909090909091,0.0,1,1,1,0,0.09090909090909091,World Cup 1998,Germany,"Stade de Gerland, Lyon",3,0,3,Win,Europe,First and Second Round,First and Second Round,4.7272727272727275,-4.636363636363637
576,Germany,1998,11,4.7272727272727275,0.0,21,52,4,4,0.36363636363636365,World Cup 1998,Croatia,"Stade de Gerland, Lyon",0,0,0,Lose,Europe,First and Second Round,First and Second Round,0.09090909090909091,4.636363636363637
577,Brazil,1998,11,3.727272727272727,0.0,11,41,5,4,0.45454545454545453,World Cup 1998,Netherlands,"Stade Vélodrome, Marseille",1,4,5,Win,South America,Semi-Final,Semi-Final,1.5454545454545454,2.1818181818181817
577,Netherlands,1998,11,1.5454545454545454,0.0,5,17,4,2,0.36363636363636365,World Cup 1998,Brazil,"Stade Vélodrome, Marseille",1,2,3,Lose,Europe,Semi-Final,Semi-Final,3.727272727272727,-2.1818181818181817
578,Croatia,1998,11,0.09090909090909091,0.0,1,1,1,0,0.09090909090909091,World Cup 1998,France,"Stade de France, Paris (Saint-Denis)",1,0,1,Lose,Europe,Semi-Final,Semi-Final,0.0,0.09090909090909091
578,France,1998,11,0.0,0.0,0,0,0,0,0.0,World Cup 1998,Croatia,"Stade de France, Paris (Saint-Denis)",2,0,2,Win,Europe,Semi-Final,Semi-Final,0.09090909090909091,-0.09090909090909091
579,Croatia,1998,11,0.36363636363636365,0.0,3,4,2,0,0.18181818181818182,World Cup 1998,Netherlands,"Parc des Princes, Paris",2,0,2,Win,Europe,Final,Final - 3rd,1.3636363636363635,-0.9999999999999999
579,Netherlands,1998,11,1.3636363636363635,0.0,5,15,4,2,0.36363636363636365,World Cup 1998,Croatia,"Parc des Princes, Paris",1,0,1,Lose,Europe,Final,Final - 3rd,0.36363636363636365,0.9999999999999999
580,Brazil,1998,11,4.0,3.0,11,44,6,4,0.5454545454545454,World Cup 1998,France,"Stade de France, Paris (Saint-Denis)",0,0,0,Lose,South America,Final,Final - 1st,0.0,4.0
580,France,1998,11,0.0,0.0,0,0,0,0,0.0,World Cup 1998,Brazil,"Stade de France, Paris (Saint-Denis)",3,0,3,Win,Europe,Final,Final - 1st,4.0,-4.0
581,France,2002,11,5.090909090909091,6.0,7,56,10,8,0.9090909090909091,World Cup 2002,Senegal,"Seoul World Cup Stadium, Seoul",0,0,0,Lose,Europe,First and Second Round,First and Second Round,0.0,5.090909090909091
581,Senegal,2002,11,0.0,0.0,0,0,0,0,0.0,World Cup 2002,France,"Seoul World Cup Stadium, Seoul",1,0,1,Win,Africa,First and Second Round,First and Second Round,5.090909090909091,-5.090909090909091
582,Denmark,2002,11,1.5454545454545454,0.0,5,17,4,3,0.36363636363636365,World Cup 2002,Uruguay,"Munsu Football Stadium, Ulsan",2,0,2,Win,Europe,First and Second Round,First and Second Round,0.0,1.5454545454545454
582,Uruguay,2002,11,0.0,0.0,0,0,0,0,0.0,World Cup 2002,Denmark,"Munsu Football Stadium, Ulsan",1,0,1,Lose,South America,First and Second Round,First and Second Round,1.5454545454545454,-1.5454545454545454
583,Denmark,2002,11,1.5454545454545454,0.0,5,17,4,3,0.36363636363636365,World Cup 2002,Senegal,"Daegu World Cup Stadium, Daegu",1,0,1,Tie,Europe,First and Second Round,First and Second Round,0.0,1.5454545454545454
583,Senegal,2002,11,0.0,0.0,0,0,0,0,0.0,World Cup 2002,Denmark,"Daegu World Cup Stadium, Daegu",1,0,1,Tie,Africa,First and Second Round,First and Second Round,1.5454545454545454,-1.5454545454545454
584,France,2002,11,4.454545454545454,6.0,7,49,9,7,0.8181818181818182,World Cup 2002,Uruguay,"Busan Asiad Main Stadium, Busan",0,0,0,Tie,Europe,First and Second Round,First and Second Round,0.0,4.454545454545454
584,Uruguay,2002,11,0.0,0.0,0,0,0,0,0.0,World Cup 2002,France,"Busan Asiad Main Stadium, Busan",0,0,0,Tie,South America,First and Second Round,First and Second Round,4.454545454545454,-4.454545454545454
585,Denmark,2002,11,1.0909090909090908,0.0,5,12,3,2,0.2727272727272727,World Cup 2002,France,"Incheon Munhak Stadium, Incheon",2,0,2,Win,Europe,First and Second Round,First and Second Round,3.909090909090909,-2.8181818181818183
585,France,2002,11,3.909090909090909,5.0,7,43,9,6,0.8181818181818182,World Cup 2002,Denmark,"Incheon Munhak Stadium, Incheon",0,0,0,Lose,Europe,First and Second Round,First and Second Round,1.0909090909090908,2.8181818181818183
586,Senegal,2002,11,0.0,0.0,0,0,0,0,0.0,World Cup 2002,Uruguay,"Suwon World Cup Stadium, Suwon-si",3,0,3,Tie,Africa,First and Second Round,First and Second Round,0.0,0.0
586,Uruguay,2002,11,0.0,0.0,0,0,0,0,0.0,World Cup 2002,Senegal,"Suwon World Cup Stadium, Suwon-si",3,0,3,Tie,South America,First and Second Round,First and Second Round,0.0,0.0
587,Paraguay,2002,11,2.727272727272727,3.0,11,30,6,1,0.5454545454545454,World Cup 2002,South Africa,"Busan Asiad Main Stadium, Busan",2,0,2,Tie,South America,First and Second Round,First and Second Round,1.0909090909090908,1.6363636363636362
587,South Africa,2002,11,1.0909090909090908,0.0,3,12,4,0,0.36363636363636365,World Cup 2002,Paraguay,"Busan Asiad Main Stadium, Busan",2,0,2,Tie,Africa,First and Second Round,First and Second Round,2.727272727272727,-1.6363636363636362
588,Slovenia,2002,11,0.0,0.0,0,0,0,0,0.0,World Cup 2002,Spain,"Gwangju World Cup Stadium, Gwangju",1,0,1,Lose,Europe,First and Second Round,First and Second Round,2.090909090909091,-2.090909090909091
588,Spain,2002,11,2.090909090909091,0.0,8,23,4,3,0.36363636363636365,World Cup 2002,Slovenia,"Gwangju World Cup Stadium, Gwangju",3,0,3,Win,Europe,First and Second Round,First and Second Round,0.0,2.090909090909091
589,Paraguay,2002,11,2.727272727272727,4.0,4,30,8,0,0.7272727272727273,World Cup 2002,Spain,"Jeonju World Cup Stadium, Jeonju-si",1,0,1,Lose,South America,First and Second Round,First and Second Round,2.090909090909091,0.6363636363636362
589,Spain,2002,11,2.090909090909091,0.0,8,23,4,3,0.36363636363636365,World Cup 2002,Paraguay,"Jeonju World Cup Stadium, Jeonju-si",3,0,3,Win,Europe,First and Second Round,First and Second Round,2.727272727272727,-0.6363636363636362
590,Slovenia,2002,11,0.0,0.0,0,0,0,0,0.0,World Cup 2002,South Africa,"Daegu World Cup Stadium, Daegu",0,0,0,Lose,Europe,First and Second Round,First and Second Round,0.8181818181818182,-0.8181818181818182
590,South Africa,2002,11,0.8181818181818182,0.0,3,9,3,0,0.2727272727272727,World Cup 2002,Slovenia,"Daegu World Cup Stadium, Daegu",1,0,1,Win,Africa,First and Second Round,First and Second Round,0.0,0.8181818181818182
591,Paraguay,2002,11,2.727272727272727,4.0,4,30,8,0,0.7272727272727273,World Cup 2002,Slovenia,"Jeju World Cup Stadium, Seogwipo-si",3,0,3,Win,South America,First and Second Round,First and Second Round,0.0,2.727272727272727
591,Slovenia,2002,11,0.0,0.0,0,0,0,0,0.0,World Cup 2002,Paraguay,"Jeju World Cup Stadium, Seogwipo-si",1,0,1,Lose,Europe,First and Second Round,First and Second Round,2.727272727272727,-2.727272727272727
592,South Africa,2002,11,0.8181818181818182,0.0,3,9,3,0,0.2727272727272727,World Cup 2002,Spain,"Daejeon World Cup Stadium, Daejeon",2,0,2,Lose,Africa,First and Second Round,First and Second Round,0.9090909090909091,-0.09090909090909083
592,Spain,2002,11,0.9090909090909091,0.0,5,10,3,1,0.2727272727272727,World Cup 2002,South Africa,"Daejeon World Cup Stadium, Daejeon",3,0,3,Win,Europe,First and Second Round,First and Second Round,0.8181818181818182,0.09090909090909083
593,Brazil,2002,11,2.727272727272727,0.0,9,30,4,4,0.36363636363636365,World Cup 2002,Turkey,"Munsu Football Stadium, Ulsan",2,0,2,Win,South America,First and Second Round,First and Second Round,0.0,2.727272727272727
593,Turkey,2002,11,0.0,0.0,0,0,0,0,0.0,World Cup 2002,Brazil,"Munsu Football Stadium, Ulsan",1,0,1,Lose,Asia,First and Second Round,First and Second Round,2.727272727272727,-2.727272727272727
594,China,2002,11,0.0,0.0,0,0,0,0,0.0,World Cup 2002,Costa Rica,"Gwangju World Cup Stadium, Gwangju",0,0,0,Lose,Asia,First and Second Round,First and Second Round,0.0,0.0
594,Costa Rica,2002,11,0.0,0.0,0,0,0,0,0.0,World Cup 2002,China,"Gwangju World Cup Stadium, Gwangju",2,0,2,Win,North America,First and Second Round,First and Second Round,0.0,0.0
595,Brazil,2002,11,2.727272727272727,0.0,9,30,4,4,0.36363636363636365,World Cup 2002,China,"Jeju World Cup Stadium, Seogwipo-si",4,0,4,Win,South America,First and Second Round,First and Second Round,0.0,2.727272727272727
595,China,2002,11,0.0,0.0,0,0,0,0,0.0,World Cup 2002,Brazil,"Jeju World Cup Stadium, Seogwipo-si",0,0,0,Lose,Asia,First and Second Round,First and Second Round,2.727272727272727,-2.727272727272727
596,Costa Rica,2002,11,0.0,0.0,0,0,0,0,0.0,World Cup 2002,Turkey,"Incheon Munhak Stadium, Incheon",1,0,1,Tie,North America,First and Second Round,First and Second Round,0.0,0.0
596,Turkey,2002,11,0.0,0.0,0,0,0,0,0.0,World Cup 2002,Costa Rica,"Incheon Munhak Stadium, Incheon",1,0,1,Tie,Asia,First and Second Round,First and Second Round,0.0,0.0
597,Brazil,2002,11,2.090909090909091,0.0,9,23,3,3,0.2727272727272727,World Cup 2002,Costa Rica,"Suwon World Cup Stadium, Suwon-si",5,0,5,Win,South America,First and Second Round,First and Second Round,0.0,2.090909090909091
597,Costa Rica,2002,11,0.0,0.0,0,0,0,0,0.0,World Cup 2002,Brazil,"Suwon World Cup Stadium, Suwon-si",2,0,2,Lose,North America,First and Second Round,First and Second Round,2.090909090909091,-2.090909090909091
598,China,2002,11,0.0,0.0,0,0,0,0,0.0,World Cup 2002,Turkey,"Seoul World Cup Stadium, Seoul",0,0,0,Lose,Asia,First and Second Round,First and Second Round,0.0,0.0
598,Turkey,2002,11,0.0,0.0,0,0,0,0,0.0,World Cup 2002,China,"Seoul World Cup Stadium, Seoul",3,0,3,Win,Asia,First and Second Round,First and Second Round,0.0,0.0
599,Poland,2002,11,0.0,0.0,0,0,0,0,0.0,World Cup 2002,South Korea,"Busan Asiad Main Stadium, Busan",0,0,0,Lose,Europe,First and Second Round,First and Second Round,1.9090909090909092,-1.9090909090909092
599,South Korea,2002,11,1.9090909090909092,0.0,9,21,5,2,0.45454545454545453,World Cup 2002,Poland,"Busan Asiad Main Stadium, Busan",2,0,2,Win,Asia,First and Second Round,First and Second Round,0.0,1.9090909090909092
600,Portugal,2002,11,0.5454545454545454,0.0,6,6,1,1,0.09090909090909091,World Cup 2002,USA,"Suwon World Cup Stadium, Suwon-si",2,0,2,Lose,Europe,First and Second Round,First and Second Round,1.3636363636363635,-0.8181818181818181
600,USA,2002,11,1.3636363636363635,0.0,7,15,5,1,0.45454545454545453,World Cup 2002,Portugal,"Suwon World Cup Stadium, Suwon-si",3,0,3,Win,North America,First and Second Round,First and Second Round,0.5454545454545454,0.8181818181818181
601,South Korea,2002,11,1.9090909090909092,0.0,9,21,5,2,0.45454545454545453,World Cup 2002,USA,"Daegu World Cup Stadium, Daegu",1,0,1,Tie,Asia,First and Second Round,First and Second Round,1.0,0.9090909090909092
601,USA,2002,11,1.0,0.0,3,11,5,0,0.45454545454545453,World Cup 2002,South Korea,"Daegu World Cup Stadium, Daegu",1,0,1,Tie,North America,First and Second Round,First and Second Round,1.9090909090909092,-0.9090909090909092
602,Poland,2002,11,0.0,0.0,0,0,0,0,0.0,World Cup 2002,Portugal,"Jeonju World Cup Stadium, Jeonju-si",0,0,0,Lose,Europe,First and Second Round,First and Second Round,0.5454545454545454,-0.5454545454545454
602,Portugal,2002,11,0.5454545454545454,0.0,6,6,1,1,0.09090909090909091,World Cup 2002,Poland,"Jeonju World Cup Stadium, Jeonju-si",4,0,4,Win,Europe,First and Second Round,First and Second Round,0.0,0.5454545454545454
603,Poland,2002,11,0.0,0.0,0,0,0,0,0.0,World Cup 2002,USA,"Daejeon World Cup Stadium, Daejeon",3,0,3,Win,Europe,First and Second Round,First and Second Round,1.6363636363636365,-1.6363636363636365
603,USA,2002,11,1.6363636363636365,1.0,7,18,6,1,0.5454545454545454,World Cup 2002,Poland,"Daejeon World Cup Stadium, Daejeon",1,0,1,Lose,North America,First and Second Round,First and Second Round,0.0,1.6363636363636365
604,Portugal,2002,11,0.5454545454545454,0.0,6,6,1,1,0.09090909090909091,World Cup 2002,South Korea,"Incheon Munhak Stadium, Incheon",0,0,0,Lose,Europe,First and Second Round,First and Second Round,1.4545454545454546,-0.9090909090909092
604,South Korea,2002,11,1.4545454545454546,0.0,9,16,4,1,0.36363636363636365,World Cup 2002,Portugal,"Incheon Munhak Stadium, Incheon",1,0,1,Win,Asia,First and Second Round,First and Second Round,0.5454545454545454,0.9090909090909092
605,Cameroon,2002,11,2.1818181818181817,3.0,5,24,8,2,0.7272727272727273,World Cup 2002,Ireland,"Niigata Stadium, Niigata",1,0,1,Tie,Africa,First and Second Round,First and Second Round,1.3636363636363635,0.8181818181818181
605,Ireland,2002,11,1.3636363636363635,0.0,9,15,3,1,0.2727272727272727,World Cup 2002,Cameroon,"Niigata Stadium, Niigata",1,0,1,Tie,Europe,First and Second Round,First and Second Round,2.1818181818181817,-0.8181818181818181
606,Germany,2002,11,0.8181818181818182,0.0,5,9,2,1,0.18181818181818182,World Cup 2002,Saudi Arabia,"Sapporo Dome, Sapporo",8,0,8,Win,Europe,First and Second Round,First and Second Round,2.3636363636363638,-1.5454545454545454
606,Saudi Arabia,2002,11,2.3636363636363638,1.0,8,26,6,3,0.5454545454545454,World Cup 2002,Germany,"Sapporo Dome, Sapporo",0,0,0,Lose,Asia,First and Second Round,First and Second Round,0.8181818181818182,1.5454545454545454
607,Germany,2002,11,0.8181818181818182,0.0,5,9,2,1,0.18181818181818182,World Cup 2002,Ireland,"Ibaraki Kashima Stadium, Kashima",1,0,1,Tie,Europe,First and Second Round,First and Second Round,1.0,-0.18181818181818177
607,Ireland,2002,11,1.0,0.0,9,11,2,1,0.18181818181818182,World Cup 2002,Germany,"Ibaraki Kashima Stadium, Kashima",1,0,1,Tie,Europe,First and Second Round,First and Second Round,0.8181818181818182,0.18181818181818177
608,Cameroon,2002,11,1.9090909090909092,1.0,5,21,7,2,0.6363636363636364,World Cup 2002,Saudi Arabia,"Saitama Stadium, Saitama",1,0,1,Win,Africa,First and Second Round,First and Second Round,1.9090909090909092,0.0
608,Saudi Arabia,2002,11,1.9090909090909092,1.0,7,21,6,2,0.5454545454545454,World Cup 2002,Cameroon,"Saitama Stadium, Saitama",0,0,0,Lose,Asia,First and Second Round,First and Second Round,1.9090909090909092,0.0
609,Ireland,2002,11,1.0,0.0,9,11,2,1,0.18181818181818182,World Cup 2002,Saudi Arabia,"International Stadium Yokohama, Yokohama",3,0,3,Win,Europe,First and Second Round,First and Second Round,2.090909090909091,-1.0909090909090908
609,Saudi Arabia,2002,11,2.090909090909091,1.0,7,23,6,2,0.5454545454545454,World Cup 2002,Ireland,"International Stadium Yokohama, Yokohama",0,0,0,Lose,Asia,First and Second Round,First and Second Round,1.0,1.0909090909090908
610,Cameroon,2002,11,2.1818181818181817,3.0,5,24,8,2,0.7272727272727273,World Cup 2002,Germany,"Shizuoka Stadium Ecopa, Shizuoka",0,0,0,Lose,Africa,First and Second Round,First and Second Round,0.8181818181818182,1.3636363636363633
610,Germany,2002,11,0.8181818181818182,0.0,5,9,2,1,0.18181818181818182,World Cup 2002,Cameroon,"Shizuoka Stadium Ecopa, Shizuoka",2,0,2,Win,Europe,First and Second Round,First and Second Round,2.1818181818181817,-1.3636363636363633
611,Argentina,2002,11,3.727272727272727,5.0,9,41,6,6,0.5454545454545454,World Cup 2002,Nigeria,"Ibaraki Kashima Stadium, Kashima",1,0,1,Win,South America,First and Second Round,First and Second Round,1.8181818181818181,1.909090909090909
611,Nigeria,2002,11,1.8181818181818181,0.0,6,20,5,1,0.45454545454545453,World Cup 2002,Argentina,"Ibaraki Kashima Stadium, Kashima",0,0,0,Lose,Africa,First and Second Round,First and Second Round,3.727272727272727,-1.909090909090909
612,England,2002,11,1.7272727272727273,0.0,4,19,5,0,0.45454545454545453,World Cup 2002,Sweden,"Saitama Stadium, Saitama",1,0,1,Tie,Europe,First and Second Round,First and Second Round,0.45454545454545453,1.2727272727272727
612,Sweden,2002,11,0.45454545454545453,0.0,5,5,1,1,0.09090909090909091,World Cup 2002,England,"Saitama Stadium, Saitama",1,0,1,Tie,Europe,First and Second Round,First and Second Round,1.7272727272727273,-1.2727272727272727
613,Nigeria,2002,11,1.1818181818181819,0.0,6,13,3,1,0.2727272727272727,World Cup 2002,Sweden,"Kobe Wing Stadium, Kobe",1,0,1,Lose,Africa,First and Second Round,First and Second Round,0.45454545454545453,0.7272727272727273
613,Sweden,2002,11,0.45454545454545453,0.0,5,5,1,1,0.09090909090909091,World Cup 2002,Nigeria,"Kobe Wing Stadium, Kobe",2,0,2,Win,Europe,First and Second Round,First and Second Round,1.1818181818181819,-0.7272727272727273
614,Argentina,2002,11,3.272727272727273,0.0,9,36,5,5,0.45454545454545453,World Cup 2002,England,"Sapporo Dome, Sapporo",0,0,0,Lose,South America,First and Second Round,First and Second Round,1.7272727272727273,1.5454545454545456
614,England,2002,11,1.7272727272727273,0.0,4,19,5,0,0.45454545454545453,World Cup 2002,Argentina,"Sapporo Dome, Sapporo",1,0,1,Win,Europe,First and Second Round,First and Second Round,3.272727272727273,-1.5454545454545456
615,Argentina,2002,11,3.6363636363636362,5.0,9,40,6,6,0.5454545454545454,World Cup 2002,Sweden,"Miyagi Stadium, Rifu",1,0,1,Tie,South America,First and Second Round,First and Second Round,0.45454545454545453,3.1818181818181817
615,Sweden,2002,11,0.45454545454545453,0.0,5,5,1,1,0.09090909090909091,World Cup 2002,Argentina,"Miyagi Stadium, Rifu",1,0,1,Tie,Europe,First and Second Round,First and Second Round,3.6363636363636362,-3.1818181818181817
616,England,2002,11,1.7272727272727273,0.0,4,19,5,0,0.45454545454545453,World Cup 2002,Nigeria,"Yanmar Stadium Nagai, Osaka",0,0,0,Tie,Europe,First and Second Round,First and Second Round,0.5454545454545454,1.1818181818181819
616,Nigeria,2002,11,0.5454545454545454,0.0,6,6,1,1,0.09090909090909091,World Cup 2002,England,"Yanmar Stadium Nagai, Osaka",0,0,0,Tie,Africa,First and Second Round,First and Second Round,1.7272727272727273,-1.1818181818181819
617,Croatia,2002,11,2.6363636363636362,0.0,8,29,4,4,0.36363636363636365,World Cup 2002,Mexico,"Niigata Stadium, Niigata",0,0,0,Lose,Europe,First and Second Round,First and Second Round,0.7272727272727273,1.909090909090909
617,Mexico,2002,11,0.7272727272727273,0.0,4,8,3,0,0.2727272727272727,World Cup 2002,Croatia,"Niigata Stadium, Niigata",1,0,1,Win,North America,First and Second Round,First and Second Round,2.6363636363636362,-1.909090909090909
618,Ecuador,2002,11,0.0,0.0,0,0,0,0,0.0,World Cup 2002,Italy,"Sapporo Dome, Sapporo",0,0,0,Lose,South America,First and Second Round,First and Second Round,3.3636363636363638,-3.3636363636363638
618,Italy,2002,11,3.3636363636363638,0.0,19,37,5,4,0.45454545454545453,World Cup 2002,Ecuador,"Sapporo Dome, Sapporo",2,0,2,Win,Europe,First and Second Round,First and Second Round,0.0,3.3636363636363638
619,Croatia,2002,11,1.2727272727272727,0.0,8,14,2,2,0.18181818181818182,World Cup 2002,Italy,"Ibaraki Kashima Stadium, Kashima",2,0,2,Win,Europe,First and Second Round,First and Second Round,2.909090909090909,-1.6363636363636365
619,Italy,2002,11,2.909090909090909,0.0,19,32,4,3,0.36363636363636365,World Cup 2002,Croatia,"Ibaraki Kashima Stadium, Kashima",1,0,1,Lose,Europe,First and Second Round,First and Second Round,1.2727272727272727,1.6363636363636365
620,Ecuador,2002,11,0.0,0.0,0,0,0,0,0.0,World Cup 2002,Mexico,"Miyagi Stadium, Rifu",1,0,1,Lose,South America,First and Second Round,First and Second Round,1.0909090909090908,-1.0909090909090908
620,Mexico,2002,11,1.0909090909090908,0.0,4,12,4,0,0.36363636363636365,World Cup 2002,Ecuador,"Miyagi Stadium, Rifu",2,0,2,Win,North America,First and Second Round,First and Second Round,0.0,1.0909090909090908
621,Italy,2002,11,3.090909090909091,0.0,19,34,5,3,0.45454545454545453,World Cup 2002,Mexico,"Oita Stadium Big Eye, Oita",1,0,1,Tie,Europe,First and Second Round,First and Second Round,1.0909090909090908,2.0
621,Mexico,2002,11,1.0909090909090908,0.0,4,12,4,0,0.36363636363636365,World Cup 2002,Italy,"Oita Stadium Big Eye, Oita",1,0,1,Tie,North America,First and Second Round,First and Second Round,3.090909090909091,-2.0
622,Croatia,2002,11,1.2727272727272727,0.0,8,14,2,2,0.18181818181818182,World Cup 2002,Ecuador,"International Stadium Yokohama, Yokohama",0,0,0,Lose,Europe,First and Second Round,First and Second Round,0.0,1.2727272727272727
622,Ecuador,2002,11,0.0,0.0,0,0,0,0,0.0,World Cup 2002,Croatia,"International Stadium Yokohama, Yokohama",1,0,1,Win,South America,First and Second Round,First and Second Round,1.2727272727272727,-1.2727272727272727
623,Belgium,2002,11,0.45454545454545453,0.0,4,5,2,0,0.18181818181818182,World Cup 2002,Japan,"Saitama Stadium, Saitama",2,0,2,Tie,Europe,First and Second Round,First and Second Round,0.36363636363636365,0.09090909090909088
623,Japan,2002,11,0.36363636363636365,0.0,3,4,2,0,0.18181818181818182,World Cup 2002,Belgium,"Saitama Stadium, Saitama",2,0,2,Tie,Asia,First and Second Round,First and Second Round,0.45454545454545453,-0.09090909090909088
624,Russia,2002,11,0.8181818181818182,0.0,3,9,4,0,0.36363636363636365,World Cup 2002,Tunisia,"Kobe Wing Stadium, Kobe",2,0,2,Win,Europe and Asia,First and Second Round,First and Second Round,0.6363636363636364,0.18181818181818188
624,Tunisia,2002,11,0.6363636363636364,0.0,3,7,4,0,0.36363636363636365,World Cup 2002,Russia,"Kobe Wing Stadium, Kobe",0,0,0,Lose,Africa,First and Second Round,First and Second Round,0.8181818181818182,-0.18181818181818188
625,Japan,2002,11,0.36363636363636365,0.0,3,4,2,0,0.18181818181818182,World Cup 2002,Russia,"International Stadium Yokohama, Yokohama",1,0,1,Win,Asia,First and Second Round,First and Second Round,0.7272727272727273,-0.36363636363636365
625,Russia,2002,11,0.7272727272727273,0.0,3,8,3,0,0.2727272727272727,World Cup 2002,Japan,"International Stadium Yokohama, Yokohama",0,0,0,Lose,Europe and Asia,First and Second Round,First and Second Round,0.36363636363636365,0.36363636363636365
626,Belgium,2002,11,0.8181818181818182,0.0,4,9,4,0,0.36363636363636365,World Cup 2002,Tunisia,"Oita Stadium Big Eye, Oita",1,0,1,Tie,Europe,First and Second Round,First and Second Round,0.6363636363636364,0.18181818181818188
626,Tunisia,2002,11,0.6363636363636364,0.0,3,7,4,0,0.36363636363636365,World Cup 2002,Belgium,"Oita Stadium Big Eye, Oita",1,0,1,Tie,Africa,First and Second Round,First and Second Round,0.8181818181818182,-0.18181818181818188
627,Belgium,2002,11,0.7272727272727273,0.0,4,8,5,0,0.45454545454545453,World Cup 2002,Russia,"Shizuoka Stadium Ecopa, Shizuoka",3,0,3,Win,Europe,First and Second Round,First and Second Round,0.8181818181818182,-0.09090909090909094
627,Russia,2002,11,0.8181818181818182,0.0,3,9,4,0,0.36363636363636365,World Cup 2002,Belgium,"Shizuoka Stadium Ecopa, Shizuoka",2,0,2,Lose,Europe and Asia,First and Second Round,First and Second Round,0.7272727272727273,0.09090909090909094
628,Japan,2002,11,0.36363636363636365,0.0,3,4,2,0,0.18181818181818182,World Cup 2002,Tunisia,"Yanmar Stadium Nagai, Osaka",2,0,2,Win,Asia,First and Second Round,First and Second Round,0.8181818181818182,-0.4545454545454546
628,Tunisia,2002,11,0.8181818181818182,0.0,3,9,5,0,0.45454545454545453,World Cup 2002,Japan,"Yanmar Stadium Nagai, Osaka",0,0,0,Lose,Africa,First and Second Round,First and Second Round,0.36363636363636365,0.4545454545454546
629,Germany,2002,11,0.2727272727272727,0.0,3,3,1,0,0.09090909090909091,World Cup 2002,Paraguay,"Jeju World Cup Stadium, Seogwipo-si",1,0,1,Win,Europe,First and Second Round,First and Second Round,2.3636363636363638,-2.090909090909091
629,Paraguay,2002,11,2.3636363636363638,3.0,4,26,7,0,0.6363636363636364,World Cup 2002,Germany,"Jeju World Cup Stadium, Seogwipo-si",0,0,0,Lose,South America,First and Second Round,First and Second Round,0.2727272727272727,2.090909090909091
630,Denmark,2002,11,1.0909090909090908,0.0,5,12,3,2,0.2727272727272727,World Cup 2002,England,"Niigata Stadium, Niigata",0,0,0,Lose,Europe,First and Second Round,First and Second Round,1.7272727272727273,-0.6363636363636365
630,England,2002,11,1.7272727272727273,0.0,4,19,5,0,0.45454545454545453,World Cup 2002,Denmark,"Niigata Stadium, Niigata",3,0,3,Win,Europe,First and Second Round,First and Second Round,1.0909090909090908,0.6363636363636365
631,Senegal,2002,11,0.0,0.0,0,0,0,0,0.0,World Cup 2002,Sweden,"Oita Stadium Big Eye, Oita",2,0,2,Win,Africa,First and Second Round,First and Second Round,0.45454545454545453,-0.45454545454545453
631,Sweden,2002,11,0.45454545454545453,0.0,5,5,1,1,0.09090909090909091,World Cup 2002,Senegal,"Oita Stadium Big Eye, Oita",1,0,1,Lose,Europe,First and Second Round,First and Second Round,0.0,0.45454545454545453
632,Ireland,2002,11,1.0,0.0,9,11,2,1,0.18181818181818182,World Cup 2002,Spain,"Suwon World Cup Stadium, Suwon-si",1,2,3,Lose,Europe,First and Second Round,First and Second Round,1.8181818181818181,-0.8181818181818181
632,Spain,2002,11,1.8181818181818181,0.0,8,20,4,2,0.36363636363636365,World Cup 2002,Ireland,"Suwon World Cup Stadium, Suwon-si",1,3,4,Win,Europe,First and Second Round,First and Second Round,1.0,0.8181818181818181
633,Mexico,2002,11,1.0909090909090908,0.0,4,12,4,0,0.36363636363636365,World Cup 2002,USA,"Jeonju World Cup Stadium, Jeonju-si",0,0,0,Lose,North America,First and Second Round,First and Second Round,0.7272727272727273,0.36363636363636354
633,USA,2002,11,0.7272727272727273,0.0,3,8,4,0,0.36363636363636365,World Cup 2002,Mexico,"Jeonju World Cup Stadium, Jeonju-si",2,0,2,Win,North America,First and Second Round,First and Second Round,1.0909090909090908,-0.36363636363636354
634,Belgium,2002,11,0.6363636363636364,0.0,4,7,4,0,0.36363636363636365,World Cup 2002,Brazil,"Kobe Wing Stadium, Kobe",0,0,0,Lose,Europe,First and Second Round,First and Second Round,2.727272727272727,-2.090909090909091
634,Brazil,2002,11,2.727272727272727,0.0,9,30,4,4,0.36363636363636365,World Cup 2002,Belgium,"Kobe Wing Stadium, Kobe",2,0,2,Win,South America,First and Second Round,First and Second Round,0.6363636363636364,2.090909090909091
635,Japan,2002,11,0.36363636363636365,0.0,3,4,2,0,0.18181818181818182,World Cup 2002,Turkey,"Miyagi Stadium, Rifu",0,0,0,Lose,Asia,First and Second Round,First and Second Round,0.0,0.36363636363636365
635,Turkey,2002,11,0.0,0.0,0,0,0,0,0.0,World Cup 2002,Japan,"Miyagi Stadium, Rifu",1,0,1,Win,Asia,First and Second Round,First and Second Round,0.36363636363636365,-0.36363636363636365
636,Italy,2002,11,2.5454545454545454,0.0,19,28,3,2,0.2727272727272727,World Cup 2002,South Korea,"Daejeon World Cup Stadium, Daejeon",1,0,1,Lose,Europe,First and Second Round,First and Second Round,1.4545454545454546,1.0909090909090908
636,South Korea,2002,11,1.4545454545454546,0.0,9,16,4,1,0.36363636363636365,World Cup 2002,Italy,"Daejeon World Cup Stadium, Daejeon",2,0,2,Win,Asia,First and Second Round,First and Second Round,2.5454545454545454,-1.0909090909090908
637,Brazil,2002,11,2.727272727272727,0.0,9,30,4,4,0.36363636363636365,World Cup 2002,England,"Shizuoka Stadium Ecopa, Shizuoka",2,0,2,Win,South America,First and Second Round,First and Second Round,1.7272727272727273,0.9999999999999998
637,England,2002,11,1.7272727272727273,0.0,4,19,5,0,0.45454545454545453,World Cup 2002,Brazil,"Shizuoka Stadium Ecopa, Shizuoka",1,0,1,Lose,Europe,First and Second Round,First and Second Round,2.727272727272727,-0.9999999999999998
638,Germany,2002,11,0.8181818181818182,0.0,5,9,2,1,0.18181818181818182,World Cup 2002,USA,"Munsu Football Stadium, Ulsan",1,0,1,Win,Europe,First and Second Round,First and Second Round,1.0,-0.18181818181818177
638,USA,2002,11,1.0,0.0,3,11,5,0,0.45454545454545453,World Cup 2002,Germany,"Munsu Football Stadium, Ulsan",0,0,0,Lose,North America,First and Second Round,First and Second Round,0.8181818181818182,0.18181818181818177
639,South Korea,2002,11,1.4545454545454546,0.0,9,16,4,1,0.36363636363636365,World Cup 2002,Spain,"Gwangju World Cup Stadium, Gwangju",0,5,5,Win,Asia,First and Second Round,First and Second Round,1.3636363636363635,0.09090909090909105
639,Spain,2002,11,1.3636363636363635,0.0,8,15,3,2,0.2727272727272727,World Cup 2002,South Korea,"Gwangju World Cup Stadium, Gwangju",0,3,3,Lose,Europe,First and Second Round,First and Second Round,1.4545454545454546,-0.09090909090909105
640,Senegal,2002,11,0.0,0.0,0,0,0,0,0.0,World Cup 2002,Turkey,"Yanmar Stadium Nagai, Osaka",0,0,0,Lose,Africa,First and Second Round,First and Second Round,0.0,0.0
640,Turkey,2002,11,0.0,0.0,0,0,0,0,0.0,World Cup 2002,Senegal,"Yanmar Stadium Nagai, Osaka",1,0,1,Win,Asia,First and Second Round,First and Second Round,0.0,0.0
641,Germany,2002,11,0.45454545454545453,0.0,5,5,1,1,0.09090909090909091,World Cup 2002,South Korea,"Seoul World Cup Stadium, Seoul",1,0,1,Win,Europe,Semi-Final,Semi-Final,1.9090909090909092,-1.4545454545454546
641,South Korea,2002,11,1.9090909090909092,0.0,9,21,5,2,0.45454545454545453,World Cup 2002,Germany,"Seoul World Cup Stadium, Seoul",0,0,0,Lose,Asia,Semi-Final,Semi-Final,0.45454545454545453,1.4545454545454546
642,Brazil,2002,11,2.727272727272727,0.0,9,30,4,4,0.36363636363636365,World Cup 2002,Turkey,"Saitama Stadium, Saitama",1,0,1,Win,South America,Semi-Final,Semi-Final,0.0,2.727272727272727
642,Turkey,2002,11,0.0,0.0,0,0,0,0,0.0,World Cup 2002,Brazil,"Saitama Stadium, Saitama",0,0,0,Lose,Asia,Semi-Final,Semi-Final,2.727272727272727,-2.727272727272727
643,South Korea,2002,11,1.4545454545454546,0.0,9,16,4,1,0.36363636363636365,World Cup 2002,Turkey,"Daegu World Cup Stadium, Daegu",2,0,2,Lose,Asia,Final,Final - 3rd,0.0,1.4545454545454546
643,Turkey,2002,11,0.0,0.0,0,0,0,0,0.0,World Cup 2002,South Korea,"Daegu World Cup Stadium, Daegu",3,0,3,Win,Asia,Final,Final - 3rd,1.4545454545454546,-1.4545454545454546
644,Brazil,2002,11,2.727272727272727,0.0,9,30,4,4,0.36363636363636365,World Cup 2002,Germany,"International Stadium Yokohama, Yokohama",2,0,2,Win,South America,Final,Final - 1st,0.7272727272727273,1.9999999999999998
644,Germany,2002,11,0.7272727272727273,0.0,5,8,2,1,0.18181818181818182,World Cup 2002,Brazil,"International Stadium Yokohama, Yokohama",0,0,0,Lose,Europe,Final,Final - 1st,2.727272727272727,-1.9999999999999998
645,Costa Rica,2006,11,1.6363636363636365,3.0,3,18,6,0,0.5454545454545454,World Cup 2006,Germany,"Allianz Arena, Munich",2,0,2,Lose,North America,First and Second Round,First and Second Round,2.5454545454545454,-0.909090909090909
645,Germany,2006,11,2.5454545454545454,0.0,7,28,4,4,0.36363636363636365,World Cup 2006,Costa Rica,"Allianz Arena, Munich",4,0,4,Win,Europe,First and Second Round,First and Second Round,1.6363636363636365,0.909090909090909
646,Ecuador,2006,11,1.5454545454545454,2.0,3,17,6,0,0.5454545454545454,World Cup 2006,Poland,"Arena AufSchalke, Gelsenkirchen",2,0,2,Win,South America,First and Second Round,First and Second Round,0.8181818181818182,0.7272727272727272
646,Poland,2006,11,0.8181818181818182,0.0,3,9,4,0,0.36363636363636365,World Cup 2006,Ecuador,"Arena AufSchalke, Gelsenkirchen",0,0,0,Lose,Europe,First and Second Round,First and Second Round,1.5454545454545454,-0.7272727272727272
647,Germany,2006,11,3.090909090909091,0.0,7,34,5,5,0.45454545454545453,World Cup 2006,Poland,"Signal-Iduna-Park, Dortmund",1,0,1,Win,Europe,First and Second Round,First and Second Round,0.8181818181818182,2.2727272727272725
647,Poland,2006,11,0.8181818181818182,0.0,3,9,4,0,0.36363636363636365,World Cup 2006,Germany,"Signal-Iduna-Park, Dortmund",0,0,0,Lose,Europe,First and Second Round,First and Second Round,3.090909090909091,-2.2727272727272725
648,Costa Rica,2006,11,1.6363636363636365,3.0,3,18,6,0,0.5454545454545454,World Cup 2006,Ecuador,"Volksparkstadion, Hamburg",0,0,0,Lose,North America,First and Second Round,First and Second Round,1.5454545454545454,0.09090909090909105
648,Ecuador,2006,11,1.5454545454545454,2.0,3,17,6,0,0.5454545454545454,World Cup 2006,Costa Rica,"Volksparkstadion, Hamburg",3,0,3,Win,South America,First and Second Round,First and Second Round,1.6363636363636365,-0.09090909090909105
649,Ecuador,2006,11,1.1818181818181819,0.0,3,13,5,0,0.45454545454545453,World Cup 2006,Germany,"Olympiastadion, Berlin",0,0,0,Lose,South America,First and Second Round,First and Second Round,2.4545454545454546,-1.2727272727272727
649,Germany,2006,11,2.4545454545454546,0.0,7,27,4,4,0.36363636363636365,World Cup 2006,Ecuador,"Olympiastadion, Berlin",3,0,3,Win,Europe,First and Second Round,First and Second Round,1.1818181818181819,1.2727272727272727
650,Costa Rica,2006,11,1.3636363636363635,0.0,3,15,5,0,0.45454545454545453,World Cup 2006,Poland,"HDI-Arena, Hanover",1,0,1,Lose,North America,First and Second Round,First and Second Round,0.8181818181818182,0.5454545454545453
650,Poland,2006,11,0.8181818181818182,0.0,3,9,4,0,0.36363636363636365,World Cup 2006,Costa Rica,"HDI-Arena, Hanover",2,0,2,Win,Europe,First and Second Round,First and Second Round,1.3636363636363635,-0.5454545454545453
651,England,2006,11,2.8181818181818183,1.0,9,31,6,4,0.5454545454545454,World Cup 2006,Paraguay,"Commerzbank Arena, Frankfurt",1,0,1,Win,Europe,First and Second Round,First and Second Round,3.5454545454545454,-0.7272727272727271
651,Paraguay,2006,11,3.5454545454545454,4.0,8,39,7,4,0.6363636363636364,World Cup 2006,England,"Commerzbank Arena, Frankfurt",0,0,0,Lose,South America,First and Second Round,First and Second Round,2.8181818181818183,0.7272727272727271
652,Sweden,2006,11,2.8181818181818183,4.0,9,31,7,1,0.6363636363636364,World Cup 2006,Trinidad and Tobago,"Signal-Iduna-Park, Dortmund",0,0,0,Tie,Europe,First and Second Round,First and Second Round,0.0,2.8181818181818183
652,Trinidad and Tobago,2006,11,0.0,0.0,0,0,0,0,0.0,World Cup 2006,Sweden,"Signal-Iduna-Park, Dortmund",0,0,0,Tie,North America,First and Second Round,First and Second Round,2.8181818181818183,-2.8181818181818183
653,England,2006,11,2.5454545454545454,0.0,9,28,5,4,0.45454545454545453,World Cup 2006,Trinidad and Tobago,"Frankenstadion, Nuremberg",2,0,2,Win,Europe,First and Second Round,First and Second Round,0.0,2.5454545454545454
653,Trinidad and Tobago,2006,11,0.0,0.0,0,0,0,0,0.0,World Cup 2006,England,"Frankenstadion, Nuremberg",0,0,0,Lose,North America,First and Second Round,First and Second Round,2.5454545454545454,-2.5454545454545454
654,Paraguay,2006,11,3.5454545454545454,4.0,8,39,7,4,0.6363636363636364,World Cup 2006,Sweden,"Olympiastadion, Berlin",0,0,0,Lose,South America,First and Second Round,First and Second Round,2.4545454545454546,1.0909090909090908
654,Sweden,2006,11,2.4545454545454546,2.0,9,27,6,1,0.5454545454545454,World Cup 2006,Paraguay,"Olympiastadion, Berlin",1,0,1,Win,Europe,First and Second Round,First and Second Round,3.5454545454545454,-1.0909090909090908
655,England,2006,11,2.727272727272727,1.0,9,30,6,4,0.5454545454545454,World Cup 2006,Sweden,"Rhein Energie Stadium, Cologne",2,0,2,Tie,Europe,First and Second Round,First and Second Round,2.8181818181818183,-0.09090909090909127
655,Sweden,2006,11,2.8181818181818183,4.0,9,31,7,1,0.6363636363636364,World Cup 2006,England,"Rhein Energie Stadium, Cologne",2,0,2,Tie,Europe,First and Second Round,First and Second Round,2.727272727272727,0.09090909090909127
656,Paraguay,2006,11,3.4545454545454546,4.0,8,38,6,4,0.5454545454545454,World Cup 2006,Trinidad and Tobago,"Fritz-Walter-Stadion, Kaiserslautern",2,0,2,Win,South America,First and Second Round,First and Second Round,0.0,3.4545454545454546
656,Trinidad and Tobago,2006,11,0.0,0.0,0,0,0,0,0.0,World Cup 2006,Paraguay,"Fritz-Walter-Stadion, Kaiserslautern",0,0,0,Lose,North America,First and Second Round,First and Second Round,3.4545454545454546,-3.4545454545454546
657,Argentina,2006,11,1.0909090909090908,0.0,5,12,3,1,0.2727272727272727,World Cup 2006,Côte d'Ivoire,"Volksparkstadion, Hamburg",2,0,2,Win,South America,First and Second Round,First and Second Round,0.0,1.0909090909090908
657,Côte d'Ivoire,2006,11,0.0,0.0,0,0,0,0,0.0,World Cup 2006,Argentina,"Volksparkstadion, Hamburg",1,0,1,Lose,Africa,First and Second Round,First and Second Round,1.0909090909090908,-1.0909090909090908
658,Netherlands,2006,11,1.2727272727272727,0.0,7,14,2,2,0.18181818181818182,World Cup 2006,Serbia and Montenegro,"Zentralstadion, Leipzig",1,0,1,Win,Europe,First and Second Round,First and Second Round,0.45454545454545453,0.8181818181818181
658,Serbia and Montenegro,2006,11,0.45454545454545453,0.0,3,5,2,0,0.18181818181818182,World Cup 2006,Netherlands,"Zentralstadion, Leipzig",0,0,0,Lose,Europe,First and Second Round,First and Second Round,1.2727272727272727,-0.8181818181818181
659,Argentina,2006,11,1.0909090909090908,0.0,5,12,3,1,0.2727272727272727,World Cup 2006,Serbia and Montenegro,"Arena AufSchalke, Gelsenkirchen",6,0,6,Win,South America,First and Second Round,First and Second Round,0.45454545454545453,0.6363636363636362
659,Serbia and Montenegro,2006,11,0.45454545454545453,0.0,3,5,2,0,0.18181818181818182,World Cup 2006,Argentina,"Arena AufSchalke, Gelsenkirchen",0,0,0,Lose,Europe,First and Second Round,First and Second Round,1.0909090909090908,-0.6363636363636362
660,Côte d'Ivoire,2006,11,0.0,0.0,0,0,0,0,0.0,World Cup 2006,Netherlands,"Mercedes-Benz Arena, Stuttgart",1,0,1,Lose,Africa,First and Second Round,First and Second Round,1.2727272727272727,-1.2727272727272727
660,Netherlands,2006,11,1.2727272727272727,0.0,7,14,2,2,0.18181818181818182,World Cup 2006,Côte d'Ivoire,"Mercedes-Benz Arena, Stuttgart",2,0,2,Win,Europe,First and Second Round,First and Second Round,0.0,1.2727272727272727
661,Côte d'Ivoire,2006,11,0.0,0.0,0,0,0,0,0.0,World Cup 2006,Serbia and Montenegro,"Allianz Arena, Munich",3,0,3,Win,Africa,First and Second Round,First and Second Round,0.2727272727272727,-0.2727272727272727
661,Serbia and Montenegro,2006,11,0.2727272727272727,0.0,3,3,1,0,0.09090909090909091,World Cup 2006,Côte d'Ivoire,"Allianz Arena, Munich",2,0,2,Lose,Europe,First and Second Round,First and Second Round,0.0,0.2727272727272727
662,Argentina,2006,11,0.45454545454545453,0.0,5,5,1,1,0.09090909090909091,World Cup 2006,Netherlands,"Commerzbank Arena, Frankfurt",0,0,0,Tie,South America,First and Second Round,First and Second Round,1.2727272727272727,-0.8181818181818181
662,Netherlands,2006,11,1.2727272727272727,0.0,7,14,2,2,0.18181818181818182,World Cup 2006,Argentina,"Commerzbank Arena, Frankfurt",0,0,0,Tie,Europe,First and Second Round,First and Second Round,0.45454545454545453,0.8181818181818181
663,Iran,2006,11,0.5454545454545454,0.0,3,6,2,0,0.18181818181818182,World Cup 2006,Mexico,"Frankenstadion, Nuremberg",1,0,1,Lose,Asia,First and Second Round,First and Second Round,1.3636363636363635,-0.8181818181818181
663,Mexico,2006,11,1.3636363636363635,0.0,4,15,4,0,0.36363636363636365,World Cup 2006,Iran,"Frankenstadion, Nuremberg",3,0,3,Win,North America,First and Second Round,First and Second Round,0.5454545454545454,0.8181818181818181
664,Angola,2006,11,0.0,0.0,0,0,0,0,0.0,World Cup 2006,Portugal,"Rhein Energie Stadium, Cologne",0,0,0,Lose,Africa,First and Second Round,First and Second Round,0.5454545454545454,-0.5454545454545454
664,Portugal,2006,11,0.5454545454545454,0.0,3,6,2,0,0.18181818181818182,World Cup 2006,Angola,"Rhein Energie Stadium, Cologne",1,0,1,Win,Europe,First and Second Round,First and Second Round,0.0,0.5454545454545454
665,Angola,2006,11,0.0,0.0,0,0,0,0,0.0,World Cup 2006,Mexico,"HDI-Arena, Hanover",0,0,0,Tie,Africa,First and Second Round,First and Second Round,1.0,-1.0
665,Mexico,2006,11,1.0,0.0,4,11,3,0,0.2727272727272727,World Cup 2006,Angola,"HDI-Arena, Hanover",0,0,0,Tie,North America,First and Second Round,First and Second Round,0.0,1.0
666,Iran,2006,11,0.2727272727272727,0.0,3,3,1,0,0.09090909090909091,World Cup 2006,Portugal,"Commerzbank Arena, Frankfurt",0,0,0,Lose,Asia,First and Second Round,First and Second Round,0.5454545454545454,-0.2727272727272727
666,Portugal,2006,11,0.5454545454545454,0.0,3,6,2,0,0.18181818181818182,World Cup 2006,Iran,"Commerzbank Arena, Frankfurt",2,0,2,Win,Europe,First and Second Round,First and Second Round,0.2727272727272727,0.2727272727272727
667,Angola,2006,11,0.0,0.0,0,0,0,0,0.0,World Cup 2006,Iran,"Zentralstadion, Leipzig",1,0,1,Tie,Africa,First and Second Round,First and Second Round,0.5454545454545454,-0.5454545454545454
667,Iran,2006,11,0.5454545454545454,0.0,3,6,2,0,0.18181818181818182,World Cup 2006,Angola,"Zentralstadion, Leipzig",1,0,1,Tie,Asia,First and Second Round,First and Second Round,0.0,0.5454545454545454
668,Mexico,2006,11,0.6363636363636364,0.0,4,7,2,0,0.18181818181818182,World Cup 2006,Portugal,"Arena AufSchalke, Gelsenkirchen",1,0,1,Lose,North America,First and Second Round,First and Second Round,0.2727272727272727,0.36363636363636365
668,Portugal,2006,11,0.2727272727272727,0.0,3,3,1,0,0.09090909090909091,World Cup 2006,Mexico,"Arena AufSchalke, Gelsenkirchen",2,0,2,Win,Europe,First and Second Round,First and Second Round,0.6363636363636364,-0.36363636363636365
669,Czechia,2006,11,0.0,0.0,0,0,0,0,0.0,World Cup 2006,USA,"Arena AufSchalke, Gelsenkirchen",3,0,3,Win,Europe,First and Second Round,First and Second Round,3.3636363636363638,-3.3636363636363638
669,USA,2006,11,3.3636363636363638,3.0,7,37,8,4,0.7272727272727273,World Cup 2006,Czechia,"Arena AufSchalke, Gelsenkirchen",0,0,0,Lose,North America,First and Second Round,First and Second Round,0.0,3.3636363636363638
670,Ghana,2006,11,0.0,0.0,0,0,0,0,0.0,World Cup 2006,Italy,"HDI-Arena, Hanover",0,0,0,Lose,Africa,First and Second Round,First and Second Round,2.0,-2.0
670,Italy,2006,11,2.0,0.0,8,22,4,2,0.36363636363636365,World Cup 2006,Ghana,"HDI-Arena, Hanover",2,0,2,Win,Europe,First and Second Round,First and Second Round,0.0,2.0
671,Czechia,2006,11,0.0,0.0,0,0,0,0,0.0,World Cup 2006,Ghana,"Rhein Energie Stadium, Cologne",0,0,0,Lose,Europe,First and Second Round,First and Second Round,0.0,0.0
671,Ghana,2006,11,0.0,0.0,0,0,0,0,0.0,World Cup 2006,Czechia,"Rhein Energie Stadium, Cologne",2,0,2,Win,Africa,First and Second Round,First and Second Round,0.0,0.0
672,Italy,2006,11,2.3636363636363638,0.0,8,26,5,2,0.45454545454545453,World Cup 2006,USA,"Fritz-Walter-Stadion, Kaiserslautern",1,0,1,Tie,Europe,First and Second Round,First and Second Round,2.8181818181818183,-0.4545454545454546
672,USA,2006,11,2.8181818181818183,2.0,7,31,6,4,0.5454545454545454,World Cup 2006,Italy,"Fritz-Walter-Stadion, Kaiserslautern",1,0,1,Tie,North America,First and Second Round,First and Second Round,2.3636363636363638,0.4545454545454546
673,Ghana,2006,11,0.0,0.0,0,0,0,0,0.0,World Cup 2006,USA,"Frankenstadion, Nuremberg",2,0,2,Win,Africa,First and Second Round,First and Second Round,2.4545454545454546,-2.4545454545454546
673,USA,2006,11,2.4545454545454546,2.0,7,27,6,3,0.5454545454545454,World Cup 2006,Ghana,"Frankenstadion, Nuremberg",1,0,1,Lose,North America,First and Second Round,First and Second Round,0.0,2.4545454545454546
674,Czechia,2006,11,0.0,0.0,0,0,0,0,0.0,World Cup 2006,Italy,"Volksparkstadion, Hamburg",0,0,0,Lose,Europe,First and Second Round,First and Second Round,2.5454545454545454,-2.5454545454545454
674,Italy,2006,11,2.5454545454545454,2.0,8,28,6,2,0.5454545454545454,World Cup 2006,Czechia,"Volksparkstadion, Hamburg",2,0,2,Win,Europe,First and Second Round,First and Second Round,0.0,2.5454545454545454
675,Australia,2006,11,0.0,0.0,0,0,0,0,0.0,World Cup 2006,Japan,"Fritz-Walter-Stadion, Kaiserslautern",3,0,3,Win,Oceania,First and Second Round,First and Second Round,1.8181818181818181,-1.8181818181818181
675,Japan,2006,11,1.8181818181818181,1.0,7,20,6,1,0.5454545454545454,World Cup 2006,Australia,"Fritz-Walter-Stadion, Kaiserslautern",1,0,1,Lose,Asia,First and Second Round,First and Second Round,0.0,1.8181818181818181
676,Brazil,2006,11,6.363636363636363,5.0,16,70,9,6,0.8181818181818182,World Cup 2006,Croatia,"Olympiastadion, Berlin",1,0,1,Win,South America,First and Second Round,First and Second Round,2.090909090909091,4.2727272727272725
676,Croatia,2006,11,2.090909090909091,3.0,8,23,6,1,0.5454545454545454,World Cup 2006,Brazil,"Olympiastadion, Berlin",0,0,0,Lose,Europe,First and Second Round,First and Second Round,6.363636363636363,-4.2727272727272725
677,Croatia,2006,11,2.090909090909091,3.0,8,23,6,1,0.5454545454545454,World Cup 2006,Japan,"Frankenstadion, Nuremberg",0,0,0,Tie,Europe,First and Second Round,First and Second Round,1.9090909090909092,0.18181818181818166
677,Japan,2006,11,1.9090909090909092,1.0,7,21,7,1,0.6363636363636364,World Cup 2006,Croatia,"Frankenstadion, Nuremberg",0,0,0,Tie,Asia,First and Second Round,First and Second Round,2.090909090909091,-0.18181818181818166
678,Australia,2006,11,0.0,0.0,0,0,0,0,0.0,World Cup 2006,Brazil,"Allianz Arena, Munich",0,0,0,Lose,Oceania,First and Second Round,First and Second Round,6.363636363636363,-6.363636363636363
678,Brazil,2006,11,6.363636363636363,5.0,16,70,9,6,0.8181818181818182,World Cup 2006,Australia,"Allianz Arena, Munich",2,0,2,Win,South America,First and Second Round,First and Second Round,0.0,6.363636363636363
679,Australia,2006,11,0.0,0.0,0,0,0,0,0.0,World Cup 2006,Croatia,"Mercedes-Benz Arena, Stuttgart",2,0,2,Tie,Oceania,First and Second Round,First and Second Round,2.272727272727273,-2.272727272727273
679,Croatia,2006,11,2.272727272727273,3.0,8,25,7,1,0.6363636363636364,World Cup 2006,Australia,"Mercedes-Benz Arena, Stuttgart",2,0,2,Tie,Europe,First and Second Round,First and Second Round,0.0,2.272727272727273
680,Brazil,2006,11,4.090909090909091,1.0,14,45,6,5,0.5454545454545454,World Cup 2006,Japan,"Signal-Iduna-Park, Dortmund",4,0,4,Win,South America,First and Second Round,First and Second Round,1.5454545454545454,2.5454545454545454
680,Japan,2006,11,1.5454545454545454,0.0,7,17,5,1,0.45454545454545453,World Cup 2006,Brazil,"Signal-Iduna-Park, Dortmund",1,0,1,Lose,Asia,First and Second Round,First and Second Round,4.090909090909091,-2.5454545454545454
681,South Korea,2006,11,4.0,5.0,8,44,7,6,0.6363636363636364,World Cup 2006,Togo,"Commerzbank Arena, Frankfurt",2,0,2,Win,Asia,First and Second Round,First and Second Round,0.0,4.0
681,Togo,2006,11,0.0,0.0,0,0,0,0,0.0,World Cup 2006,South Korea,"Commerzbank Arena, Frankfurt",1,0,1,Lose,Africa,First and Second Round,First and Second Round,4.0,-4.0
682,France,2006,11,3.8181818181818183,3.0,10,42,7,5,0.6363636363636364,World Cup 2006,Switzerland,"Mercedes-Benz Arena, Stuttgart",0,0,0,Tie,Europe,First and Second Round,First and Second Round,0.0,3.8181818181818183
682,Switzerland,2006,11,0.0,0.0,0,0,0,0,0.0,World Cup 2006,France,"Mercedes-Benz Arena, Stuttgart",0,0,0,Tie,Europe,First and Second Round,First and Second Round,3.8181818181818183,-3.8181818181818183
683,France,2006,11,3.8181818181818183,3.0,10,42,7,5,0.6363636363636364,World Cup 2006,South Korea,"Zentralstadion, Leipzig",1,0,1,Tie,Europe,First and Second Round,First and Second Round,3.8181818181818183,0.0
683,South Korea,2006,11,3.8181818181818183,5.0,8,42,7,6,0.6363636363636364,World Cup 2006,France,"Zentralstadion, Leipzig",1,0,1,Tie,Asia,First and Second Round,First and Second Round,3.8181818181818183,0.0
684,Switzerland,2006,11,0.0,0.0,0,0,0,0,0.0,World Cup 2006,Togo,"Signal-Iduna-Park, Dortmund",2,0,2,Win,Europe,First and Second Round,First and Second Round,0.0,0.0
684,Togo,2006,11,0.0,0.0,0,0,0,0,0.0,World Cup 2006,Switzerland,"Signal-Iduna-Park, Dortmund",0,0,0,Lose,Africa,First and Second Round,First and Second Round,0.0,0.0
685,France,2006,11,3.8181818181818183,1.0,10,42,6,5,0.5454545454545454,World Cup 2006,Togo,"Rhein Energie Stadium, Cologne",2,0,2,Win,Europe,First and Second Round,First and Second Round,0.0,3.8181818181818183
685,Togo,2006,11,0.0,0.0,0,0,0,0,0.0,World Cup 2006,France,"Rhein Energie Stadium, Cologne",0,0,0,Lose,Africa,First and Second Round,First and Second Round,3.8181818181818183,-3.8181818181818183
686,South Korea,2006,11,3.4545454545454546,5.0,8,38,6,6,0.5454545454545454,World Cup 2006,Switzerland,"HDI-Arena, Hanover",0,0,0,Lose,Asia,First and Second Round,First and Second Round,0.0,3.4545454545454546
686,Switzerland,2006,11,0.0,0.0,0,0,0,0,0.0,World Cup 2006,South Korea,"HDI-Arena, Hanover",2,0,2,Win,Europe,First and Second Round,First and Second Round,3.4545454545454546,-3.4545454545454546
687,Spain,2006,11,1.0909090909090908,0.0,5,12,3,1,0.2727272727272727,World Cup 2006,Ukraine,"Zentralstadion, Leipzig",4,0,4,Win,Europe,First and Second Round,First and Second Round,0.0,1.0909090909090908
687,Ukraine,2006,11,0.0,0.0,0,0,0,0,0.0,World Cup 2006,Spain,"Zentralstadion, Leipzig",0,0,0,Lose,Europe,First and Second Round,First and Second Round,1.0909090909090908,-1.0909090909090908
688,Saudi Arabia,2006,11,1.3636363636363635,0.0,4,15,5,0,0.45454545454545453,World Cup 2006,Tunisia,"Allianz Arena, Munich",2,0,2,Tie,Asia,First and Second Round,First and Second Round,1.6363636363636365,-0.27272727272727293
688,Tunisia,2006,11,1.6363636363636365,0.0,5,18,5,1,0.45454545454545453,World Cup 2006,Saudi Arabia,"Allianz Arena, Munich",2,0,2,Tie,Africa,First and Second Round,First and Second Round,1.3636363636363635,0.27272727272727293
689,Saudi Arabia,2006,11,1.0,0.0,3,11,4,0,0.36363636363636365,World Cup 2006,Ukraine,"Volksparkstadion, Hamburg",0,0,0,Lose,Asia,First and Second Round,First and Second Round,0.0,1.0
689,Ukraine,2006,11,0.0,0.0,0,0,0,0,0.0,World Cup 2006,Saudi Arabia,"Volksparkstadion, Hamburg",4,0,4,Win,Europe,First and Second Round,First and Second Round,1.0,-1.0
690,Spain,2006,11,1.0909090909090908,0.0,5,12,3,1,0.2727272727272727,World Cup 2006,Tunisia,"Mercedes-Benz Arena, Stuttgart",3,0,3,Win,Europe,First and Second Round,First and Second Round,1.6363636363636365,-0.5454545454545456
690,Tunisia,2006,11,1.6363636363636365,0.0,5,18,5,1,0.45454545454545453,World Cup 2006,Spain,"Mercedes-Benz Arena, Stuttgart",1,0,1,Lose,Africa,First and Second Round,First and Second Round,1.0909090909090908,0.5454545454545456
691,Tunisia,2006,11,1.6363636363636365,0.0,5,18,5,1,0.45454545454545453,World Cup 2006,Ukraine,"Olympiastadion, Berlin",0,0,0,Lose,Africa,First and Second Round,First and Second Round,0.0,1.6363636363636365
691,Ukraine,2006,11,0.0,0.0,0,0,0,0,0.0,World Cup 2006,Tunisia,"Olympiastadion, Berlin",1,0,1,Win,Europe,First and Second Round,First and Second Round,1.6363636363636365,-1.6363636363636365
692,Saudi Arabia,2006,11,2.090909090909091,2.0,9,23,6,1,0.5454545454545454,World Cup 2006,Spain,"Fritz-Walter-Stadion, Kaiserslautern",0,0,0,Lose,Asia,First and Second Round,First and Second Round,1.0909090909090908,1.0
692,Spain,2006,11,1.0909090909090908,0.0,7,12,4,1,0.36363636363636365,World Cup 2006,Saudi Arabia,"Fritz-Walter-Stadion, Kaiserslautern",1,0,1,Win,Europe,First and Second Round,First and Second Round,2.090909090909091,-1.0
693,Germany,2006,11,3.090909090909091,0.0,7,34,5,5,0.45454545454545453,World Cup 2006,Sweden,"Allianz Arena, Munich",2,0,2,Win,Europe,First and Second Round,First and Second Round,2.6363636363636362,0.4545454545454546
693,Sweden,2006,11,2.6363636363636362,2.0,9,29,7,1,0.6363636363636364,World Cup 2006,Germany,"Allianz Arena, Munich",0,0,0,Lose,Europe,First and Second Round,First and Second Round,3.090909090909091,-0.4545454545454546
694,Argentina,2006,11,1.0909090909090908,0.0,5,12,3,1,0.2727272727272727,World Cup 2006,Mexico,"Zentralstadion, Leipzig",2,0,2,Win,South America,First and Second Round,First and Second Round,1.3636363636363635,-0.2727272727272727
694,Mexico,2006,11,1.3636363636363635,0.0,4,15,4,0,0.36363636363636365,World Cup 2006,Argentina,"Zentralstadion, Leipzig",1,0,1,Lose,North America,First and Second Round,First and Second Round,1.0909090909090908,0.2727272727272727
695,Ecuador,2006,11,1.5454545454545454,2.0,3,17,6,0,0.5454545454545454,World Cup 2006,England,"Mercedes-Benz Arena, Stuttgart",0,0,0,Lose,South America,First and Second Round,First and Second Round,1.9090909090909092,-0.36363636363636376
695,England,2006,11,1.9090909090909092,0.0,8,21,5,3,0.45454545454545453,World Cup 2006,Ecuador,"Mercedes-Benz Arena, Stuttgart",1,0,1,Win,Europe,First and Second Round,First and Second Round,1.5454545454545454,0.36363636363636376
696,Netherlands,2006,11,1.2727272727272727,0.0,7,14,2,2,0.18181818181818182,World Cup 2006,Portugal,"Frankenstadion, Nuremberg",0,0,0,Lose,Europe,First and Second Round,First and Second Round,0.5454545454545454,0.7272727272727273
696,Portugal,2006,11,0.5454545454545454,0.0,3,6,2,0,0.18181818181818182,World Cup 2006,Netherlands,"Frankenstadion, Nuremberg",1,0,1,Win,Europe,First and Second Round,First and Second Round,1.2727272727272727,-0.7272727272727273
697,Australia,2006,11,0.0,0.0,0,0,0,0,0.0,World Cup 2006,Italy,"Fritz-Walter-Stadion, Kaiserslautern",0,0,0,Lose,Oceania,First and Second Round,First and Second Round,2.3636363636363638,-2.3636363636363638
697,Italy,2006,11,2.3636363636363638,1.0,8,26,6,2,0.5454545454545454,World Cup 2006,Australia,"Fritz-Walter-Stadion, Kaiserslautern",1,0,1,Win,Europe,First and Second Round,First and Second Round,0.0,2.3636363636363638
698,Switzerland,2006,11,0.0,0.0,0,0,0,0,0.0,World Cup 2006,Ukraine,"Rhein Energie Stadium, Cologne",0,0,0,Lose,Europe,First and Second Round,First and Second Round,0.0,0.0
698,Ukraine,2006,11,0.0,0.0,0,0,0,0,0.0,World Cup 2006,Switzerland,"Rhein Energie Stadium, Cologne",0,3,3,Win,Europe,First and Second Round,First and Second Round,0.0,0.0
699,Brazil,2006,11,6.363636363636363,5.0,16,70,9,6,0.8181818181818182,World Cup 2006,Ghana,"Signal-Iduna-Park, Dortmund",3,0,3,Win,South America,First and Second Round,First and Second Round,0.0,6.363636363636363
699,Ghana,2006,11,0.0,0.0,0,0,0,0,0.0,World Cup 2006,Brazil,"Signal-Iduna-Park, Dortmund",0,0,0,Lose,Africa,First and Second Round,First and Second Round,6.363636363636363,-6.363636363636363
700,France,2006,11,3.5454545454545454,1.0,10,39,6,5,0.5454545454545454,World Cup 2006,Spain,"HDI-Arena, Hanover",3,0,3,Win,Europe,First and Second Round,First and Second Round,1.7272727272727273,1.8181818181818181
700,Spain,2006,11,1.7272727272727273,0.0,7,19,4,2,0.36363636363636365,World Cup 2006,France,"HDI-Arena, Hanover",1,0,1,Lose,Europe,First and Second Round,First and Second Round,3.5454545454545454,-1.8181818181818181
701,Argentina,2006,11,1.0909090909090908,0.0,5,12,3,1,0.2727272727272727,World Cup 2006,Germany,"Olympiastadion, Berlin",1,2,3,Lose,South America,First and Second Round,First and Second Round,3.090909090909091,-2.0
701,Germany,2006,11,3.090909090909091,0.0,7,34,5,5,0.45454545454545453,World Cup 2006,Argentina,"Olympiastadion, Berlin",1,4,5,Win,Europe,First and Second Round,First and Second Round,1.0909090909090908,2.0
702,Italy,2006,11,2.0,0.0,8,22,5,1,0.45454545454545453,World Cup 2006,Ukraine,"Volksparkstadion, Hamburg",3,0,3,Win,Europe,First and Second Round,First and Second Round,0.0,2.0
702,Ukraine,2006,11,0.0,0.0,0,0,0,0,0.0,World Cup 2006,Italy,"Volksparkstadion, Hamburg",0,0,0,Lose,Europe,First and Second Round,First and Second Round,2.0,-2.0
703,England,2006,11,2.1818181818181817,1.0,8,24,6,3,0.5454545454545454,World Cup 2006,Portugal,"Arena AufSchalke, Gelsenkirchen",0,1,1,Lose,Europe,First and Second Round,First and Second Round,0.5454545454545454,1.6363636363636362
703,Portugal,2006,11,0.5454545454545454,0.0,3,6,2,0,0.18181818181818182,World Cup 2006,England,"Arena AufSchalke, Gelsenkirchen",0,3,3,Win,Europe,First and Second Round,First and Second Round,2.1818181818181817,-1.6363636363636362
704,Brazil,2006,11,6.818181818181818,7.0,16,75,9,7,0.8181818181818182,World Cup 2006,France,"Commerzbank Arena, Frankfurt",0,0,0,Lose,South America,First and Second Round,First and Second Round,3.5454545454545454,3.272727272727273
704,France,2006,11,3.5454545454545454,1.0,10,39,6,5,0.5454545454545454,World Cup 2006,Brazil,"Commerzbank Arena, Frankfurt",1,0,1,Win,Europe,First and Second Round,First and Second Round,6.818181818181818,-3.272727272727273
705,Germany,2006,11,2.6363636363636362,0.0,7,29,5,4,0.45454545454545453,World Cup 2006,Italy,"Signal-Iduna-Park, Dortmund",0,0,0,Lose,Europe,Semi-Final,Semi-Final,2.090909090909091,0.5454545454545454
705,Italy,2006,11,2.090909090909091,1.0,8,23,6,1,0.5454545454545454,World Cup 2006,Germany,"Signal-Iduna-Park, Dortmund",2,0,2,Win,Europe,Semi-Final,Semi-Final,2.6363636363636362,-0.5454545454545454
706,France,2006,11,3.5454545454545454,1.0,10,39,6,5,0.5454545454545454,World Cup 2006,Portugal,"Allianz Arena, Munich",1,0,1,Win,Europe,Semi-Final,Semi-Final,0.5454545454545454,3.0
706,Portugal,2006,11,0.5454545454545454,0.0,3,6,2,0,0.18181818181818182,World Cup 2006,France,"Allianz Arena, Munich",0,0,0,Lose,Europe,Semi-Final,Semi-Final,3.5454545454545454,-3.0
707,Germany,2006,11,3.3636363636363638,2.0,7,37,6,5,0.5454545454545454,World Cup 2006,Portugal,"Mercedes-Benz Arena, Stuttgart",3,0,3,Win,Europe,Final,Final - 3rd,0.2727272727272727,3.090909090909091
707,Portugal,2006,11,0.2727272727272727,0.0,3,3,1,0,0.09090909090909091,World Cup 2006,Germany,"Mercedes-Benz Arena, Stuttgart",1,0,1,Lose,Europe,Final,Final - 3rd,3.3636363636363638,-3.090909090909091
708,France,2006,11,3.5454545454545454,1.0,10,39,6,5,0.5454545454545454,World Cup 2006,Italy,"Olympiastadion, Berlin",1,3,4,Lose,Europe,Final,Final - 1st,2.090909090909091,1.4545454545454546
708,Italy,2006,11,2.090909090909091,1.0,8,23,6,1,0.5454545454545454,World Cup 2006,France,"Olympiastadion, Berlin",1,5,6,Win,Europe,Final,Final - 1st,3.5454545454545454,-1.4545454545454546
709,Mexico,2010,11,2.8181818181818183,3.0,8,31,7,2,0.6363636363636364,World Cup 2010,South Africa,"Soccer City Stadium, Johannesburg",1,0,1,Tie,North America,First and Second Round,First and Second Round,0.2727272727272727,2.545454545454546
709,South Africa,2010,11,0.2727272727272727,0.0,3,3,1,0,0.09090909090909091,World Cup 2010,Mexico,"Soccer City Stadium, Johannesburg",1,0,1,Tie,Africa,First and Second Round,First and Second Round,2.8181818181818183,-2.545454545454546
710,France,2010,11,2.1818181818181817,0.0,7,24,4,3,0.36363636363636365,World Cup 2010,Uruguay,"Cape Town Stadium, Cape Town",0,0,0,Tie,Europe,First and Second Round,First and Second Round,0.09090909090909091,2.090909090909091
710,Uruguay,2010,11,0.09090909090909091,0.0,1,1,1,0,0.09090909090909091,World Cup 2010,France,"Cape Town Stadium, Cape Town",0,0,0,Tie,South America,First and Second Round,First and Second Round,2.1818181818181817,-2.090909090909091
711,South Africa,2010,11,0.2727272727272727,0.0,3,3,1,0,0.09090909090909091,World Cup 2010,Uruguay,"Loftus Versfeld Stadium, Pretoria",0,0,0,Lose,Africa,First and Second Round,First and Second Round,0.09090909090909091,0.1818181818181818
711,Uruguay,2010,11,0.09090909090909091,0.0,1,1,1,0,0.09090909090909091,World Cup 2010,South Africa,"Loftus Versfeld Stadium, Pretoria",3,0,3,Win,South America,First and Second Round,First and Second Round,0.2727272727272727,-0.1818181818181818
712,France,2010,11,2.727272727272727,0.0,7,30,5,4,0.45454545454545453,World Cup 2010,Mexico,"Peter Mokaba Stadium, Polokwane",0,0,0,Lose,Europe,First and Second Round,First and Second Round,2.8181818181818183,-0.09090909090909127
712,Mexico,2010,11,2.8181818181818183,3.0,8,31,7,2,0.6363636363636364,World Cup 2010,France,"Peter Mokaba Stadium, Polokwane",2,0,2,Win,North America,First and Second Round,First and Second Round,2.727272727272727,0.09090909090909127
713,Mexico,2010,11,3.6363636363636362,4.0,8,40,9,3,0.8181818181818182,World Cup 2010,Uruguay,"Royal Bafokeng Sports Palace, Phokeng",0,0,0,Lose,North America,First and Second Round,First and Second Round,0.09090909090909091,3.5454545454545454
713,Uruguay,2010,11,0.09090909090909091,0.0,1,1,1,0,0.09090909090909091,World Cup 2010,Mexico,"Royal Bafokeng Sports Palace, Phokeng",1,0,1,Win,South America,First and Second Round,First and Second Round,3.6363636363636362,-3.5454545454545454
714,France,2010,11,1.7272727272727273,0.0,7,19,4,2,0.36363636363636365,World Cup 2010,South Africa,"Free State Stadium, Mangaung",1,0,1,Lose,Europe,First and Second Round,First and Second Round,0.5454545454545454,1.1818181818181819
714,South Africa,2010,11,0.5454545454545454,0.0,3,6,2,0,0.18181818181818182,World Cup 2010,France,"Free State Stadium, Mangaung",2,0,2,Win,Africa,First and Second Round,First and Second Round,1.7272727272727273,-1.1818181818181819
715,Greece,2010,11,0.0,0.0,0,0,0,0,0.0,World Cup 2010,South Korea,"Port Elizabeth Stadium, Gqeberha",0,0,0,Lose,Europe,First and Second Round,First and Second Round,2.090909090909091,-2.090909090909091
715,South Korea,2010,11,2.090909090909091,0.0,10,23,4,2,0.36363636363636365,World Cup 2010,Greece,"Port Elizabeth Stadium, Gqeberha",2,0,2,Win,Asia,First and Second Round,First and Second Round,0.0,2.090909090909091
716,Argentina,2010,11,2.4545454545454546,3.0,8,27,6,2,0.5454545454545454,World Cup 2010,Nigeria,"Ellis Park Stadium, Johannesburg",1,0,1,Win,South America,First and Second Round,First and Second Round,0.36363636363636365,2.090909090909091
716,Nigeria,2010,11,0.36363636363636365,0.0,3,4,2,0,0.18181818181818182,World Cup 2010,Argentina,"Ellis Park Stadium, Johannesburg",0,0,0,Lose,Africa,First and Second Round,First and Second Round,2.4545454545454546,-2.090909090909091
717,Argentina,2010,11,2.1818181818181817,3.0,5,24,6,2,0.5454545454545454,World Cup 2010,South Korea,"Soccer City Stadium, Johannesburg",4,0,4,Win,South America,First and Second Round,First and Second Round,1.7272727272727273,0.45454545454545436
717,South Korea,2010,11,1.7272727272727273,0.0,10,19,3,2,0.2727272727272727,World Cup 2010,Argentina,"Soccer City Stadium, Johannesburg",1,0,1,Lose,Asia,First and Second Round,First and Second Round,2.1818181818181817,-0.45454545454545436
718,Greece,2010,11,0.0,0.0,0,0,0,0,0.0,World Cup 2010,Nigeria,"Free State Stadium, Mangaung",2,0,2,Win,Europe,First and Second Round,First and Second Round,0.36363636363636365,-0.36363636363636365
718,Nigeria,2010,11,0.36363636363636365,0.0,3,4,2,0,0.18181818181818182,World Cup 2010,Greece,"Free State Stadium, Mangaung",1,0,1,Lose,Africa,First and Second Round,First and Second Round,0.0,0.36363636363636365
719,Nigeria,2010,11,0.8181818181818182,0.0,5,9,3,1,0.2727272727272727,World Cup 2010,South Korea,"Durban Stadium, Durban",2,0,2,Tie,Africa,First and Second Round,First and Second Round,2.090909090909091,-1.2727272727272725
719,South Korea,2010,11,2.090909090909091,0.0,10,23,4,2,0.36363636363636365,World Cup 2010,Nigeria,"Durban Stadium, Durban",2,0,2,Tie,Asia,First and Second Round,First and Second Round,0.8181818181818182,1.2727272727272725
720,Argentina,2010,11,1.7272727272727273,0.0,8,19,4,2,0.36363636363636365,World Cup 2010,Greece,"Peter Mokaba Stadium, Polokwane",2,0,2,Win,South America,First and Second Round,First and Second Round,0.0,1.7272727272727273
720,Greece,2010,11,0.0,0.0,0,0,0,0,0.0,World Cup 2010,Argentina,"Peter Mokaba Stadium, Polokwane",0,0,0,Lose,Europe,First and Second Round,First and Second Round,1.7272727272727273,-1.7272727272727273
721,England,2010,11,3.3636363636363638,4.0,10,37,7,5,0.6363636363636364,World Cup 2010,USA,"Royal Bafokeng Sports Palace, Phokeng",1,0,1,Tie,Europe,First and Second Round,First and Second Round,1.6363636363636365,1.7272727272727273
721,USA,2010,11,1.6363636363636365,0.0,8,18,5,1,0.45454545454545453,World Cup 2010,England,"Royal Bafokeng Sports Palace, Phokeng",1,0,1,Tie,North America,First and Second Round,First and Second Round,3.3636363636363638,-1.7272727272727273
722,Algeria,2010,11,0.0,0.0,0,0,0,0,0.0,World Cup 2010,Slovenia,"Peter Mokaba Stadium, Polokwane",0,0,0,Lose,Africa,First and Second Round,First and Second Round,0.0,0.0
722,Slovenia,2010,11,0.0,0.0,0,0,0,0,0.0,World Cup 2010,Algeria,"Peter Mokaba Stadium, Polokwane",1,0,1,Win,Europe,First and Second Round,First and Second Round,0.0,0.0
723,Slovenia,2010,11,0.0,0.0,0,0,0,0,0.0,World Cup 2010,USA,"Ellis Park Stadium, Johannesburg",2,0,2,Tie,Europe,First and Second Round,First and Second Round,1.6363636363636365,-1.6363636363636365
723,USA,2010,11,1.6363636363636365,0.0,8,18,5,1,0.45454545454545453,World Cup 2010,Slovenia,"Ellis Park Stadium, Johannesburg",2,0,2,Tie,North America,First and Second Round,First and Second Round,0.0,1.6363636363636365
724,Algeria,2010,11,0.0,0.0,0,0,0,0,0.0,World Cup 2010,England,"Cape Town Stadium, Cape Town",0,0,0,Tie,Africa,First and Second Round,First and Second Round,3.727272727272727,-3.727272727272727
724,England,2010,11,3.727272727272727,4.0,10,41,8,5,0.7272727272727273,World Cup 2010,Algeria,"Cape Town Stadium, Cape Town",0,0,0,Tie,Europe,First and Second Round,First and Second Round,0.0,3.727272727272727
725,Algeria,2010,11,0.0,0.0,0,0,0,0,0.0,World Cup 2010,USA,"Loftus Versfeld Stadium, Pretoria",0,0,0,Lose,Africa,First and Second Round,First and Second Round,1.3636363636363635,-1.3636363636363635
725,USA,2010,11,1.3636363636363635,0.0,8,15,4,1,0.36363636363636365,World Cup 2010,Algeria,"Loftus Versfeld Stadium, Pretoria",1,0,1,Win,North America,First and Second Round,First and Second Round,0.0,1.3636363636363635
726,England,2010,11,2.6363636363636362,0.0,10,29,5,4,0.45454545454545453,World Cup 2010,Slovenia,"Port Elizabeth Stadium, Gqeberha",1,0,1,Win,Europe,First and Second Round,First and Second Round,0.0,2.6363636363636362
726,Slovenia,2010,11,0.0,0.0,0,0,0,0,0.0,World Cup 2010,England,"Port Elizabeth Stadium, Gqeberha",0,0,0,Lose,Europe,First and Second Round,First and Second Round,2.6363636363636362,-2.6363636363636362
727,Ghana,2010,11,1.3636363636363635,0.0,4,15,4,0,0.36363636363636365,World Cup 2010,Serbia,"Loftus Versfeld Stadium, Pretoria",1,0,1,Win,Africa,First and Second Round,First and Second Round,0.7272727272727273,0.6363636363636362
727,Serbia,2010,11,0.7272727272727273,0.0,6,8,2,1,0.18181818181818182,World Cup 2010,Ghana,"Loftus Versfeld Stadium, Pretoria",0,0,0,Lose,Europe,First and Second Round,First and Second Round,1.3636363636363635,-0.6363636363636362
728,Australia,2010,11,2.909090909090909,4.0,4,32,9,0,0.8181818181818182,World Cup 2010,Germany,"Durban Stadium, Durban",0,0,0,Lose,Oceania,First and Second Round,First and Second Round,4.2727272727272725,-1.3636363636363633
728,Germany,2010,11,4.2727272727272725,6.0,14,47,6,6,0.5454545454545454,World Cup 2010,Australia,"Durban Stadium, Durban",4,0,4,Win,Europe,First and Second Round,First and Second Round,2.909090909090909,1.3636363636363633
729,Germany,2010,11,4.2727272727272725,6.0,14,47,6,6,0.5454545454545454,World Cup 2010,Serbia,"Port Elizabeth Stadium, Gqeberha",0,0,0,Lose,Europe,First and Second Round,First and Second Round,0.7272727272727273,3.545454545454545
729,Serbia,2010,11,0.7272727272727273,0.0,6,8,2,1,0.18181818181818182,World Cup 2010,Germany,"Port Elizabeth Stadium, Gqeberha",1,0,1,Win,Europe,First and Second Round,First and Second Round,4.2727272727272725,-3.545454545454545
730,Australia,2010,11,2.4545454545454546,3.0,4,27,8,0,0.7272727272727273,World Cup 2010,Ghana,"Royal Bafokeng Sports Palace, Phokeng",1,0,1,Tie,Oceania,First and Second Round,First and Second Round,1.0,1.4545454545454546
730,Ghana,2010,11,1.0,0.0,4,11,3,0,0.2727272727272727,World Cup 2010,Australia,"Royal Bafokeng Sports Palace, Phokeng",1,0,1,Tie,Africa,First and Second Round,First and Second Round,2.4545454545454546,-1.4545454545454546
731,Australia,2010,11,2.3636363636363638,3.0,4,26,8,0,0.7272727272727273,World Cup 2010,Serbia,"Mbombela Stadium, Mbombela",2,0,2,Win,Oceania,First and Second Round,First and Second Round,0.7272727272727273,1.6363636363636365
731,Serbia,2010,11,0.7272727272727273,0.0,6,8,2,1,0.18181818181818182,World Cup 2010,Australia,"Mbombela Stadium, Mbombela",1,0,1,Lose,Europe,First and Second Round,First and Second Round,2.3636363636363638,-1.6363636363636365
732,Germany,2010,11,3.0,0.0,7,33,5,5,0.45454545454545453,World Cup 2010,Ghana,"Soccer City Stadium, Johannesburg",1,0,1,Win,Europe,First and Second Round,First and Second Round,1.3636363636363635,1.6363636363636365
732,Ghana,2010,11,1.3636363636363635,0.0,4,15,4,0,0.36363636363636365,World Cup 2010,Germany,"Soccer City Stadium, Johannesburg",0,0,0,Lose,Africa,First and Second Round,First and Second Round,3.0,-1.6363636363636365
733,Denmark,2010,11,1.7272727272727273,0.0,8,19,4,1,0.36363636363636365,World Cup 2010,Netherlands,"Soccer City Stadium, Johannesburg",0,0,0,Lose,Europe,First and Second Round,First and Second Round,2.3636363636363638,-0.6363636363636365
733,Netherlands,2010,11,2.3636363636363638,3.0,4,26,8,0,0.7272727272727273,World Cup 2010,Denmark,"Soccer City Stadium, Johannesburg",2,0,2,Win,Europe,First and Second Round,First and Second Round,1.7272727272727273,0.6363636363636365
734,Cameroon,2010,11,0.36363636363636365,0.0,4,4,1,0,0.09090909090909091,World Cup 2010,Japan,"Free State Stadium, Mangaung",0,0,0,Lose,Africa,First and Second Round,First and Second Round,0.36363636363636365,0.0
734,Japan,2010,11,0.36363636363636365,0.0,3,4,2,0,0.18181818181818182,World Cup 2010,Cameroon,"Free State Stadium, Mangaung",1,0,1,Win,Asia,First and Second Round,First and Second Round,0.36363636363636365,0.0
735,Japan,2010,11,0.36363636363636365,0.0,3,4,2,0,0.18181818181818182,World Cup 2010,Netherlands,"Durban Stadium, Durban",0,0,0,Lose,Asia,First and Second Round,First and Second Round,2.3636363636363638,-2.0
735,Netherlands,2010,11,2.3636363636363638,3.0,4,26,8,0,0.7272727272727273,World Cup 2010,Japan,"Durban Stadium, Durban",1,0,1,Win,Europe,First and Second Round,First and Second Round,0.36363636363636365,2.0
736,Cameroon,2010,11,0.6363636363636364,0.0,4,7,2,0,0.18181818181818182,World Cup 2010,Denmark,"Loftus Versfeld Stadium, Pretoria",1,0,1,Lose,Africa,First and Second Round,First and Second Round,2.4545454545454546,-1.8181818181818183
736,Denmark,2010,11,2.4545454545454546,3.0,8,27,6,1,0.5454545454545454,World Cup 2010,Cameroon,"Loftus Versfeld Stadium, Pretoria",2,0,2,Win,Europe,First and Second Round,First and Second Round,0.6363636363636364,1.8181818181818183
737,Cameroon,2010,11,0.6363636363636364,0.0,4,7,2,0,0.18181818181818182,World Cup 2010,Netherlands,"Cape Town Stadium, Cape Town",1,0,1,Lose,Africa,First and Second Round,First and Second Round,2.727272727272727,-2.090909090909091
737,Netherlands,2010,11,2.727272727272727,3.0,4,30,9,0,0.8181818181818182,World Cup 2010,Cameroon,"Cape Town Stadium, Cape Town",2,0,2,Win,Europe,First and Second Round,First and Second Round,0.6363636363636364,2.090909090909091
738,Denmark,2010,11,2.090909090909091,0.0,8,23,5,1,0.45454545454545453,World Cup 2010,Japan,"Royal Bafokeng Sports Palace, Phokeng",1,0,1,Lose,Europe,First and Second Round,First and Second Round,0.36363636363636365,1.727272727272727
738,Japan,2010,11,0.36363636363636365,0.0,3,4,2,0,0.18181818181818182,World Cup 2010,Denmark,"Royal Bafokeng Sports Palace, Phokeng",3,0,3,Win,Asia,First and Second Round,First and Second Round,2.090909090909091,-1.727272727272727
739,Italy,2010,11,4.454545454545454,3.0,15,49,6,5,0.5454545454545454,World Cup 2010,Paraguay,"Cape Town Stadium, Cape Town",1,0,1,Tie,Europe,First and Second Round,First and Second Round,0.6363636363636364,3.818181818181818
739,Paraguay,2010,11,0.6363636363636364,0.0,3,7,4,0,0.36363636363636365,World Cup 2010,Italy,"Cape Town Stadium, Cape Town",1,0,1,Tie,South America,First and Second Round,First and Second Round,4.454545454545454,-3.818181818181818
740,New Zealand,2010,11,0.0,0.0,0,0,0,0,0.0,World Cup 2010,Slovakia,"Royal Bafokeng Sports Palace, Phokeng",1,0,1,Tie,Oceania,First and Second Round,First and Second Round,0.0,0.0
740,Slovakia,2010,11,0.0,0.0,0,0,0,0,0.0,World Cup 2010,New Zealand,"Royal Bafokeng Sports Palace, Phokeng",1,0,1,Tie,Europe,First and Second Round,First and Second Round,0.0,0.0
741,Paraguay,2010,11,1.2727272727272727,0.0,7,14,5,1,0.45454545454545453,World Cup 2010,Slovakia,"Free State Stadium, Mangaung",2,0,2,Win,South America,First and Second Round,First and Second Round,0.0,1.2727272727272727
741,Slovakia,2010,11,0.0,0.0,0,0,0,0,0.0,World Cup 2010,Paraguay,"Free State Stadium, Mangaung",0,0,0,Lose,Europe,First and Second Round,First and Second Round,1.2727272727272727,-1.2727272727272727
742,Italy,2010,11,3.4545454545454546,0.0,15,38,5,4,0.45454545454545453,World Cup 2010,New Zealand,"Mbombela Stadium, Mbombela",1,0,1,Tie,Europe,First and Second Round,First and Second Round,0.0,3.4545454545454546
742,New Zealand,2010,11,0.0,0.0,0,0,0,0,0.0,World Cup 2010,Italy,"Mbombela Stadium, Mbombela",1,0,1,Tie,Oceania,First and Second Round,First and Second Round,3.4545454545454546,-3.4545454545454546
743,New Zealand,2010,11,0.0,0.0,0,0,0,0,0.0,World Cup 2010,Paraguay,"Peter Mokaba Stadium, Polokwane",0,0,0,Tie,Oceania,First and Second Round,First and Second Round,2.6363636363636362,-2.6363636363636362
743,Paraguay,2010,11,2.6363636363636362,1.0,11,29,6,3,0.5454545454545454,World Cup 2010,New Zealand,"Peter Mokaba Stadium, Polokwane",0,0,0,Tie,South America,First and Second Round,First and Second Round,0.0,2.6363636363636362
744,Italy,2010,11,3.727272727272727,0.0,15,41,5,4,0.45454545454545453,World Cup 2010,Slovakia,"Ellis Park Stadium, Johannesburg",2,0,2,Lose,Europe,First and Second Round,First and Second Round,0.0,3.727272727272727
744,Slovakia,2010,11,0.0,0.0,0,0,0,0,0.0,World Cup 2010,Italy,"Ellis Park Stadium, Johannesburg",3,0,3,Win,Europe,First and Second Round,First and Second Round,3.727272727272727,-3.727272727272727
745,Côte d'Ivoire,2010,11,1.3636363636363635,1.0,3,15,6,0,0.5454545454545454,World Cup 2010,Portugal,"Port Elizabeth Stadium, Gqeberha",0,0,0,Tie,Africa,First and Second Round,First and Second Round,1.7272727272727273,-0.36363636363636376
745,Portugal,2010,11,1.7272727272727273,0.0,6,19,4,2,0.36363636363636365,World Cup 2010,Côte d'Ivoire,"Port Elizabeth Stadium, Gqeberha",0,0,0,Tie,Europe,First and Second Round,First and Second Round,1.3636363636363635,0.36363636363636376
746,Brazil,2010,11,3.4545454545454546,0.0,12,38,5,4,0.45454545454545453,World Cup 2010,North Korea,"Ellis Park Stadium, Johannesburg",2,0,2,Win,South America,First and Second Round,First and Second Round,0.0,3.4545454545454546
746,North Korea,2010,11,0.0,0.0,0,0,0,0,0.0,World Cup 2010,Brazil,"Ellis Park Stadium, Johannesburg",1,0,1,Lose,Asia,First and Second Round,First and Second Round,3.4545454545454546,-3.4545454545454546
747,Brazil,2010,11,3.4545454545454546,0.0,12,38,5,4,0.45454545454545453,World Cup 2010,Côte d'Ivoire,"Soccer City Stadium, Johannesburg",3,0,3,Win,South America,First and Second Round,First and Second Round,1.5454545454545454,1.9090909090909092
747,Côte d'Ivoire,2010,11,1.5454545454545454,2.0,3,17,7,0,0.6363636363636364,World Cup 2010,Brazil,"Soccer City Stadium, Johannesburg",1,0,1,Lose,Africa,First and Second Round,First and Second Round,3.4545454545454546,-1.9090909090909092
748,North Korea,2010,11,0.0,0.0,0,0,0,0,0.0,World Cup 2010,Portugal,"Cape Town Stadium, Cape Town",0,0,0,Lose,Asia,First and Second Round,First and Second Round,2.727272727272727,-2.727272727272727
748,Portugal,2010,11,2.727272727272727,0.0,7,30,5,5,0.45454545454545453,World Cup 2010,North Korea,"Cape Town Stadium, Cape Town",7,0,7,Win,Europe,First and Second Round,First and Second Round,0.0,2.727272727272727
749,Côte d'Ivoire,2010,11,1.8181818181818181,2.0,3,20,9,0,0.8181818181818182,World Cup 2010,North Korea,"Mbombela Stadium, Mbombela",3,0,3,Win,Africa,First and Second Round,First and Second Round,0.0,1.8181818181818181
749,North Korea,2010,11,0.0,0.0,0,0,0,0,0.0,World Cup 2010,Côte d'Ivoire,"Mbombela Stadium, Mbombela",0,0,0,Lose,Asia,First and Second Round,First and Second Round,1.8181818181818181,-1.8181818181818181
750,Brazil,2010,11,2.5454545454545454,0.0,12,28,3,3,0.2727272727272727,World Cup 2010,Portugal,"Durban Stadium, Durban",0,0,0,Tie,South America,First and Second Round,First and Second Round,1.6363636363636365,0.909090909090909
750,Portugal,2010,11,1.6363636363636365,0.0,6,18,4,3,0.36363636363636365,World Cup 2010,Brazil,"Durban Stadium, Durban",0,0,0,Tie,Europe,First and Second Round,First and Second Round,2.5454545454545454,-0.909090909090909
751,Chile,2010,11,0.0,0.0,0,0,0,0,0.0,World Cup 2010,Honduras,"Mbombela Stadium, Mbombela",1,0,1,Win,South America,First and Second Round,First and Second Round,0.0,0.0
751,Honduras,2010,11,0.0,0.0,0,0,0,0,0.0,World Cup 2010,Chile,"Mbombela Stadium, Mbombela",0,0,0,Lose,North America,First and Second Round,First and Second Round,0.0,0.0
752,Spain,2010,11,3.0,3.0,8,33,7,3,0.6363636363636364,World Cup 2010,Switzerland,"Durban Stadium, Durban",0,0,0,Lose,Europe,First and Second Round,First and Second Round,0.7272727272727273,2.2727272727272725
752,Switzerland,2010,11,0.7272727272727273,0.0,4,8,3,0,0.2727272727272727,World Cup 2010,Spain,"Durban Stadium, Durban",1,0,1,Win,Europe,First and Second Round,First and Second Round,3.0,-2.2727272727272725
753,Chile,2010,11,0.0,0.0,0,0,0,0,0.0,World Cup 2010,Switzerland,"Port Elizabeth Stadium, Gqeberha",1,0,1,Win,South America,First and Second Round,First and Second Round,0.5454545454545454,-0.5454545454545454
753,Switzerland,2010,11,0.5454545454545454,0.0,4,6,3,0,0.2727272727272727,World Cup 2010,Chile,"Port Elizabeth Stadium, Gqeberha",0,0,0,Lose,Europe,First and Second Round,First and Second Round,0.0,0.5454545454545454
754,Honduras,2010,11,0.0,0.0,0,0,0,0,0.0,World Cup 2010,Spain,"Ellis Park Stadium, Johannesburg",0,0,0,Lose,North America,First and Second Round,First and Second Round,3.272727272727273,-3.272727272727273
754,Spain,2010,11,3.272727272727273,3.0,8,36,7,3,0.6363636363636364,World Cup 2010,Honduras,"Ellis Park Stadium, Johannesburg",2,0,2,Win,Europe,First and Second Round,First and Second Round,0.0,3.272727272727273
755,Chile,2010,11,0.0,0.0,0,0,0,0,0.0,World Cup 2010,Spain,"Loftus Versfeld Stadium, Pretoria",1,0,1,Lose,South America,First and Second Round,First and Second Round,3.3636363636363638,-3.3636363636363638
755,Spain,2010,11,3.3636363636363638,3.0,8,37,8,3,0.7272727272727273,World Cup 2010,Chile,"Loftus Versfeld Stadium, Pretoria",2,0,2,Win,Europe,First and Second Round,First and Second Round,0.0,3.3636363636363638
756,Honduras,2010,11,0.0,0.0,0,0,0,0,0.0,World Cup 2010,Switzerland,"Free State Stadium, Mangaung",0,0,0,Tie,North America,First and Second Round,First and Second Round,0.45454545454545453,-0.45454545454545453
756,Switzerland,2010,11,0.45454545454545453,0.0,4,5,2,0,0.18181818181818182,World Cup 2010,Honduras,"Free State Stadium, Mangaung",0,0,0,Tie,Europe,First and Second Round,First and Second Round,0.0,0.45454545454545453
757,South Korea,2010,11,2.090909090909091,0.0,10,23,4,2,0.36363636363636365,World Cup 2010,Uruguay,"Port Elizabeth Stadium, Gqeberha",1,0,1,Lose,Asia,First and Second Round,First and Second Round,0.09090909090909091,2.0
757,Uruguay,2010,11,0.09090909090909091,0.0,1,1,1,0,0.09090909090909091,World Cup 2010,South Korea,"Port Elizabeth Stadium, Gqeberha",2,0,2,Win,South America,First and Second Round,First and Second Round,2.090909090909091,-2.0
758,Ghana,2010,11,1.3636363636363635,0.0,4,15,4,0,0.36363636363636365,World Cup 2010,USA,"Royal Bafokeng Sports Palace, Phokeng",2,0,2,Win,Africa,First and Second Round,First and Second Round,1.3636363636363635,0.0
758,USA,2010,11,1.3636363636363635,0.0,8,15,4,1,0.36363636363636365,World Cup 2010,Ghana,"Royal Bafokeng Sports Palace, Phokeng",1,0,1,Lose,North America,First and Second Round,First and Second Round,1.3636363636363635,0.0
759,England,2010,11,2.6363636363636362,0.0,10,29,5,4,0.45454545454545453,World Cup 2010,Germany,"Free State Stadium, Mangaung",1,0,1,Lose,Europe,First and Second Round,First and Second Round,4.2727272727272725,-1.6363636363636362
759,Germany,2010,11,4.2727272727272725,6.0,14,47,6,6,0.5454545454545454,World Cup 2010,England,"Free State Stadium, Mangaung",4,0,4,Win,Europe,First and Second Round,First and Second Round,2.6363636363636362,1.6363636363636362
760,Argentina,2010,11,2.1818181818181817,3.0,5,24,6,2,0.5454545454545454,World Cup 2010,Mexico,"Soccer City Stadium, Johannesburg",3,0,3,Win,South America,First and Second Round,First and Second Round,2.6363636363636362,-0.4545454545454546
760,Mexico,2010,11,2.6363636363636362,1.0,8,29,7,2,0.6363636363636364,World Cup 2010,Argentina,"Soccer City Stadium, Johannesburg",1,0,1,Lose,North America,First and Second Round,First and Second Round,2.1818181818181817,0.4545454545454546
761,Netherlands,2010,11,2.3636363636363638,3.0,4,26,8,0,0.7272727272727273,World Cup 2010,Slovakia,"Durban Stadium, Durban",2,0,2,Win,Europe,First and Second Round,First and Second Round,0.0,2.3636363636363638
761,Slovakia,2010,11,0.0,0.0,0,0,0,0,0.0,World Cup 2010,Netherlands,"Durban Stadium, Durban",1,0,1,Lose,Europe,First and Second Round,First and Second Round,2.3636363636363638,-2.3636363636363638
762,Brazil,2010,11,3.4545454545454546,0.0,12,38,5,4,0.45454545454545453,World Cup 2010,Chile,"Ellis Park Stadium, Johannesburg",3,0,3,Win,South America,First and Second Round,First and Second Round,0.0,3.4545454545454546
762,Chile,2010,11,0.0,0.0,0,0,0,0,0.0,World Cup 2010,Brazil,"Ellis Park Stadium, Johannesburg",0,0,0,Lose,South America,First and Second Round,First and Second Round,3.4545454545454546,-3.4545454545454546
763,Japan,2010,11,0.36363636363636365,0.0,3,4,2,0,0.18181818181818182,World Cup 2010,Paraguay,"Loftus Versfeld Stadium, Pretoria",0,3,3,Lose,Asia,First and Second Round,First and Second Round,1.2727272727272727,-0.9090909090909091
763,Paraguay,2010,11,1.2727272727272727,0.0,7,14,5,1,0.45454545454545453,World Cup 2010,Japan,"Loftus Versfeld Stadium, Pretoria",0,5,5,Win,South America,First and Second Round,First and Second Round,0.36363636363636365,0.9090909090909091
764,Portugal,2010,11,2.272727272727273,0.0,7,25,5,4,0.45454545454545453,World Cup 2010,Spain,"Cape Town Stadium, Cape Town",0,0,0,Lose,Europe,First and Second Round,First and Second Round,3.3636363636363638,-1.0909090909090908
764,Spain,2010,11,3.3636363636363638,3.0,8,37,8,3,0.7272727272727273,World Cup 2010,Portugal,"Cape Town Stadium, Cape Town",1,0,1,Win,Europe,First and Second Round,First and Second Round,2.272727272727273,1.0909090909090908
765,Brazil,2010,11,3.4545454545454546,0.0,12,38,5,4,0.45454545454545453,World Cup 2010,Netherlands,"Port Elizabeth Stadium, Gqeberha",1,0,1,Lose,South America,First and Second Round,First and Second Round,2.4545454545454546,1.0
765,Netherlands,2010,11,2.4545454545454546,3.0,4,27,8,0,0.7272727272727273,World Cup 2010,Brazil,"Port Elizabeth Stadium, Gqeberha",2,0,2,Win,Europe,First and Second Round,First and Second Round,3.4545454545454546,-1.0
766,Ghana,2010,11,1.6363636363636365,0.0,4,18,5,0,0.45454545454545453,World Cup 2010,Uruguay,"Soccer City Stadium, Johannesburg",1,2,3,Lose,Africa,First and Second Round,First and Second Round,0.09090909090909091,1.5454545454545456
766,Uruguay,2010,11,0.09090909090909091,0.0,1,1,1,0,0.09090909090909091,World Cup 2010,Ghana,"Soccer City Stadium, Johannesburg",1,4,5,Win,South America,First and Second Round,First and Second Round,1.6363636363636365,-1.5454545454545456
767,Argentina,2010,11,2.1818181818181817,3.0,5,24,6,2,0.5454545454545454,World Cup 2010,Germany,"Cape Town Stadium, Cape Town",0,0,0,Lose,South America,First and Second Round,First and Second Round,4.2727272727272725,-2.090909090909091
767,Germany,2010,11,4.2727272727272725,6.0,14,47,6,6,0.5454545454545454,World Cup 2010,Argentina,"Cape Town Stadium, Cape Town",4,0,4,Win,Europe,First and Second Round,First and Second Round,2.1818181818181817,2.090909090909091
768,Paraguay,2010,11,0.5454545454545454,0.0,2,6,4,0,0.36363636363636365,World Cup 2010,Spain,"Ellis Park Stadium, Johannesburg",0,0,0,Lose,South America,First and Second Round,First and Second Round,3.3636363636363638,-2.8181818181818183
768,Spain,2010,11,3.3636363636363638,3.0,8,37,8,3,0.7272727272727273,World Cup 2010,Paraguay,"Ellis Park Stadium, Johannesburg",1,0,1,Win,Europe,First and Second Round,First and Second Round,0.5454545454545454,2.8181818181818183
769,Netherlands,2010,11,2.727272727272727,3.0,4,30,9,0,0.8181818181818182,World Cup 2010,Uruguay,"Cape Town Stadium, Cape Town",3,0,3,Win,Europe,Semi-Final,Semi-Final,0.09090909090909091,2.6363636363636362
769,Uruguay,2010,11,0.09090909090909091,0.0,1,1,1,0,0.09090909090909091,World Cup 2010,Netherlands,"Cape Town Stadium, Cape Town",2,0,2,Lose,South America,Semi-Final,Semi-Final,2.727272727272727,-2.6363636363636362
770,Germany,2010,11,4.2727272727272725,6.0,14,47,6,6,0.5454545454545454,World Cup 2010,Spain,"Durban Stadium, Durban",0,0,0,Lose,Europe,Semi-Final,Semi-Final,3.0,1.2727272727272725
770,Spain,2010,11,3.0,3.0,8,33,7,3,0.6363636363636364,World Cup 2010,Germany,"Durban Stadium, Durban",1,0,1,Win,Europe,Semi-Final,Semi-Final,4.2727272727272725,-1.2727272727272725
771,Germany,2010,11,1.8181818181818181,0.0,7,20,4,3,0.36363636363636365,World Cup 2010,Uruguay,"Port Elizabeth Stadium, Gqeberha",3,0,3,Win,Europe,Final,Final - 3rd,0.09090909090909091,1.7272727272727273
771,Uruguay,2010,11,0.09090909090909091,0.0,1,1,1,0,0.09090909090909091,World Cup 2010,Germany,"Port Elizabeth Stadium, Gqeberha",2,0,2,Lose,South America,Final,Final - 3rd,1.8181818181818181,-1.7272727272727273
772,Netherlands,2010,11,2.3636363636363638,3.0,4,26,8,0,0.7272727272727273,World Cup 2010,Spain,"Soccer City Stadium, Johannesburg",0,0,0,Lose,Europe,Final,Final - 1st,3.0,-0.6363636363636362
772,Spain,2010,11,3.0,3.0,8,33,7,3,0.6363636363636364,World Cup 2010,Netherlands,"Soccer City Stadium, Johannesburg",1,0,1,Win,Europe,Final,Final - 1st,2.3636363636363638,0.6363636363636362
773,Brazil,2014,11,1.3636363636363635,0.0,5,15,3,3,0.2727272727272727,World Cup 2014,Croatia,"Neo Química Arena, São Paulo",3,0,3,Win,South America,First and Second Round,First and Second Round,1.4545454545454546,-0.09090909090909105
773,Croatia,2014,11,1.4545454545454546,0.0,6,16,4,2,0.36363636363636365,World Cup 2014,Brazil,"Neo Química Arena, São Paulo",1,0,1,Lose,Europe,First and Second Round,First and Second Round,1.3636363636363635,0.09090909090909105
774,Cameroon,2014,11,2.0,2.0,7,22,8,1,0.7272727272727273,World Cup 2014,Mexico,"Estadio das Dunas, Natal",0,0,0,Lose,Africa,First and Second Round,First and Second Round,2.5454545454545454,-0.5454545454545454
774,Mexico,2014,11,2.5454545454545454,1.0,12,28,6,2,0.5454545454545454,World Cup 2014,Cameroon,"Estadio das Dunas, Natal",1,0,1,Win,North America,First and Second Round,First and Second Round,2.0,0.5454545454545454
775,Brazil,2014,11,1.7272727272727273,0.0,5,19,4,3,0.36363636363636365,World Cup 2014,Mexico,"Estadio Castelao, Fortaleza",0,0,0,Tie,South America,First and Second Round,First and Second Round,2.5454545454545454,-0.8181818181818181
775,Mexico,2014,11,2.5454545454545454,1.0,12,28,6,2,0.5454545454545454,World Cup 2014,Brazil,"Estadio Castelao, Fortaleza",0,0,0,Tie,North America,First and Second Round,First and Second Round,1.7272727272727273,0.8181818181818181
776,Cameroon,2014,11,1.6363636363636365,2.0,3,18,9,0,0.8181818181818182,World Cup 2014,Croatia,"Arena Amazonia, Manaus",0,0,0,Lose,Africa,First and Second Round,First and Second Round,1.4545454545454546,0.18181818181818188
776,Croatia,2014,11,1.4545454545454546,0.0,6,16,4,2,0.36363636363636365,World Cup 2014,Cameroon,"Arena Amazonia, Manaus",4,0,4,Win,Europe,First and Second Round,First and Second Round,1.6363636363636365,-0.18181818181818188
777,Croatia,2014,11,1.4545454545454546,0.0,6,16,4,2,0.36363636363636365,World Cup 2014,Mexico,"Arena Pernambuco, Recife",1,0,1,Lose,Europe,First and Second Round,First and Second Round,2.5454545454545454,-1.0909090909090908
777,Mexico,2014,11,2.5454545454545454,1.0,12,28,6,2,0.5454545454545454,World Cup 2014,Croatia,"Arena Pernambuco, Recife",3,0,3,Win,North America,First and Second Round,First and Second Round,1.4545454545454546,1.0909090909090908
778,Brazil,2014,11,1.3636363636363635,0.0,5,15,3,3,0.2727272727272727,World Cup 2014,Cameroon,"Estádio Nacional Mané Garrincha, Brasília",4,0,4,Win,South America,First and Second Round,First and Second Round,1.2727272727272727,0.09090909090909083
778,Cameroon,2014,11,1.2727272727272727,1.0,3,14,7,0,0.6363636363636364,World Cup 2014,Brazil,"Estádio Nacional Mané Garrincha, Brasília",1,0,1,Lose,Africa,First and Second Round,First and Second Round,1.3636363636363635,-0.09090909090909083
779,Netherlands,2014,11,3.272727272727273,0.0,11,36,4,4,0.36363636363636365,World Cup 2014,Spain,"Fonte Nova Arena, Salvador",5,0,5,Win,Europe,First and Second Round,First and Second Round,6.545454545454546,-3.272727272727273
779,Spain,2014,11,6.545454545454546,7.0,15,72,8,7,0.7272727272727273,World Cup 2014,Netherlands,"Fonte Nova Arena, Salvador",1,0,1,Lose,Europe,First and Second Round,First and Second Round,3.272727272727273,3.272727272727273
780,Australia,2014,11,1.1818181818181819,0.0,6,13,3,2,0.2727272727272727,World Cup 2014,Chile,"Arena Pantanal, Cuiabá",1,0,1,Lose,Oceania,First and Second Round,First and Second Round,2.4545454545454546,-1.2727272727272727
780,Chile,2014,11,2.4545454545454546,4.0,4,27,7,0,0.6363636363636364,World Cup 2014,Australia,"Arena Pantanal, Cuiabá",3,0,3,Win,South America,First and Second Round,First and Second Round,1.1818181818181819,1.2727272727272727
781,Australia,2014,11,1.1818181818181819,0.0,6,13,3,2,0.2727272727272727,World Cup 2014,Netherlands,"Estadio Beira-Rio, Porto Alegre",2,0,2,Lose,Oceania,First and Second Round,First and Second Round,3.272727272727273,-2.090909090909091
781,Netherlands,2014,11,3.272727272727273,0.0,11,36,4,4,0.36363636363636365,World Cup 2014,Australia,"Estadio Beira-Rio, Porto Alegre",3,0,3,Win,Europe,First and Second Round,First and Second Round,1.1818181818181819,2.090909090909091
782,Chile,2014,11,2.090909090909091,3.0,4,23,6,0,0.5454545454545454,World Cup 2014,Spain,"Maracanã, Rio de Janeiro",2,0,2,Win,South America,First and Second Round,First and Second Round,5.181818181818182,-3.090909090909091
782,Spain,2014,11,5.181818181818182,5.0,15,57,8,6,0.7272727272727273,World Cup 2014,Chile,"Maracanã, Rio de Janeiro",0,0,0,Lose,Europe,First and Second Round,First and Second Round,2.090909090909091,3.090909090909091
783,Chile,2014,11,1.7272727272727273,0.0,4,19,5,0,0.45454545454545453,World Cup 2014,Netherlands,"Neo Química Arena, São Paulo",0,0,0,Lose,South America,First and Second Round,First and Second Round,3.1818181818181817,-1.4545454545454544
783,Netherlands,2014,11,3.1818181818181817,0.0,11,35,4,4,0.36363636363636365,World Cup 2014,Chile,"Neo Química Arena, São Paulo",2,0,2,Win,Europe,First and Second Round,First and Second Round,1.7272727272727273,1.4545454545454544
784,Australia,2014,11,0.09090909090909091,0.0,1,1,1,0,0.09090909090909091,World Cup 2014,Spain,"Arena da Baixada, Curitiba",0,0,0,Lose,Oceania,First and Second Round,First and Second Round,4.454545454545454,-4.363636363636363
784,Spain,2014,11,4.454545454545454,0.0,11,49,5,5,0.45454545454545453,World Cup 2014,Australia,"Arena da Baixada, Curitiba",3,0,3,Win,Europe,First and Second Round,First and Second Round,0.09090909090909091,4.363636363636363
785,Colombia,2014,11,0.0,0.0,0,0,0,0,0.0,World Cup 2014,Greece,"Estadio Mineirao, Belo Horizonte",3,0,3,Win,South America,First and Second Round,First and Second Round,1.3636363636363635,-1.3636363636363635
785,Greece,2014,11,1.3636363636363635,2.0,3,15,6,0,0.5454545454545454,World Cup 2014,Colombia,"Estadio Mineirao, Belo Horizonte",0,0,0,Lose,Europe,First and Second Round,First and Second Round,0.0,1.3636363636363635
786,Côte d'Ivoire,2014,11,2.6363636363636362,3.0,6,29,7,2,0.6363636363636364,World Cup 2014,Japan,"Arena Pernambuco, Recife",2,0,2,Win,Africa,First and Second Round,First and Second Round,1.8181818181818181,0.8181818181818181
786,Japan,2014,11,1.8181818181818181,0.0,4,20,5,0,0.45454545454545453,World Cup 2014,Côte d'Ivoire,"Arena Pernambuco, Recife",1,0,1,Lose,Asia,First and Second Round,First and Second Round,2.6363636363636362,-0.8181818181818181
787,Colombia,2014,11,0.0,0.0,0,0,0,0,0.0,World Cup 2014,Côte d'Ivoire,"Estádio Nacional Mané Garrincha, Brasília",2,0,2,Win,South America,First and Second Round,First and Second Round,2.3636363636363638,-2.3636363636363638
787,Côte d'Ivoire,2014,11,2.3636363636363638,3.0,6,26,6,2,0.5454545454545454,World Cup 2014,Colombia,"Estádio Nacional Mané Garrincha, Brasília",1,0,1,Lose,Africa,First and Second Round,First and Second Round,0.0,2.3636363636363638
788,Greece,2014,11,1.0,0.0,3,11,4,0,0.36363636363636365,World Cup 2014,Japan,"Estadio das Dunas, Natal",0,0,0,Tie,Europe,First and Second Round,First and Second Round,2.272727272727273,-1.272727272727273
788,Japan,2014,11,2.272727272727273,4.0,4,25,7,0,0.6363636363636364,World Cup 2014,Greece,"Estadio das Dunas, Natal",0,0,0,Tie,Asia,First and Second Round,First and Second Round,1.0,1.272727272727273
789,Colombia,2014,11,0.0,0.0,0,0,0,0,0.0,World Cup 2014,Japan,"Arena Pantanal, Cuiabá",4,0,4,Win,South America,First and Second Round,First and Second Round,2.272727272727273,-2.272727272727273
789,Japan,2014,11,2.272727272727273,4.0,4,25,7,0,0.6363636363636364,World Cup 2014,Colombia,"Arena Pantanal, Cuiabá",1,0,1,Lose,Asia,First and Second Round,First and Second Round,0.0,2.272727272727273
790,Côte d'Ivoire,2014,11,3.0,3.0,6,33,8,3,0.7272727272727273,World Cup 2014,Greece,"Estadio Castelao, Fortaleza",1,0,1,Lose,Africa,First and Second Round,First and Second Round,1.1818181818181819,1.8181818181818181
790,Greece,2014,11,1.1818181818181819,0.0,3,13,5,0,0.45454545454545453,World Cup 2014,Côte d'Ivoire,"Estadio Castelao, Fortaleza",2,0,2,Win,Europe,First and Second Round,First and Second Round,3.0,-1.8181818181818181
791,Costa Rica,2014,11,0.45454545454545453,0.0,3,5,2,0,0.18181818181818182,World Cup 2014,Uruguay,"Estadio Castelao, Fortaleza",3,0,3,Win,North America,First and Second Round,First and Second Round,4.0,-3.5454545454545454
791,Uruguay,2014,11,4.0,5.0,8,44,8,6,0.7272727272727273,World Cup 2014,Costa Rica,"Estadio Castelao, Fortaleza",1,0,1,Lose,South America,First and Second Round,First and Second Round,0.45454545454545453,3.5454545454545454
792,England,2014,11,1.9090909090909092,0.0,9,21,3,2,0.2727272727272727,World Cup 2014,Italy,"Arena Amazonia, Manaus",1,0,1,Lose,Europe,First and Second Round,First and Second Round,1.9090909090909092,0.0
792,Italy,2014,11,1.9090909090909092,0.0,8,21,5,2,0.45454545454545453,World Cup 2014,England,"Arena Amazonia, Manaus",2,0,2,Win,Europe,First and Second Round,First and Second Round,1.9090909090909092,0.0
793,England,2014,11,1.9090909090909092,0.0,9,21,3,2,0.2727272727272727,World Cup 2014,Uruguay,"Neo Química Arena, São Paulo",1,0,1,Lose,Europe,First and Second Round,First and Second Round,3.727272727272727,-1.818181818181818
793,Uruguay,2014,11,3.727272727272727,5.0,7,41,8,6,0.7272727272727273,World Cup 2014,England,"Neo Química Arena, São Paulo",2,0,2,Win,South America,First and Second Round,First and Second Round,1.9090909090909092,1.818181818181818
794,Costa Rica,2014,11,0.45454545454545453,0.0,3,5,2,0,0.18181818181818182,World Cup 2014,Italy,"Arena Pernambuco, Recife",1,0,1,Win,North America,First and Second Round,First and Second Round,3.0,-2.5454545454545454
794,Italy,2014,11,3.0,2.0,12,33,6,3,0.5454545454545454,World Cup 2014,Costa Rica,"Arena Pernambuco, Recife",0,0,0,Lose,Europe,First and Second Round,First and Second Round,0.45454545454545453,2.5454545454545454
795,Costa Rica,2014,11,0.0,0.0,0,0,0,0,0.0,World Cup 2014,England,"Estadio Mineirao, Belo Horizonte",0,0,0,Tie,North America,First and Second Round,First and Second Round,1.0909090909090908,-1.0909090909090908
795,England,2014,11,1.0909090909090908,0.0,9,12,2,1,0.18181818181818182,World Cup 2014,Costa Rica,"Estadio Mineirao, Belo Horizonte",0,0,0,Tie,Europe,First and Second Round,First and Second Round,0.0,1.0909090909090908
796,Italy,2014,11,2.4545454545454546,0.0,12,27,5,2,0.45454545454545453,World Cup 2014,Uruguay,"Estadio das Dunas, Natal",0,0,0,Lose,Europe,First and Second Round,First and Second Round,3.727272727272727,-1.2727272727272725
796,Uruguay,2014,11,3.727272727272727,5.0,7,41,8,6,0.7272727272727273,World Cup 2014,Italy,"Estadio das Dunas, Natal",1,0,1,Win,South America,First and Second Round,First and Second Round,2.4545454545454546,1.2727272727272725
797,Ecuador,2014,11,0.6363636363636364,0.0,4,7,2,0,0.18181818181818182,World Cup 2014,Switzerland,"Estádio Nacional Mané Garrincha, Brasília",1,0,1,Lose,South America,First and Second Round,First and Second Round,1.6363636363636365,-1.0
797,Switzerland,2014,11,1.6363636363636365,2.0,3,18,7,0,0.6363636363636364,World Cup 2014,Ecuador,"Estádio Nacional Mané Garrincha, Brasília",2,0,2,Win,Europe,First and Second Round,First and Second Round,0.6363636363636364,1.0
798,France,2014,11,0.5454545454545454,0.0,3,6,3,0,0.2727272727272727,World Cup 2014,Honduras,"Estadio Beira-Rio, Porto Alegre",3,0,3,Win,Europe,First and Second Round,First and Second Round,1.2727272727272727,-0.7272727272727273
798,Honduras,2014,11,1.2727272727272727,1.0,3,14,6,0,0.5454545454545454,World Cup 2014,France,"Estadio Beira-Rio, Porto Alegre",0,0,0,Lose,North America,First and Second Round,First and Second Round,0.5454545454545454,0.7272727272727273
799,France,2014,11,0.5454545454545454,0.0,3,6,3,0,0.2727272727272727,World Cup 2014,Switzerland,"Fonte Nova Arena, Salvador",5,0,5,Win,Europe,First and Second Round,First and Second Round,1.6363636363636365,-1.090909090909091
799,Switzerland,2014,11,1.6363636363636365,2.0,3,18,7,0,0.6363636363636364,World Cup 2014,France,"Fonte Nova Arena, Salvador",2,0,2,Lose,Europe,First and Second Round,First and Second Round,0.5454545454545454,1.090909090909091
800,Ecuador,2014,11,0.6363636363636364,0.0,4,7,2,0,0.18181818181818182,World Cup 2014,Honduras,"Arena da Baixada, Curitiba",2,0,2,Win,South America,First and Second Round,First and Second Round,1.0,-0.36363636363636365
800,Honduras,2014,11,1.0,0.0,3,11,5,0,0.45454545454545453,World Cup 2014,Ecuador,"Arena da Baixada, Curitiba",1,0,1,Lose,North America,First and Second Round,First and Second Round,0.6363636363636364,0.36363636363636365
801,Ecuador,2014,11,0.6363636363636364,0.0,4,7,2,0,0.18181818181818182,World Cup 2014,France,"Maracanã, Rio de Janeiro",0,0,0,Tie,South America,First and Second Round,First and Second Round,0.5454545454545454,0.09090909090909094
801,France,2014,11,0.5454545454545454,0.0,3,6,2,0,0.18181818181818182,World Cup 2014,Ecuador,"Maracanã, Rio de Janeiro",0,0,0,Tie,Europe,First and Second Round,First and Second Round,0.6363636363636364,-0.09090909090909094
802,Honduras,2014,11,1.0909090909090908,0.0,3,12,5,0,0.45454545454545453,World Cup 2014,Switzerland,"Arena Amazonia, Manaus",0,0,0,Lose,North America,First and Second Round,First and Second Round,1.3636363636363635,-0.2727272727272727
802,Switzerland,2014,11,1.3636363636363635,1.0,3,15,6,0,0.5454545454545454,World Cup 2014,Honduras,"Arena Amazonia, Manaus",3,0,3,Win,Europe,First and Second Round,First and Second Round,1.0909090909090908,0.2727272727272727
803,Argentina,2014,11,3.6363636363636362,3.0,10,40,6,5,0.5454545454545454,World Cup 2014,Bosnia-Herzegovina,"Maracanã, Rio de Janeiro",2,0,2,Win,South America,First and Second Round,First and Second Round,0.0,3.6363636363636362
803,Bosnia-Herzegovina,2014,11,0.0,0.0,0,0,0,0,0.0,World Cup 2014,Argentina,"Maracanã, Rio de Janeiro",1,0,1,Lose,Europe,First and Second Round,First and Second Round,3.6363636363636362,-3.6363636363636362
804,Iran,2014,11,0.45454545454545453,0.0,3,5,2,0,0.18181818181818182,World Cup 2014,Nigeria,"Arena da Baixada, Curitiba",0,0,0,Tie,Asia,First and Second Round,First and Second Round,0.36363636363636365,0.09090909090909088
804,Nigeria,2014,11,0.36363636363636365,0.0,4,4,1,0,0.09090909090909091,World Cup 2014,Iran,"Arena da Baixada, Curitiba",0,0,0,Tie,Africa,First and Second Round,First and Second Round,0.45454545454545453,-0.09090909090909088
805,Argentina,2014,11,3.090909090909091,3.0,9,34,6,4,0.5454545454545454,World Cup 2014,Iran,"Estadio Mineirao, Belo Horizonte",1,0,1,Win,South America,First and Second Round,First and Second Round,0.5454545454545454,2.5454545454545454
805,Iran,2014,11,0.5454545454545454,0.0,3,6,3,0,0.2727272727272727,World Cup 2014,Argentina,"Estadio Mineirao, Belo Horizonte",0,0,0,Lose,Asia,First and Second Round,First and Second Round,3.090909090909091,-2.5454545454545454
806,Bosnia-Herzegovina,2014,11,0.0,0.0,0,0,0,0,0.0,World Cup 2014,Nigeria,"Arena Pantanal, Cuiabá",0,0,0,Lose,Europe,First and Second Round,First and Second Round,1.0909090909090908,-1.0909090909090908
806,Nigeria,2014,11,1.0909090909090908,0.0,6,12,3,1,0.2727272727272727,World Cup 2014,Bosnia-Herzegovina,"Arena Pantanal, Cuiabá",1,0,1,Win,Africa,First and Second Round,First and Second Round,0.0,1.0909090909090908
807,Argentina,2014,11,3.090909090909091,3.0,9,34,6,4,0.5454545454545454,World Cup 2014,Nigeria,"Estadio Beira-Rio, Porto Alegre",3,0,3,Win,South America,First and Second Round,First and Second Round,1.0909090909090908,2.0
807,Nigeria,2014,11,1.0909090909090908,0.0,6,12,3,1,0.2727272727272727,World Cup 2014,Argentina,"Estadio Beira-Rio, Porto Alegre",2,0,2,Lose,Africa,First and Second Round,First and Second Round,3.090909090909091,-2.0
808,Bosnia-Herzegovina,2014,11,0.0,0.0,0,0,0,0,0.0,World Cup 2014,Iran,"Fonte Nova Arena, Salvador",3,0,3,Win,Europe,First and Second Round,First and Second Round,0.5454545454545454,-0.5454545454545454
808,Iran,2014,11,0.5454545454545454,0.0,3,6,3,0,0.2727272727272727,World Cup 2014,Bosnia-Herzegovina,"Fonte Nova Arena, Salvador",1,0,1,Lose,Asia,First and Second Round,First and Second Round,0.0,0.5454545454545454
809,Germany,2014,11,5.545454545454546,6.0,13,61,8,7,0.7272727272727273,World Cup 2014,Portugal,"Fonte Nova Arena, Salvador",4,0,4,Win,Europe,First and Second Round,First and Second Round,2.3636363636363638,3.181818181818182
809,Portugal,2014,11,2.3636363636363638,2.0,10,26,6,1,0.5454545454545454,World Cup 2014,Germany,"Fonte Nova Arena, Salvador",0,0,0,Lose,Europe,First and Second Round,First and Second Round,5.545454545454546,-3.181818181818182
810,Ghana,2014,11,2.4545454545454546,0.0,8,27,5,3,0.45454545454545453,World Cup 2014,USA,"Estadio das Dunas, Natal",1,0,1,Lose,Africa,First and Second Round,First and Second Round,2.272727272727273,0.18181818181818166
810,USA,2014,11,2.272727272727273,0.0,7,25,5,2,0.45454545454545453,World Cup 2014,Ghana,"Estadio das Dunas, Natal",2,0,2,Win,North America,First and Second Round,First and Second Round,2.4545454545454546,-0.18181818181818166
811,Germany,2014,11,5.545454545454546,6.0,13,61,8,7,0.7272727272727273,World Cup 2014,Ghana,"Estadio Castelao, Fortaleza",2,0,2,Tie,Europe,First and Second Round,First and Second Round,2.909090909090909,2.6363636363636367
811,Ghana,2014,11,2.909090909090909,3.0,8,32,6,4,0.5454545454545454,World Cup 2014,Germany,"Estadio Castelao, Fortaleza",2,0,2,Tie,Africa,First and Second Round,First and Second Round,5.545454545454546,-2.6363636363636367
812,Portugal,2014,11,2.3636363636363638,2.0,10,26,6,1,0.5454545454545454,World Cup 2014,USA,"Arena Amazonia, Manaus",2,0,2,Tie,Europe,First and Second Round,First and Second Round,1.9090909090909092,0.4545454545454546
812,USA,2014,11,1.9090909090909092,0.0,7,21,4,2,0.36363636363636365,World Cup 2014,Portugal,"Arena Amazonia, Manaus",2,0,2,Tie,North America,First and Second Round,First and Second Round,2.3636363636363638,-0.4545454545454546
813,Germany,2014,11,7.363636363636363,6.0,14,81,9,8,0.8181818181818182,World Cup 2014,USA,"Arena Pernambuco, Recife",1,0,1,Win,Europe,First and Second Round,First and Second Round,1.9090909090909092,5.454545454545454
813,USA,2014,11,1.9090909090909092,0.0,7,21,4,2,0.36363636363636365,World Cup 2014,Germany,"Arena Pernambuco, Recife",0,0,0,Lose,North America,First and Second Round,First and Second Round,7.363636363636363,-5.454545454545454
814,Ghana,2014,11,1.8181818181818181,0.0,8,20,4,2,0.36363636363636365,World Cup 2014,Portugal,"Estádio Nacional Mané Garrincha, Brasília",1,0,1,Lose,Africa,First and Second Round,First and Second Round,1.5454545454545454,0.2727272727272727
814,Portugal,2014,11,1.5454545454545454,0.0,10,17,4,1,0.36363636363636365,World Cup 2014,Ghana,"Estádio Nacional Mané Garrincha, Brasília",2,0,2,Win,Europe,First and Second Round,First and Second Round,1.8181818181818181,-0.2727272727272727
815,Algeria,2014,11,0.7272727272727273,0.0,3,8,3,0,0.2727272727272727,World Cup 2014,Belgium,"Estadio Mineirao, Belo Horizonte",1,0,1,Lose,Africa,First and Second Round,First and Second Round,0.36363636363636365,0.36363636363636365
815,Belgium,2014,11,0.36363636363636365,0.0,4,4,1,0,0.09090909090909091,World Cup 2014,Algeria,"Estadio Mineirao, Belo Horizonte",2,0,2,Win,Europe,First and Second Round,First and Second Round,0.7272727272727273,-0.36363636363636365
816,Russia,2014,11,0.0,0.0,0,0,0,0,0.0,World Cup 2014,South Korea,"Arena Pantanal, Cuiabá",1,0,1,Tie,Europe and Asia,First and Second Round,First and Second Round,1.5454545454545454,-1.5454545454545454
816,South Korea,2014,11,1.5454545454545454,0.0,5,17,4,1,0.36363636363636365,World Cup 2014,Russia,"Arena Pantanal, Cuiabá",1,0,1,Tie,Asia,First and Second Round,First and Second Round,0.0,1.5454545454545454
817,Belgium,2014,11,0.36363636363636365,0.0,4,4,1,0,0.09090909090909091,World Cup 2014,Russia,"Maracanã, Rio de Janeiro",1,0,1,Win,Europe,First and Second Round,First and Second Round,0.0,0.36363636363636365
817,Russia,2014,11,0.0,0.0,0,0,0,0,0.0,World Cup 2014,Belgium,"Maracanã, Rio de Janeiro",0,0,0,Lose,Europe and Asia,First and Second Round,First and Second Round,0.36363636363636365,-0.36363636363636365
818,Algeria,2014,11,0.8181818181818182,0.0,3,9,4,0,0.36363636363636365,World Cup 2014,South Korea,"Estadio Beira-Rio, Porto Alegre",4,0,4,Win,Africa,First and Second Round,First and Second Round,1.5454545454545454,-0.7272727272727272
818,South Korea,2014,11,1.5454545454545454,0.0,5,17,4,1,0.36363636363636365,World Cup 2014,Algeria,"Estadio Beira-Rio, Porto Alegre",2,0,2,Lose,Asia,First and Second Round,First and Second Round,0.8181818181818182,0.7272727272727272
819,Algeria,2014,11,0.5454545454545454,0.0,3,6,3,0,0.2727272727272727,World Cup 2014,Russia,"Arena da Baixada, Curitiba",1,0,1,Tie,Africa,First and Second Round,First and Second Round,0.09090909090909091,0.4545454545454545
819,Russia,2014,11,0.09090909090909091,0.0,1,1,1,0,0.09090909090909091,World Cup 2014,Algeria,"Arena da Baixada, Curitiba",1,0,1,Tie,Europe and Asia,First and Second Round,First and Second Round,0.5454545454545454,-0.4545454545454545
820,Belgium,2014,11,0.36363636363636365,0.0,4,4,1,0,0.09090909090909091,World Cup 2014,South Korea,"Neo Química Arena, São Paulo",1,0,1,Win,Europe,First and Second Round,First and Second Round,0.7272727272727273,-0.36363636363636365
820,South Korea,2014,11,0.7272727272727273,0.0,4,8,2,0,0.18181818181818182,World Cup 2014,Belgium,"Neo Química Arena, São Paulo",0,0,0,Lose,Asia,First and Second Round,First and Second Round,0.36363636363636365,0.36363636363636365
821,Brazil,2014,11,1.3636363636363635,0.0,5,15,3,3,0.2727272727272727,World Cup 2014,Chile,"Estadio Mineirao, Belo Horizonte",1,3,4,Win,South America,First and Second Round,First and Second Round,2.090909090909091,-0.7272727272727273
821,Chile,2014,11,2.090909090909091,3.0,4,23,6,0,0.5454545454545454,World Cup 2014,Brazil,"Estadio Mineirao, Belo Horizonte",1,2,3,Lose,South America,First and Second Round,First and Second Round,1.3636363636363635,0.7272727272727273
822,Colombia,2014,11,0.0,0.0,0,0,0,0,0.0,World Cup 2014,Uruguay,"Maracanã, Rio de Janeiro",2,0,2,Win,South America,First and Second Round,First and Second Round,3.6363636363636362,-3.6363636363636362
822,Uruguay,2014,11,3.6363636363636362,5.0,8,40,7,6,0.6363636363636364,World Cup 2014,Colombia,"Maracanã, Rio de Janeiro",0,0,0,Lose,South America,First and Second Round,First and Second Round,0.0,3.6363636363636362
823,Mexico,2014,11,3.272727272727273,2.0,12,36,7,3,0.6363636363636364,World Cup 2014,Netherlands,"Estadio Castelao, Fortaleza",1,0,1,Lose,North America,First and Second Round,First and Second Round,4.181818181818182,-0.9090909090909087
823,Netherlands,2014,11,4.181818181818182,0.0,11,46,5,5,0.45454545454545453,World Cup 2014,Mexico,"Estadio Castelao, Fortaleza",2,0,2,Win,Europe,First and Second Round,First and Second Round,3.272727272727273,0.9090909090909087
824,Costa Rica,2014,11,0.45454545454545453,0.0,3,5,2,0,0.18181818181818182,World Cup 2014,Greece,"Arena Pernambuco, Recife",1,5,6,Win,North America,First and Second Round,First and Second Round,1.1818181818181819,-0.7272727272727273
824,Greece,2014,11,1.1818181818181819,0.0,3,13,5,0,0.45454545454545453,World Cup 2014,Costa Rica,"Arena Pernambuco, Recife",1,3,4,Lose,Europe,First and Second Round,First and Second Round,0.45454545454545453,0.7272727272727273
825,France,2014,11,0.5454545454545454,0.0,3,6,3,0,0.2727272727272727,World Cup 2014,Nigeria,"Estádio Nacional Mané Garrincha, Brasília",2,0,2,Win,Europe,First and Second Round,First and Second Round,1.0909090909090908,-0.5454545454545454
825,Nigeria,2014,11,1.0909090909090908,0.0,6,12,3,1,0.2727272727272727,World Cup 2014,France,"Estádio Nacional Mané Garrincha, Brasília",0,0,0,Lose,Africa,First and Second Round,First and Second Round,0.5454545454545454,0.5454545454545454
826,Algeria,2014,11,0.7272727272727273,0.0,3,8,3,0,0.2727272727272727,World Cup 2014,Germany,"Estadio Beira-Rio, Porto Alegre",1,0,1,Lose,Africa,First and Second Round,First and Second Round,6.181818181818182,-5.454545454545454
826,Germany,2014,11,6.181818181818182,6.0,14,68,8,7,0.7272727272727273,World Cup 2014,Algeria,"Estadio Beira-Rio, Porto Alegre",2,0,2,Win,Europe,First and Second Round,First and Second Round,0.7272727272727273,5.454545454545454
827,Argentina,2014,11,2.8181818181818183,0.0,9,31,5,4,0.45454545454545453,World Cup 2014,Switzerland,"Neo Química Arena, São Paulo",1,0,1,Win,South America,First and Second Round,First and Second Round,1.3636363636363635,1.4545454545454548
827,Switzerland,2014,11,1.3636363636363635,1.0,3,15,6,0,0.5454545454545454,World Cup 2014,Argentina,"Neo Química Arena, São Paulo",0,0,0,Lose,Europe,First and Second Round,First and Second Round,2.8181818181818183,-1.4545454545454548
828,Belgium,2014,11,0.36363636363636365,0.0,4,4,1,0,0.09090909090909091,World Cup 2014,USA,"Fonte Nova Arena, Salvador",2,0,2,Win,Europe,First and Second Round,First and Second Round,1.9090909090909092,-1.5454545454545454
828,USA,2014,11,1.9090909090909092,0.0,7,21,4,2,0.36363636363636365,World Cup 2014,Belgium,"Fonte Nova Arena, Salvador",1,0,1,Lose,North America,First and Second Round,First and Second Round,0.36363636363636365,1.5454545454545454
829,France,2014,11,0.5454545454545454,0.0,3,6,3,0,0.2727272727272727,World Cup 2014,Germany,"Maracanã, Rio de Janeiro",0,0,0,Lose,Europe,First and Second Round,First and Second Round,7.363636363636363,-6.818181818181818
829,Germany,2014,11,7.363636363636363,6.0,19,81,9,8,0.8181818181818182,World Cup 2014,France,"Maracanã, Rio de Janeiro",1,0,1,Win,Europe,First and Second Round,First and Second Round,0.5454545454545454,6.818181818181818
830,Brazil,2014,11,1.3636363636363635,0.0,5,15,3,3,0.2727272727272727,World Cup 2014,Colombia,"Estadio Castelao, Fortaleza",2,0,2,Win,South America,First and Second Round,First and Second Round,0.0,1.3636363636363635
830,Colombia,2014,11,0.0,0.0,0,0,0,0,0.0,World Cup 2014,Brazil,"Estadio Castelao, Fortaleza",1,0,1,Lose,South America,First and Second Round,First and Second Round,1.3636363636363635,-1.3636363636363635
831,Argentina,2014,11,3.272727272727273,4.0,9,36,6,5,0.5454545454545454,World Cup 2014,Belgium,"Estádio Nacional Mané Garrincha, Brasília",1,0,1,Win,South America,First and Second Round,First and Second Round,0.36363636363636365,2.909090909090909
831,Belgium,2014,11,0.36363636363636365,0.0,4,4,1,0,0.09090909090909091,World Cup 2014,Argentina,"Estádio Nacional Mané Garrincha, Brasília",0,0,0,Lose,Europe,First and Second Round,First and Second Round,3.272727272727273,-2.909090909090909
832,Costa Rica,2014,11,0.45454545454545453,0.0,3,5,2,0,0.18181818181818182,World Cup 2014,Netherlands,"Fonte Nova Arena, Salvador",0,3,3,Lose,North America,First and Second Round,First and Second Round,3.6363636363636362,-3.1818181818181817
832,Netherlands,2014,11,3.6363636363636362,0.0,11,40,4,4,0.36363636363636365,World Cup 2014,Costa Rica,"Fonte Nova Arena, Salvador",0,4,4,Win,Europe,First and Second Round,First and Second Round,0.45454545454545453,3.1818181818181817
833,Brazil,2014,11,1.3636363636363635,0.0,5,15,3,3,0.2727272727272727,World Cup 2014,Germany,"Estadio Mineirao, Belo Horizonte",1,0,1,Lose,South America,Semi-Final,Semi-Final,7.363636363636363,-6.0
833,Germany,2014,11,7.363636363636363,6.0,19,81,9,8,0.8181818181818182,World Cup 2014,Brazil,"Estadio Mineirao, Belo Horizonte",7,0,7,Win,Europe,Semi-Final,Semi-Final,1.3636363636363635,6.0
834,Argentina,2014,11,2.8181818181818183,0.0,9,31,5,4,0.45454545454545453,World Cup 2014,Netherlands,"Neo Química Arena, São Paulo",0,4,4,Win,South America,Semi-Final,Semi-Final,4.181818181818182,-1.3636363636363633
834,Netherlands,2014,11,4.181818181818182,0.0,11,46,5,5,0.45454545454545453,World Cup 2014,Argentina,"Neo Química Arena, São Paulo",0,2,2,Lose,Europe,Semi-Final,Semi-Final,2.8181818181818183,1.3636363636363633
835,Brazil,2014,11,1.2727272727272727,0.0,5,14,3,2,0.2727272727272727,World Cup 2014,Netherlands,"Estádio Nacional Mané Garrincha, Brasília",0,0,0,Lose,South America,Final,Final - 3rd,2.6363636363636362,-1.3636363636363635
835,Netherlands,2014,11,2.6363636363636362,0.0,11,29,3,3,0.2727272727272727,World Cup 2014,Brazil,"Estádio Nacional Mané Garrincha, Brasília",3,0,3,Win,Europe,Final,Final - 3rd,1.2727272727272727,1.3636363636363635
836,Argentina,2014,11,2.8181818181818183,0.0,9,31,5,4,0.45454545454545453,World Cup 2014,Germany,"Maracanã, Rio de Janeiro",0,0,0,Lose,South America,Final,Final - 1st,6.7272727272727275,-3.909090909090909
836,Germany,2014,11,6.7272727272727275,6.0,19,74,8,7,0.7272727272727273,World Cup 2014,Argentina,"Maracanã, Rio de Janeiro",1,0,1,Win,Europe,Final,Final - 1st,2.8181818181818183,3.909090909090909
837,Russia,2018,11,1.1818181818181819,0.0,3,13,5,0,0.45454545454545453,World Cup 2018,Saudi Arabia,"Lenin, Moscow",5,0,5,Win,Europe and Asia,First and Second Round,First and Second Round,0.0,1.1818181818181819
837,Saudi Arabia,2018,11,0.0,0.0,0,0,0,0,0.0,World Cup 2018,Russia,"Lenin, Moscow",0,0,0,Lose,Asia,First and Second Round,First and Second Round,1.1818181818181819,-1.1818181818181819
838,Egypt,2018,11,0.0,0.0,0,0,0,0,0.0,World Cup 2018,Uruguay,"Ekaterinburg Arena, Yekaterinburg",0,0,0,Lose,Africa,First and Second Round,First and Second Round,4.2727272727272725,-4.2727272727272725
838,Uruguay,2018,11,4.2727272727272725,3.0,11,47,6,5,0.5454545454545454,World Cup 2018,Egypt,"Ekaterinburg Arena, Yekaterinburg",1,0,1,Win,South America,First and Second Round,First and Second Round,0.0,4.2727272727272725
839,Egypt,2018,11,0.0,0.0,0,0,0,0,0.0,World Cup 2018,Russia,"Krestovsky Stadium, Saint Petersburg",1,0,1,Lose,Africa,First and Second Round,First and Second Round,0.9090909090909091,-0.9090909090909091
839,Russia,2018,11,0.9090909090909091,0.0,3,10,4,0,0.36363636363636365,World Cup 2018,Egypt,"Krestovsky Stadium, Saint Petersburg",3,0,3,Win,Europe and Asia,First and Second Round,First and Second Round,0.0,0.9090909090909091
840,Saudi Arabia,2018,11,0.0,0.0,0,0,0,0,0.0,World Cup 2018,Uruguay,"Rostov Arena, Rostov-on-Don",0,0,0,Lose,Asia,First and Second Round,First and Second Round,5.0,-5.0
840,Uruguay,2018,11,5.0,4.0,11,55,8,5,0.7272727272727273,World Cup 2018,Saudi Arabia,"Rostov Arena, Rostov-on-Don",1,0,1,Win,South America,First and Second Round,First and Second Round,0.0,5.0
841,Egypt,2018,11,0.0,0.0,0,0,0,0,0.0,World Cup 2018,Saudi Arabia,"Central Stadium, Volgograd",1,0,1,Lose,Africa,First and Second Round,First and Second Round,0.0,0.0
841,Saudi Arabia,2018,11,0.0,0.0,0,0,0,0,0.0,World Cup 2018,Egypt,"Central Stadium, Volgograd",2,0,2,Win,Asia,First and Second Round,First and Second Round,0.0,0.0
842,Russia,2018,11,0.8181818181818182,0.0,3,9,3,0,0.2727272727272727,World Cup 2018,Uruguay,"Samara Arena, Samara",0,0,0,Lose,Europe and Asia,First and Second Round,First and Second Round,4.090909090909091,-3.2727272727272725
842,Uruguay,2018,11,4.090909090909091,1.0,11,45,6,5,0.5454545454545454,World Cup 2018,Russia,"Samara Arena, Samara",3,0,3,Win,South America,First and Second Round,First and Second Round,0.8181818181818182,3.2727272727272725
843,Iran,2018,11,1.0,0.0,4,11,4,0,0.36363636363636365,World Cup 2018,Morocco,"Krestovsky Stadium, Saint Petersburg",1,0,1,Win,Asia,First and Second Round,First and Second Round,0.0,1.0
843,Morocco,2018,11,0.0,0.0,0,0,0,0,0.0,World Cup 2018,Iran,"Krestovsky Stadium, Saint Petersburg",0,0,0,Lose,Africa,First and Second Round,First and Second Round,1.0,-1.0
844,Portugal,2018,11,1.7272727272727273,0.0,13,19,4,1,0.36363636363636365,World Cup 2018,Spain,"Fisht Olympic Stadium, Sochi",3,0,3,Tie,Europe,First and Second Round,First and Second Round,4.818181818181818,-3.090909090909091
844,Spain,2018,11,4.818181818181818,3.0,13,53,8,5,0.7272727272727273,World Cup 2018,Portugal,"Fisht Olympic Stadium, Sochi",3,0,3,Tie,Europe,First and Second Round,First and Second Round,1.7272727272727273,3.090909090909091
845,Morocco,2018,11,0.0,0.0,0,0,0,0,0.0,World Cup 2018,Portugal,"Lenin, Moscow",0,0,0,Lose,Africa,First and Second Round,First and Second Round,1.7272727272727273,-1.7272727272727273
845,Portugal,2018,11,1.7272727272727273,0.0,13,19,4,1,0.36363636363636365,World Cup 2018,Morocco,"Lenin, Moscow",1,0,1,Win,Europe,First and Second Round,First and Second Round,0.0,1.7272727272727273
846,Iran,2018,11,0.36363636363636365,0.0,3,4,2,0,0.18181818181818182,World Cup 2018,Spain,"Ak Bars Arena, Kazan",0,0,0,Lose,Asia,First and Second Round,First and Second Round,4.545454545454546,-4.1818181818181825
846,Spain,2018,11,4.545454545454546,3.0,13,50,7,5,0.6363636363636364,World Cup 2018,Iran,"Ak Bars Arena, Kazan",1,0,1,Win,Europe,First and Second Round,First and Second Round,0.36363636363636365,4.1818181818181825
847,Iran,2018,11,0.5454545454545454,0.0,3,6,2,0,0.18181818181818182,World Cup 2018,Portugal,"Mordovia Arena, Saransk",1,0,1,Tie,Asia,First and Second Round,First and Second Round,1.4545454545454546,-0.9090909090909092
847,Portugal,2018,11,1.4545454545454546,0.0,13,16,3,1,0.2727272727272727,World Cup 2018,Iran,"Mordovia Arena, Saransk",1,0,1,Tie,Europe,First and Second Round,First and Second Round,0.5454545454545454,0.9090909090909092
848,Morocco,2018,11,0.0,0.0,0,0,0,0,0.0,World Cup 2018,Spain,"Kaliningrad Stadium, Kaliningrad",2,0,2,Tie,Africa,First and Second Round,First and Second Round,4.545454545454546,-4.545454545454546
848,Spain,2018,11,4.545454545454546,3.0,13,50,7,5,0.6363636363636364,World Cup 2018,Morocco,"Kaliningrad Stadium, Kaliningrad",2,0,2,Tie,Europe,First and Second Round,First and Second Round,0.0,4.545454545454546
849,Australia,2018,11,1.0,0.0,4,11,4,0,0.36363636363636365,World Cup 2018,France,"Ak Bars Arena, Kazan",1,0,1,Lose,Oceania,First and Second Round,First and Second Round,2.090909090909091,-1.0909090909090908
849,France,2018,11,2.090909090909091,0.0,8,23,4,4,0.36363636363636365,World Cup 2018,Australia,"Ak Bars Arena, Kazan",2,0,2,Win,Europe,First and Second Round,First and Second Round,1.0,1.0909090909090908
850,Denmark,2018,11,0.36363636363636365,0.0,2,4,2,0,0.18181818181818182,World Cup 2018,Peru,"Mordovia Arena, Saransk",1,0,1,Win,Europe,First and Second Round,First and Second Round,0.0,0.36363636363636365
850,Peru,2018,11,0.0,0.0,0,0,0,0,0.0,World Cup 2018,Denmark,"Mordovia Arena, Saransk",0,0,0,Lose,South America,First and Second Round,First and Second Round,0.36363636363636365,-0.36363636363636365
851,Australia,2018,11,1.0,0.0,4,11,4,0,0.36363636363636365,World Cup 2018,Denmark,"Samara Arena, Samara",1,0,1,Tie,Oceania,First and Second Round,First and Second Round,0.36363636363636365,0.6363636363636364
851,Denmark,2018,11,0.36363636363636365,0.0,2,4,2,0,0.18181818181818182,World Cup 2018,Australia,"Samara Arena, Samara",1,0,1,Tie,Europe,First and Second Round,First and Second Round,1.0,-0.6363636363636364
852,France,2018,11,3.0,5.0,8,33,6,6,0.5454545454545454,World Cup 2018,Peru,"Ekaterinburg Arena, Yekaterinburg",1,0,1,Win,Europe,First and Second Round,First and Second Round,0.0,3.0
852,Peru,2018,11,0.0,0.0,0,0,0,0,0.0,World Cup 2018,France,"Ekaterinburg Arena, Yekaterinburg",0,0,0,Lose,South America,First and Second Round,First and Second Round,3.0,-3.0
853,Denmark,2018,11,0.36363636363636365,0.0,2,4,2,0,0.18181818181818182,World Cup 2018,France,"Lenin, Moscow",0,0,0,Tie,Europe,First and Second Round,First and Second Round,1.3636363636363635,-0.9999999999999999
853,France,2018,11,1.3636363636363635,0.0,5,15,3,3,0.2727272727272727,World Cup 2018,Denmark,"Lenin, Moscow",0,0,0,Tie,Europe,First and Second Round,First and Second Round,0.36363636363636365,0.9999999999999999
854,Australia,2018,11,1.0,0.0,4,11,4,0,0.36363636363636365,World Cup 2018,Peru,"Fisht Olympic Stadium, Sochi",0,0,0,Lose,Oceania,First and Second Round,First and Second Round,0.0,1.0
854,Peru,2018,11,0.0,0.0,0,0,0,0,0.0,World Cup 2018,Australia,"Fisht Olympic Stadium, Sochi",2,0,2,Win,South America,First and Second Round,First and Second Round,1.0,-1.0
855,Argentina,2018,11,5.909090909090909,6.0,16,65,7,6,0.6363636363636364,World Cup 2018,Iceland,"Otkrytiye Arena, Moscow",1,0,1,Tie,South America,First and Second Round,First and Second Round,0.0,5.909090909090909
855,Iceland,2018,11,0.0,0.0,0,0,0,0,0.0,World Cup 2018,Argentina,"Otkrytiye Arena, Moscow",1,0,1,Tie,Europe,First and Second Round,First and Second Round,5.909090909090909,-5.909090909090909
856,Croatia,2018,11,1.9090909090909092,2.0,5,21,7,1,0.6363636363636364,World Cup 2018,Nigeria,"Kaliningrad Stadium, Kaliningrad",2,0,2,Win,Europe,First and Second Round,First and Second Round,0.5454545454545454,1.3636363636363638
856,Nigeria,2018,11,0.5454545454545454,0.0,4,6,2,0,0.18181818181818182,World Cup 2018,Croatia,"Kaliningrad Stadium, Kaliningrad",0,0,0,Lose,Africa,First and Second Round,First and Second Round,1.9090909090909092,-1.3636363636363638
857,Argentina,2018,11,4.090909090909091,0.0,16,45,5,3,0.45454545454545453,World Cup 2018,Croatia,"Nizhny Novgorod Stadium, Nizhny Novgorod",0,0,0,Lose,South America,First and Second Round,First and Second Round,2.0,2.090909090909091
857,Croatia,2018,11,2.0,2.0,5,22,8,1,0.7272727272727273,World Cup 2018,Argentina,"Nizhny Novgorod Stadium, Nizhny Novgorod",3,0,3,Win,Europe,First and Second Round,First and Second Round,4.090909090909091,-2.090909090909091
858,Iceland,2018,11,0.0,0.0,0,0,0,0,0.0,World Cup 2018,Nigeria,"Central Stadium, Volgograd",0,0,0,Lose,Europe,First and Second Round,First and Second Round,1.2727272727272727,-1.2727272727272727
858,Nigeria,2018,11,1.2727272727272727,0.0,4,14,4,0,0.36363636363636365,World Cup 2018,Iceland,"Central Stadium, Volgograd",2,0,2,Win,Africa,First and Second Round,First and Second Round,0.0,1.2727272727272727
859,Argentina,2018,11,5.818181818181818,3.0,16,64,7,5,0.6363636363636364,World Cup 2018,Nigeria,"Krestovsky Stadium, Saint Petersburg",2,0,2,Win,South America,First and Second Round,First and Second Round,1.2727272727272727,4.545454545454546
859,Nigeria,2018,11,1.2727272727272727,0.0,4,14,4,0,0.36363636363636365,World Cup 2018,Argentina,"Krestovsky Stadium, Saint Petersburg",1,0,1,Lose,Africa,First and Second Round,First and Second Round,5.818181818181818,-4.545454545454546
860,Croatia,2018,11,1.2727272727272727,0.0,5,14,4,1,0.36363636363636365,World Cup 2018,Iceland,"Rostov Arena, Rostov-on-Don",2,0,2,Win,Europe,First and Second Round,First and Second Round,0.0,1.2727272727272727
860,Iceland,2018,11,0.0,0.0,0,0,0,0,0.0,World Cup 2018,Croatia,"Rostov Arena, Rostov-on-Don",1,0,1,Lose,Europe,First and Second Round,First and Second Round,1.2727272727272727,-1.2727272727272727
861,Costa Rica,2018,11,3.1818181818181817,4.0,5,35,8,5,0.7272727272727273,World Cup 2018,Serbia,"Samara Arena, Samara",0,0,0,Lose,North America,First and Second Round,First and Second Round,0.7272727272727273,2.454545454545454
861,Serbia,2018,11,0.7272727272727273,0.0,3,8,3,0,0.2727272727272727,World Cup 2018,Costa Rica,"Samara Arena, Samara",1,0,1,Win,Europe,First and Second Round,First and Second Round,3.1818181818181817,-2.454545454545454
862,Brazil,2018,11,2.5454545454545454,0.0,6,28,5,5,0.45454545454545453,World Cup 2018,Switzerland,"Rostov Arena, Rostov-on-Don",1,0,1,Tie,South America,First and Second Round,First and Second Round,3.1818181818181817,-0.6363636363636362
862,Switzerland,2018,11,3.1818181818181817,4.0,7,35,8,3,0.7272727272727273,World Cup 2018,Brazil,"Rostov Arena, Rostov-on-Don",1,0,1,Tie,Europe,First and Second Round,First and Second Round,2.5454545454545454,0.6363636363636362
863,Brazil,2018,11,2.5454545454545454,0.0,6,28,5,5,0.45454545454545453,World Cup 2018,Costa Rica,"Krestovsky Stadium, Saint Petersburg",2,0,2,Win,South America,First and Second Round,First and Second Round,3.1818181818181817,-0.6363636363636362
863,Costa Rica,2018,11,3.1818181818181817,4.0,5,35,8,5,0.7272727272727273,World Cup 2018,Brazil,"Krestovsky Stadium, Saint Petersburg",0,0,0,Lose,North America,First and Second Round,First and Second Round,2.5454545454545454,0.6363636363636362
864,Serbia,2018,11,0.7272727272727273,0.0,3,8,3,0,0.2727272727272727,World Cup 2018,Switzerland,"Kaliningrad Stadium, Kaliningrad",1,0,1,Lose,Europe,First and Second Round,First and Second Round,3.1818181818181817,-2.454545454545454
864,Switzerland,2018,11,3.1818181818181817,4.0,7,35,8,3,0.7272727272727273,World Cup 2018,Serbia,"Kaliningrad Stadium, Kaliningrad",2,0,2,Win,Europe,First and Second Round,First and Second Round,0.7272727272727273,2.454545454545454
865,Costa Rica,2018,11,2.909090909090909,5.0,5,32,7,6,0.6363636363636364,World Cup 2018,Switzerland,"Nizhny Novgorod Stadium, Nizhny Novgorod",2,0,2,Tie,North America,First and Second Round,First and Second Round,2.8181818181818183,0.09090909090909083
865,Switzerland,2018,11,2.8181818181818183,3.0,7,31,7,3,0.6363636363636364,World Cup 2018,Costa Rica,"Nizhny Novgorod Stadium, Nizhny Novgorod",2,0,2,Tie,Europe,First and Second Round,First and Second Round,2.909090909090909,-0.09090909090909083
866,Brazil,2018,11,2.5454545454545454,0.0,6,28,5,5,0.45454545454545453,World Cup 2018,Serbia,"Otkrytiye Arena, Moscow",2,0,2,Win,South America,First and Second Round,First and Second Round,0.45454545454545453,2.090909090909091
866,Serbia,2018,11,0.45454545454545453,0.0,3,5,2,0,0.18181818181818182,World Cup 2018,Brazil,"Otkrytiye Arena, Moscow",0,0,0,Lose,Europe,First and Second Round,First and Second Round,2.5454545454545454,-2.090909090909091
867,Germany,2018,11,7.454545454545454,11.0,14,82,8,7,0.7272727272727273,World Cup 2018,Mexico,"Lenin, Moscow",0,0,0,Lose,Europe,First and Second Round,First and Second Round,3.272727272727273,4.181818181818182
867,Mexico,2018,11,3.272727272727273,4.0,8,36,7,3,0.6363636363636364,World Cup 2018,Germany,"Lenin, Moscow",1,0,1,Win,North America,First and Second Round,First and Second Round,7.454545454545454,-4.181818181818182
868,South Korea,2018,11,1.9090909090909092,2.0,7,21,6,1,0.5454545454545454,World Cup 2018,Sweden,"Nizhny Novgorod Stadium, Nizhny Novgorod",0,0,0,Lose,Asia,First and Second Round,First and Second Round,0.0,1.9090909090909092
868,Sweden,2018,11,0.0,0.0,0,0,0,0,0.0,World Cup 2018,South Korea,"Nizhny Novgorod Stadium, Nizhny Novgorod",1,0,1,Win,Europe,First and Second Round,First and Second Round,1.9090909090909092,-1.9090909090909092
869,Mexico,2018,11,3.272727272727273,4.0,8,36,7,3,0.6363636363636364,World Cup 2018,South Korea,"Rostov Arena, Rostov-on-Don",2,0,2,Win,North America,First and Second Round,First and Second Round,1.4545454545454546,1.8181818181818183
869,South Korea,2018,11,1.4545454545454546,0.0,7,16,4,1,0.36363636363636365,World Cup 2018,Mexico,"Rostov Arena, Rostov-on-Don",1,0,1,Lose,Asia,First and Second Round,First and Second Round,3.272727272727273,-1.8181818181818183
870,Germany,2018,11,4.545454545454546,0.0,13,50,5,4,0.45454545454545453,World Cup 2018,Sweden,"Fisht Olympic Stadium, Sochi",2,0,2,Win,Europe,First and Second Round,First and Second Round,0.0,4.545454545454546
870,Sweden,2018,11,0.0,0.0,0,0,0,0,0.0,World Cup 2018,Germany,"Fisht Olympic Stadium, Sochi",1,0,1,Lose,Europe,First and Second Round,First and Second Round,4.545454545454546,-4.545454545454546
871,Mexico,2018,11,3.272727272727273,4.0,8,36,7,3,0.6363636363636364,World Cup 2018,Sweden,"Ekaterinburg Arena, Yekaterinburg",0,0,0,Lose,North America,First and Second Round,First and Second Round,0.0,3.272727272727273
871,Sweden,2018,11,0.0,0.0,0,0,0,0,0.0,World Cup 2018,Mexico,"Ekaterinburg Arena, Yekaterinburg",3,0,3,Win,Europe,First and Second Round,First and Second Round,3.272727272727273,-3.272727272727273
872,Germany,2018,11,5.090909090909091,0.0,14,56,5,5,0.45454545454545453,World Cup 2018,South Korea,"Ak Bars Arena, Kazan",0,0,0,Lose,Europe,First and Second Round,First and Second Round,1.0909090909090908,4.0
872,South Korea,2018,11,1.0909090909090908,0.0,3,12,4,0,0.36363636363636365,World Cup 2018,Germany,"Ak Bars Arena, Kazan",2,0,2,Win,Asia,First and Second Round,First and Second Round,5.090909090909091,-4.0
873,Belgium,2018,11,3.272727272727273,4.0,5,36,8,4,0.7272727272727273,World Cup 2018,Panama,"Fisht Olympic Stadium, Sochi",3,0,3,Win,Europe,First and Second Round,First and Second Round,0.0,3.272727272727273
873,Panama,2018,11,0.0,0.0,0,0,0,0,0.0,World Cup 2018,Belgium,"Fisht Olympic Stadium, Sochi",0,0,0,Lose,North America,First and Second Round,First and Second Round,3.272727272727273,-3.272727272727273
874,England,2018,11,0.45454545454545453,0.0,3,5,2,0,0.18181818181818182,World Cup 2018,Tunisia,"Central Stadium, Volgograd",2,0,2,Win,Europe,First and Second Round,First and Second Round,0.0,0.45454545454545453
874,Tunisia,2018,11,0.0,0.0,0,0,0,0,0.0,World Cup 2018,England,"Central Stadium, Volgograd",1,0,1,Lose,Africa,First and Second Round,First and Second Round,0.45454545454545453,-0.45454545454545453
875,Belgium,2018,11,3.272727272727273,4.0,5,36,8,4,0.7272727272727273,World Cup 2018,Tunisia,"Otkrytiye Arena, Moscow",5,0,5,Win,Europe,First and Second Round,First and Second Round,0.0,3.272727272727273
875,Tunisia,2018,11,0.0,0.0,0,0,0,0,0.0,World Cup 2018,Belgium,"Otkrytiye Arena, Moscow",2,0,2,Lose,Africa,First and Second Round,First and Second Round,3.272727272727273,-3.272727272727273
876,England,2018,11,0.45454545454545453,0.0,3,5,2,0,0.18181818181818182,World Cup 2018,Panama,"Nizhny Novgorod Stadium, Nizhny Novgorod",6,0,6,Win,Europe,First and Second Round,First and Second Round,0.0,0.45454545454545453
876,Panama,2018,11,0.0,0.0,0,0,0,0,0.0,World Cup 2018,England,"Nizhny Novgorod Stadium, Nizhny Novgorod",1,0,1,Lose,North America,First and Second Round,First and Second Round,0.45454545454545453,-0.45454545454545453
877,Belgium,2018,11,1.6363636363636365,1.0,5,18,6,2,0.5454545454545454,World Cup 2018,England,"Kaliningrad Stadium, Kaliningrad",1,0,1,Win,Europe,First and Second Round,First and Second Round,0.36363636363636365,1.272727272727273
877,England,2018,11,0.36363636363636365,0.0,3,4,2,0,0.18181818181818182,World Cup 2018,Belgium,"Kaliningrad Stadium, Kaliningrad",0,0,0,Lose,Europe,First and Second Round,First and Second Round,1.6363636363636365,-1.272727272727273
878,Panama,2018,11,0.0,0.0,0,0,0,0,0.0,World Cup 2018,Tunisia,"Mordovia Arena, Saransk",1,0,1,Lose,North America,First and Second Round,First and Second Round,0.0,0.0
878,Tunisia,2018,11,0.0,0.0,0,0,0,0,0.0,World Cup 2018,Panama,"Mordovia Arena, Saransk",2,0,2,Win,Africa,First and Second Round,First and Second Round,0.0,0.0
879,Colombia,2018,11,1.8181818181818181,0.0,5,20,5,2,0.45454545454545453,World Cup 2018,Japan,"Mordovia Arena, Saransk",1,0,1,Lose,South America,First and Second Round,First and Second Round,2.6363636363636362,-0.8181818181818181
879,Japan,2018,11,2.6363636363636362,2.0,7,29,6,3,0.5454545454545454,World Cup 2018,Colombia,"Mordovia Arena, Saransk",2,0,2,Win,Asia,First and Second Round,First and Second Round,1.8181818181818181,0.8181818181818181
880,Poland,2018,11,0.0,0.0,0,0,0,0,0.0,World Cup 2018,Senegal,"Otkrytiye Arena, Moscow",1,0,1,Lose,Europe,First and Second Round,First and Second Round,0.0,0.0
880,Senegal,2018,11,0.0,0.0,0,0,0,0,0.0,World Cup 2018,Poland,"Otkrytiye Arena, Moscow",2,0,2,Win,Africa,First and Second Round,First and Second Round,0.0,0.0
881,Japan,2018,11,2.6363636363636362,2.0,7,29,6,3,0.5454545454545454,World Cup 2018,Senegal,"Ekaterinburg Arena, Yekaterinburg",2,0,2,Tie,Asia,First and Second Round,First and Second Round,0.0,2.6363636363636362
881,Senegal,2018,11,0.0,0.0,0,0,0,0,0.0,World Cup 2018,Japan,"Ekaterinburg Arena, Yekaterinburg",2,0,2,Tie,Africa,First and Second Round,First and Second Round,2.6363636363636362,-2.6363636363636362
882,Colombia,2018,11,2.1818181818181817,3.0,5,24,6,3,0.5454545454545454,World Cup 2018,Poland,"Ak Bars Arena, Kazan",3,0,3,Win,South America,First and Second Round,First and Second Round,0.0,2.1818181818181817
882,Poland,2018,11,0.0,0.0,0,0,0,0,0.0,World Cup 2018,Colombia,"Ak Bars Arena, Kazan",0,0,0,Lose,Europe,First and Second Round,First and Second Round,2.1818181818181817,-2.1818181818181817
883,Japan,2018,11,2.4545454545454546,0.0,7,27,5,3,0.45454545454545453,World Cup 2018,Poland,"Central Stadium, Volgograd",0,0,0,Lose,Asia,First and Second Round,First and Second Round,0.0,2.4545454545454546
883,Poland,2018,11,0.0,0.0,0,0,0,0,0.0,World Cup 2018,Japan,"Central Stadium, Volgograd",1,0,1,Win,Europe,First and Second Round,First and Second Round,2.4545454545454546,-2.4545454545454546
884,Colombia,2018,11,2.272727272727273,3.0,5,25,6,3,0.5454545454545454,World Cup 2018,Senegal,"Samara Arena, Samara",1,0,1,Win,South America,First and Second Round,First and Second Round,0.0,2.272727272727273
884,Senegal,2018,11,0.0,0.0,0,0,0,0,0.0,World Cup 2018,Colombia,"Samara Arena, Samara",0,0,0,Lose,Africa,First and Second Round,First and Second Round,2.272727272727273,-2.272727272727273
885,Argentina,2018,11,4.818181818181818,3.0,16,53,6,4,0.5454545454545454,World Cup 2018,France,"Ak Bars Arena, Kazan",3,0,3,Lose,South America,First and Second Round,First and Second Round,3.0,1.8181818181818183
885,France,2018,11,3.0,5.0,8,33,6,6,0.5454545454545454,World Cup 2018,Argentina,"Ak Bars Arena, Kazan",4,0,4,Win,Europe,First and Second Round,First and Second Round,4.818181818181818,-1.8181818181818183
886,Portugal,2018,11,1.4545454545454546,0.0,13,16,3,1,0.2727272727272727,World Cup 2018,Uruguay,"Fisht Olympic Stadium, Sochi",1,0,1,Lose,Europe,First and Second Round,First and Second Round,4.2727272727272725,-2.818181818181818
886,Uruguay,2018,11,4.2727272727272725,3.0,11,47,6,5,0.5454545454545454,World Cup 2018,Portugal,"Fisht Olympic Stadium, Sochi",2,0,2,Win,South America,First and Second Round,First and Second Round,1.4545454545454546,2.818181818181818
887,Russia,2018,11,0.9090909090909091,0.0,3,10,4,0,0.36363636363636365,World Cup 2018,Spain,"Lenin, Moscow",1,4,5,Win,Europe and Asia,First and Second Round,First and Second Round,3.909090909090909,-3.0
887,Spain,2018,11,3.909090909090909,3.0,13,43,7,4,0.6363636363636364,World Cup 2018,Russia,"Lenin, Moscow",1,3,4,Lose,Europe,First and Second Round,First and Second Round,0.9090909090909091,3.0
888,Croatia,2018,11,2.0,2.0,5,22,8,1,0.7272727272727273,World Cup 2018,Denmark,"Nizhny Novgorod Stadium, Nizhny Novgorod",1,3,4,Win,Europe,First and Second Round,First and Second Round,0.36363636363636365,1.6363636363636362
888,Denmark,2018,11,0.36363636363636365,0.0,2,4,2,0,0.18181818181818182,World Cup 2018,Croatia,"Nizhny Novgorod Stadium, Nizhny Novgorod",1,2,3,Lose,Europe,First and Second Round,First and Second Round,2.0,-1.6363636363636362
889,Brazil,2018,11,2.0,0.0,6,22,4,4,0.36363636363636365,World Cup 2018,Mexico,"Samara Arena, Samara",2,0,2,Win,South America,First and Second Round,First and Second Round,3.8181818181818183,-1.8181818181818183
889,Mexico,2018,11,3.8181818181818183,2.0,16,42,6,3,0.5454545454545454,World Cup 2018,Brazil,"Samara Arena, Samara",0,0,0,Lose,North America,First and Second Round,First and Second Round,2.0,1.8181818181818183
890,Belgium,2018,11,3.6363636363636362,4.0,5,40,9,4,0.8181818181818182,World Cup 2018,Japan,"Rostov Arena, Rostov-on-Don",3,0,3,Win,Europe,First and Second Round,First and Second Round,2.6363636363636362,1.0
890,Japan,2018,11,2.6363636363636362,2.0,7,29,6,3,0.5454545454545454,World Cup 2018,Belgium,"Rostov Arena, Rostov-on-Don",2,0,2,Lose,Asia,First and Second Round,First and Second Round,3.6363636363636362,-1.0
891,Sweden,2018,11,0.0,0.0,0,0,0,0,0.0,World Cup 2018,Switzerland,"Krestovsky Stadium, Saint Petersburg",1,0,1,Win,Europe,First and Second Round,First and Second Round,3.090909090909091,-3.090909090909091
891,Switzerland,2018,11,3.090909090909091,4.0,7,34,8,3,0.7272727272727273,World Cup 2018,Sweden,"Krestovsky Stadium, Saint Petersburg",0,0,0,Lose,Europe,First and Second Round,First and Second Round,0.0,3.090909090909091
892,Colombia,2018,11,1.8181818181818181,0.0,5,20,5,2,0.45454545454545453,World Cup 2018,England,"Otkrytiye Arena, Moscow",1,3,4,Lose,South America,First and Second Round,First and Second Round,0.45454545454545453,1.3636363636363635
892,England,2018,11,0.45454545454545453,0.0,3,5,2,0,0.18181818181818182,World Cup 2018,Colombia,"Otkrytiye Arena, Moscow",1,4,5,Win,Europe,First and Second Round,First and Second Round,1.8181818181818181,-1.3636363636363635
893,France,2018,11,2.5454545454545454,0.0,8,28,5,5,0.45454545454545453,World Cup 2018,Uruguay,"Nizhny Novgorod Stadium, Nizhny Novgorod",2,0,2,Win,Europe,First and Second Round,First and Second Round,3.727272727272727,-1.1818181818181817
893,Uruguay,2018,11,3.727272727272727,3.0,11,41,6,4,0.5454545454545454,World Cup 2018,France,"Nizhny Novgorod Stadium, Nizhny Novgorod",0,0,0,Lose,South America,First and Second Round,First and Second Round,2.5454545454545454,1.1818181818181817
894,Belgium,2018,11,4.0,4.0,5,44,10,4,0.9090909090909091,World Cup 2018,Brazil,"Ak Bars Arena, Kazan",2,0,2,Win,Europe,First and Second Round,First and Second Round,3.0,1.0
894,Brazil,2018,11,3.0,5.0,6,33,6,6,0.5454545454545454,World Cup 2018,Belgium,"Ak Bars Arena, Kazan",1,0,1,Lose,South America,First and Second Round,First and Second Round,4.0,-1.0
895,England,2018,11,0.45454545454545453,0.0,3,5,2,0,0.18181818181818182,World Cup 2018,Sweden,"Samara Arena, Samara",2,0,2,Win,Europe,First and Second Round,First and Second Round,0.0,0.45454545454545453
895,Sweden,2018,11,0.0,0.0,0,0,0,0,0.0,World Cup 2018,England,"Samara Arena, Samara",0,0,0,Lose,Europe,First and Second Round,First and Second Round,0.45454545454545453,-0.45454545454545453
896,Croatia,2018,11,1.9090909090909092,2.0,5,21,7,1,0.6363636363636364,World Cup 2018,Russia,"Fisht Olympic Stadium, Sochi",2,4,6,Win,Europe,First and Second Round,First and Second Round,0.8181818181818182,1.0909090909090908
896,Russia,2018,11,0.8181818181818182,0.0,3,9,3,0,0.2727272727272727,World Cup 2018,Croatia,"Fisht Olympic Stadium, Sochi",2,3,5,Lose,Europe and Asia,First and Second Round,First and Second Round,1.9090909090909092,-1.0909090909090908
897,Belgium,2018,11,4.181818181818182,4.0,5,46,11,4,1.0,World Cup 2018,France,"Krestovsky Stadium, Saint Petersburg",0,0,0,Lose,Europe,Semi-Final,Semi-Final,3.0,1.1818181818181817
897,France,2018,11,3.0,5.0,8,33,6,6,0.5454545454545454,World Cup 2018,Belgium,"Krestovsky Stadium, Saint Petersburg",1,0,1,Win,Europe,Semi-Final,Semi-Final,4.181818181818182,-1.1818181818181817
898,Croatia,2018,11,2.0,2.0,5,22,8,1,0.7272727272727273,World Cup 2018,England,"Lenin, Moscow",2,0,2,Win,Europe,Semi-Final,Semi-Final,0.45454545454545453,1.5454545454545454
898,England,2018,11,0.45454545454545453,0.0,3,5,2,0,0.18181818181818182,World Cup 2018,Croatia,"Lenin, Moscow",1,0,1,Lose,Europe,Semi-Final,Semi-Final,2.0,-1.5454545454545454
899,Belgium,2018,11,3.5454545454545454,4.0,5,39,9,3,0.8181818181818182,World Cup 2018,England,"Krestovsky Stadium, Saint Petersburg",2,0,2,Win,Europe,Final,Final - 3rd,0.36363636363636365,3.1818181818181817
899,England,2018,11,0.36363636363636365,0.0,3,4,2,0,0.18181818181818182,World Cup 2018,Belgium,"Krestovsky Stadium, Saint Petersburg",0,0,0,Lose,Europe,Final,Final - 3rd,3.5454545454545454,-3.1818181818181817
900,Croatia,2018,11,2.0,2.0,5,22,8,1,0.7272727272727273,World Cup 2018,France,"Lenin, Moscow",2,0,2,Lose,Europe,Final,Final - 1st,3.0,-1.0
900,France,2018,11,3.0,5.0,8,33,6,6,0.5454545454545454,World Cup 2018,Croatia,"Lenin, Moscow",4,0,4,Win,Europe,Final,Final - 1st,2.0,1.0
901,Ecuador,2022,11,0.2727272727272727,0.0,3,3,1,0,0.09090909090909091,World Cup 2022,Qatar,"Al Bayt Stadium, Al Khor",2,0,2,Win,South America,First and Second Round,First and Second Round,0.0,0.2727272727272727
901,Qatar,2022,11,0.0,0.0,0,0,0,0,0.0,World Cup 2022,Ecuador,"Al Bayt Stadium, Al Khor",0,0,0,Lose,Asia,First and Second Round,First and Second Round,0.2727272727272727,-0.2727272727272727
902,Netherlands,2022,11,0.6363636363636364,0.0,7,7,1,1,0.09090909090909091,World Cup 2022,Senegal,"Al Thumama Stadium, Doha",2,0,2,Win,Europe,First and Second Round,First and Second Round,1.3636363636363635,-0.7272727272727272
902,Senegal,2022,11,1.3636363636363635,0.0,3,15,5,0,0.45454545454545453,World Cup 2022,Netherlands,"Al Thumama Stadium, Doha",0,0,0,Lose,Africa,First and Second Round,First and Second Round,0.6363636363636364,0.7272727272727272
903,Qatar,2022,11,0.0,0.0,0,0,0,0,0.0,World Cup 2022,Senegal,"Al Thumama Stadium, Doha",1,0,1,Lose,Asia,First and Second Round,First and Second Round,1.0909090909090908,-1.0909090909090908
903,Senegal,2022,11,1.0909090909090908,0.0,3,12,4,0,0.36363636363636365,World Cup 2022,Qatar,"Al Thumama Stadium, Doha",3,0,3,Win,Africa,First and Second Round,First and Second Round,0.0,1.0909090909090908
904,Ecuador,2022,11,0.2727272727272727,0.0,3,3,1,0,0.09090909090909091,World Cup 2022,Netherlands,"Khalifa International Stadium, Ar-Rayyan",1,0,1,Tie,South America,First and Second Round,First and Second Round,0.6363636363636364,-0.36363636363636365
904,Netherlands,2022,11,0.6363636363636364,0.0,7,7,1,1,0.09090909090909091,World Cup 2022,Ecuador,"Khalifa International Stadium, Ar-Rayyan",1,0,1,Tie,Europe,First and Second Round,First and Second Round,0.2727272727272727,0.36363636363636365
905,Netherlands,2022,11,1.0,0.0,7,11,2,1,0.18181818181818182,World Cup 2022,Qatar,"Al Bayt Stadium, Al Khor",2,0,2,Win,Europe,First and Second Round,First and Second Round,0.0,1.0
905,Qatar,2022,11,0.0,0.0,0,0,0,0,0.0,World Cup 2022,Netherlands,"Al Bayt Stadium, Al Khor",0,0,0,Lose,Asia,First and Second Round,First and Second Round,1.0,-1.0
906,Ecuador,2022,11,0.45454545454545453,0.0,3,5,2,0,0.18181818181818182,World Cup 2022,Senegal,"Khalifa International Stadium, Ar-Rayyan",1,0,1,Lose,South America,First and Second Round,First and Second Round,1.0909090909090908,-0.6363636363636362
906,Senegal,2022,11,1.0909090909090908,0.0,3,12,4,0,0.36363636363636365,World Cup 2022,Ecuador,"Khalifa International Stadium, Ar-Rayyan",2,0,2,Win,Africa,First and Second Round,First and Second Round,0.45454545454545453,0.6363636363636362
907,England,2022,11,3.909090909090909,6.0,9,43,7,6,0.6363636363636364,World Cup 2022,Iran,"Khalifa International Stadium, Ar-Rayyan",6,0,6,Win,Europe,First and Second Round,First and Second Round,2.4545454545454546,1.4545454545454546
907,Iran,2022,11,2.4545454545454546,3.0,6,27,8,2,0.7272727272727273,World Cup 2022,England,"Khalifa International Stadium, Ar-Rayyan",2,0,2,Lose,Asia,First and Second Round,First and Second Round,3.909090909090909,-1.4545454545454546
908,USA,2022,11,0.0,0.0,0,0,0,0,0.0,World Cup 2022,Wales,"Ahmad Bin Ali Stadium, Ar-Rayyan",1,0,1,Tie,North America,First and Second Round,First and Second Round,0.0,0.0
908,Wales,2022,11,0.0,0.0,0,0,0,0,0.0,World Cup 2022,USA,"Ahmad Bin Ali Stadium, Ar-Rayyan",1,0,1,Tie,Europe,First and Second Round,First and Second Round,0.0,0.0
909,Iran,2022,11,2.272727272727273,3.0,6,25,8,1,0.7272727272727273,World Cup 2022,Wales,"Ahmad Bin Ali Stadium, Ar-Rayyan",2,0,2,Win,Asia,First and Second Round,First and Second Round,0.0,2.272727272727273
909,Wales,2022,11,0.0,0.0,0,0,0,0,0.0,World Cup 2022,Iran,"Ahmad Bin Ali Stadium, Ar-Rayyan",0,0,0,Lose,Europe,First and Second Round,First and Second Round,2.272727272727273,-2.272727272727273
910,England,2022,11,3.909090909090909,6.0,9,43,7,6,0.6363636363636364,World Cup 2022,USA,"Al Bayt Stadium, Al Khor",0,0,0,Tie,Europe,First and Second Round,First and Second Round,0.0,3.909090909090909
910,USA,2022,11,0.0,0.0,0,0,0,0,0.0,World Cup 2022,England,"Al Bayt Stadium, Al Khor",0,0,0,Tie,North America,First and Second Round,First and Second Round,3.909090909090909,-3.909090909090909
911,England,2022,11,4.181818181818182,6.0,7,46,8,7,0.7272727272727273,World Cup 2022,Wales,"Ahmad Bin Ali Stadium, Ar-Rayyan",3,0,3,Win,Europe,First and Second Round,First and Second Round,0.0,4.181818181818182
911,Wales,2022,11,0.0,0.0,0,0,0,0,0.0,World Cup 2022,England,"Ahmad Bin Ali Stadium, Ar-Rayyan",0,0,0,Lose,Europe,First and Second Round,First and Second Round,4.181818181818182,-4.181818181818182
912,Iran,2022,11,2.5454545454545454,3.0,6,28,9,1,0.8181818181818182,World Cup 2022,USA,"Al Thumama Stadium, Doha",0,0,0,Lose,Asia,First and Second Round,First and Second Round,0.0,2.5454545454545454
912,USA,2022,11,0.0,0.0,0,0,0,0,0.0,World Cup 2022,Iran,"Al Thumama Stadium, Doha",1,0,1,Win,North America,First and Second Round,First and Second Round,2.5454545454545454,-2.5454545454545454
913,Argentina,2022,11,3.909090909090909,0.0,19,43,4,3,0.36363636363636365,World Cup 2022,Saudi Arabia,"Lusail Stadium, Al Daayen",1,0,1,Lose,South America,First and Second Round,First and Second Round,1.0909090909090908,2.8181818181818183
913,Saudi Arabia,2022,11,1.0909090909090908,1.0,3,12,6,0,0.5454545454545454,World Cup 2022,Argentina,"Lusail Stadium, Al Daayen",2,0,2,Win,Asia,First and Second Round,First and Second Round,3.909090909090909,-2.8181818181818183
914,Mexico,2022,11,3.3636363636363638,4.0,9,37,6,3,0.5454545454545454,World Cup 2022,Poland,"Stadium 974, Doha",0,0,0,Tie,North America,First and Second Round,First and Second Round,1.4545454545454546,1.9090909090909092
914,Poland,2022,11,1.4545454545454546,2.0,3,16,6,0,0.5454545454545454,World Cup 2022,Mexico,"Stadium 974, Doha",0,0,0,Tie,Europe,First and Second Round,First and Second Round,3.3636363636363638,-1.9090909090909092
915,Poland,2022,11,1.5454545454545454,2.0,3,17,7,0,0.6363636363636364,World Cup 2022,Saudi Arabia,"Education City Stadium, Doha",2,0,2,Win,Europe,First and Second Round,First and Second Round,0.8181818181818182,0.7272727272727272
915,Saudi Arabia,2022,11,0.8181818181818182,0.0,3,9,5,0,0.45454545454545453,World Cup 2022,Poland,"Education City Stadium, Doha",0,0,0,Lose,Asia,First and Second Round,First and Second Round,1.5454545454545454,-0.7272727272727272
916,Argentina,2022,11,3.6363636363636362,0.0,19,40,4,3,0.36363636363636365,World Cup 2022,Mexico,"Lusail Stadium, Al Daayen",2,0,2,Win,South America,First and Second Round,First and Second Round,4.090909090909091,-0.4545454545454546
916,Mexico,2022,11,4.090909090909091,4.0,12,45,6,4,0.5454545454545454,World Cup 2022,Argentina,"Lusail Stadium, Al Daayen",0,0,0,Lose,North America,First and Second Round,First and Second Round,3.6363636363636362,0.4545454545454546
917,Argentina,2022,11,3.6363636363636362,0.0,19,40,4,3,0.36363636363636365,World Cup 2022,Poland,"Stadium 974, Doha",2,0,2,Win,South America,First and Second Round,First and Second Round,1.4545454545454546,2.1818181818181817
917,Poland,2022,11,1.4545454545454546,2.0,3,16,6,0,0.5454545454545454,World Cup 2022,Argentina,"Stadium 974, Doha",0,0,0,Lose,Europe,First and Second Round,First and Second Round,3.6363636363636362,-2.1818181818181817
918,Mexico,2022,11,2.6363636363636362,0.0,9,29,5,2,0.45454545454545453,World Cup 2022,Saudi Arabia,"Lusail Stadium, Al Daayen",2,0,2,Win,North America,First and Second Round,First and Second Round,0.5454545454545454,2.090909090909091
918,Saudi Arabia,2022,11,0.5454545454545454,0.0,3,6,4,0,0.36363636363636365,World Cup 2022,Mexico,"Lusail Stadium, Al Daayen",1,0,1,Lose,Asia,First and Second Round,First and Second Round,2.6363636363636362,-2.090909090909091
919,Denmark,2022,11,2.272727272727273,1.0,6,25,6,2,0.5454545454545454,World Cup 2022,Tunisia,"Education City Stadium, Doha",0,0,0,Tie,Europe,First and Second Round,First and Second Round,0.7272727272727273,1.5454545454545456
919,Tunisia,2022,11,0.7272727272727273,0.0,3,8,3,0,0.2727272727272727,World Cup 2022,Denmark,"Education City Stadium, Doha",0,0,0,Tie,Africa,First and Second Round,First and Second Round,2.272727272727273,-1.5454545454545456
920,Australia,2022,11,1.9090909090909092,0.0,6,21,5,2,0.45454545454545453,World Cup 2022,France,"Al Janoub Stadium, Al Wakrah",1,0,1,Lose,Oceania,First and Second Round,First and Second Round,5.636363636363637,-3.7272727272727275
920,France,2022,11,5.636363636363637,6.0,14,62,7,6,0.6363636363636364,World Cup 2022,Australia,"Al Janoub Stadium, Al Wakrah",4,0,4,Win,Europe,First and Second Round,First and Second Round,1.9090909090909092,3.7272727272727275
921,Australia,2022,11,1.9090909090909092,0.0,6,21,5,2,0.45454545454545453,World Cup 2022,Tunisia,"Al Janoub Stadium, Al Wakrah",1,0,1,Win,Oceania,First and Second Round,First and Second Round,1.0,0.9090909090909092
921,Tunisia,2022,11,1.0,0.0,3,11,4,0,0.36363636363636365,World Cup 2022,Australia,"Al Janoub Stadium, Al Wakrah",0,0,0,Lose,Africa,First and Second Round,First and Second Round,1.9090909090909092,-0.9090909090909092
922,Denmark,2022,11,1.5454545454545454,0.0,6,17,4,1,0.36363636363636365,World Cup 2022,France,"Stadium 974, Doha",1,0,1,Lose,Europe,First and Second Round,First and Second Round,5.545454545454546,-4.0
922,France,2022,11,5.545454545454546,4.0,14,61,6,5,0.5454545454545454,World Cup 2022,Denmark,"Stadium 974, Doha",2,0,2,Win,Europe,First and Second Round,First and Second Round,1.5454545454545454,4.0
923,Australia,2022,11,1.9090909090909092,0.0,6,21,5,2,0.45454545454545453,World Cup 2022,Denmark,"Al Janoub Stadium, Al Wakrah",1,0,1,Win,Oceania,First and Second Round,First and Second Round,1.6363636363636365,0.2727272727272727
923,Denmark,2022,11,1.6363636363636365,0.0,6,18,4,1,0.36363636363636365,World Cup 2022,Australia,"Al Janoub Stadium, Al Wakrah",0,0,0,Lose,Europe,First and Second Round,First and Second Round,1.9090909090909092,-0.2727272727272727
924,France,2022,11,1.1818181818181819,0.0,12,13,2,1,0.18181818181818182,World Cup 2022,Tunisia,"Education City Stadium, Doha",0,0,0,Lose,Europe,First and Second Round,First and Second Round,1.0,0.18181818181818188
924,Tunisia,2022,11,1.0,0.0,3,11,4,0,0.36363636363636365,World Cup 2022,France,"Education City Stadium, Doha",1,0,1,Win,Africa,First and Second Round,First and Second Round,1.1818181818181819,-0.18181818181818188
925,Germany,2022,11,3.4545454545454546,1.0,16,38,6,2,0.5454545454545454,World Cup 2022,Japan,"Khalifa International Stadium, Ar-Rayyan",1,0,1,Lose,Europe,First and Second Round,First and Second Round,2.0,1.4545454545454546
925,Japan,2022,11,2.0,0.0,11,22,3,2,0.2727272727272727,World Cup 2022,Germany,"Khalifa International Stadium, Ar-Rayyan",2,0,2,Win,Asia,First and Second Round,First and Second Round,3.4545454545454546,-1.4545454545454546
926,Costa Rica,2022,11,3.5454545454545454,2.0,8,39,7,5,0.6363636363636364,World Cup 2022,Spain,"Al Thumama Stadium, Doha",0,0,0,Lose,North America,First and Second Round,First and Second Round,2.272727272727273,1.2727272727272725
926,Spain,2022,11,2.272727272727273,0.0,13,25,4,2,0.36363636363636365,World Cup 2022,Costa Rica,"Al Thumama Stadium, Doha",7,0,7,Win,Europe,First and Second Round,First and Second Round,3.5454545454545454,-1.2727272727272725
927,Costa Rica,2022,11,3.6363636363636362,2.0,8,40,8,5,0.7272727272727273,World Cup 2022,Japan,"Ahmad Bin Ali Stadium, Ar-Rayyan",1,0,1,Win,North America,First and Second Round,First and Second Round,1.6363636363636365,1.9999999999999998
927,Japan,2022,11,1.6363636363636365,0.0,11,18,2,2,0.18181818181818182,World Cup 2022,Costa Rica,"Ahmad Bin Ali Stadium, Ar-Rayyan",0,0,0,Lose,Asia,First and Second Round,First and Second Round,3.6363636363636362,-1.9999999999999998
928,Germany,2022,11,3.5454545454545454,1.0,16,39,7,2,0.6363636363636364,World Cup 2022,Spain,"Al Bayt Stadium, Al Khor",1,0,1,Tie,Europe,First and Second Round,First and Second Round,2.3636363636363638,1.1818181818181817
928,Spain,2022,11,2.3636363636363638,0.0,13,26,4,2,0.36363636363636365,World Cup 2022,Germany,"Al Bayt Stadium, Al Khor",1,0,1,Tie,Europe,First and Second Round,First and Second Round,3.5454545454545454,-1.1818181818181817
929,Japan,2022,11,1.6363636363636365,0.0,11,18,2,2,0.18181818181818182,World Cup 2022,Spain,"Khalifa International Stadium, Ar-Rayyan",2,0,2,Win,Asia,First and Second Round,First and Second Round,1.3636363636363635,0.27272727272727293
929,Spain,2022,11,1.3636363636363635,0.0,13,15,2,1,0.18181818181818182,World Cup 2022,Japan,"Khalifa International Stadium, Ar-Rayyan",1,0,1,Lose,Europe,First and Second Round,First and Second Round,1.6363636363636365,-0.27272727272727293
930,Costa Rica,2022,11,3.6363636363636362,2.0,8,40,8,5,0.7272727272727273,World Cup 2022,Germany,"Al Bayt Stadium, Al Khor",2,0,2,Lose,North America,First and Second Round,First and Second Round,3.5454545454545454,0.09090909090909083
930,Germany,2022,11,3.5454545454545454,1.0,16,39,7,2,0.6363636363636364,World Cup 2022,Costa Rica,"Al Bayt Stadium, Al Khor",4,0,4,Win,Europe,First and Second Round,First and Second Round,3.6363636363636362,-0.09090909090909083
931,Croatia,2022,11,4.909090909090909,7.0,12,54,6,6,0.5454545454545454,World Cup 2022,Morocco,"Al Bayt Stadium, Al Khor",0,0,0,Tie,Europe,First and Second Round,First and Second Round,0.9090909090909091,4.0
931,Morocco,2022,11,0.9090909090909091,0.0,3,10,5,0,0.45454545454545453,World Cup 2022,Croatia,"Al Bayt Stadium, Al Khor",0,0,0,Tie,Africa,First and Second Round,First and Second Round,4.909090909090909,-4.0
932,Belgium,2022,11,6.909090909090909,10.0,12,76,10,6,0.9090909090909091,World Cup 2022,Canada,"Ahmad Bin Ali Stadium, Ar-Rayyan",1,0,1,Win,Europe,First and Second Round,First and Second Round,0.0,6.909090909090909
932,Canada,2022,11,0.0,0.0,0,0,0,0,0.0,World Cup 2022,Belgium,"Ahmad Bin Ali Stadium, Ar-Rayyan",0,0,0,Lose,North America,First and Second Round,First and Second Round,6.909090909090909,-6.909090909090909
933,Belgium,2022,11,6.7272727272727275,10.0,12,74,9,7,0.8181818181818182,World Cup 2022,Morocco,"Al Thumama Stadium, Doha",0,0,0,Lose,Europe,First and Second Round,First and Second Round,1.1818181818181819,5.545454545454546
933,Morocco,2022,11,1.1818181818181819,1.0,3,13,6,0,0.5454545454545454,World Cup 2022,Belgium,"Al Thumama Stadium, Doha",2,0,2,Win,Africa,First and Second Round,First and Second Round,6.7272727272727275,-5.545454545454546
934,Canada,2022,11,0.0,0.0,0,0,0,0,0.0,World Cup 2022,Croatia,"Khalifa International Stadium, Ar-Rayyan",1,0,1,Lose,North America,First and Second Round,First and Second Round,4.909090909090909,-4.909090909090909
934,Croatia,2022,11,4.909090909090909,7.0,12,54,6,6,0.5454545454545454,World Cup 2022,Canada,"Khalifa International Stadium, Ar-Rayyan",4,0,4,Win,Europe,First and Second Round,First and Second Round,0.0,4.909090909090909
935,Belgium,2022,11,6.7272727272727275,10.0,12,74,9,7,0.8181818181818182,World Cup 2022,Croatia,"Ahmad Bin Ali Stadium, Ar-Rayyan",0,0,0,Tie,Europe,First and Second Round,First and Second Round,4.909090909090909,1.8181818181818183
935,Croatia,2022,11,4.909090909090909,7.0,12,54,6,6,0.5454545454545454,World Cup 2022,Belgium,"Ahmad Bin Ali Stadium, Ar-Rayyan",0,0,0,Tie,Europe,First and Second Round,First and Second Round,6.7272727272727275,-1.8181818181818183
936,Canada,2022,11,0.0,0.0,0,0,0,0,0.0,World Cup 2022,Morocco,"Al Thumama Stadium, Doha",1,0,1,Lose,North America,First and Second Round,First and Second Round,0.9090909090909091,-0.9090909090909091
936,Morocco,2022,11,0.9090909090909091,0.0,3,10,5,0,0.45454545454545453,World Cup 2022,Canada,"Al Thumama Stadium, Doha",2,0,2,Win,Africa,First and Second Round,First and Second Round,0.0,0.9090909090909091
937,Cameroon,2022,11,1.0,0.0,6,11,2,2,0.18181818181818182,World Cup 2022,Switzerland,"Al Janoub Stadium, Al Wakrah",0,0,0,Lose,Africa,First and Second Round,First and Second Round,3.3636363636363638,-2.3636363636363638
937,Switzerland,2022,11,3.3636363636363638,4.0,9,37,6,3,0.5454545454545454,World Cup 2022,Cameroon,"Al Janoub Stadium, Al Wakrah",1,0,1,Win,Europe,First and Second Round,First and Second Round,1.0,2.3636363636363638
938,Brazil,2022,11,2.909090909090909,1.0,11,32,6,3,0.5454545454545454,World Cup 2022,Serbia,"Lusail Stadium, Al Daayen",2,0,2,Win,South America,First and Second Round,First and Second Round,1.2727272727272727,1.6363636363636365
938,Serbia,2022,11,1.2727272727272727,1.0,3,14,6,0,0.5454545454545454,World Cup 2022,Brazil,"Lusail Stadium, Al Daayen",0,0,0,Lose,Europe,First and Second Round,First and Second Round,2.909090909090909,-1.6363636363636365
939,Cameroon,2022,11,1.0,0.0,6,11,2,2,0.18181818181818182,World Cup 2022,Serbia,"Al Janoub Stadium, Al Wakrah",3,0,3,Tie,Africa,First and Second Round,First and Second Round,1.5454545454545454,-0.5454545454545454
939,Serbia,2022,11,1.5454545454545454,1.0,3,17,7,0,0.6363636363636364,World Cup 2022,Cameroon,"Al Janoub Stadium, Al Wakrah",3,0,3,Tie,Europe,First and Second Round,First and Second Round,1.0,0.5454545454545454
940,Brazil,2022,11,2.090909090909091,0.0,11,23,5,2,0.45454545454545453,World Cup 2022,Switzerland,"Stadium 974, Doha",1,0,1,Win,South America,First and Second Round,First and Second Round,2.5454545454545454,-0.4545454545454546
940,Switzerland,2022,11,2.5454545454545454,0.0,8,28,5,2,0.45454545454545453,World Cup 2022,Brazil,"Stadium 974, Doha",0,0,0,Lose,Europe,First and Second Round,First and Second Round,2.090909090909091,0.4545454545454546
941,Serbia,2022,11,1.5454545454545454,1.0,3,17,7,0,0.6363636363636364,World Cup 2022,Switzerland,"Stadium 974, Doha",2,0,2,Lose,Europe,First and Second Round,First and Second Round,3.4545454545454546,-1.9090909090909092
941,Switzerland,2022,11,3.4545454545454546,4.0,9,38,6,4,0.5454545454545454,World Cup 2022,Serbia,"Stadium 974, Doha",3,0,3,Win,Europe,First and Second Round,First and Second Round,1.5454545454545454,1.9090909090909092
942,Brazil,2022,11,1.4545454545454546,0.0,9,16,3,2,0.2727272727272727,World Cup 2022,Cameroon,"Lusail Stadium, Al Daayen",0,0,0,Lose,South America,First and Second Round,First and Second Round,0.8181818181818182,0.6363636363636364
942,Cameroon,2022,11,0.8181818181818182,0.0,5,9,2,1,0.18181818181818182,World Cup 2022,Brazil,"Lusail Stadium, Al Daayen",1,0,1,Win,Africa,First and Second Round,First and Second Round,1.4545454545454546,-0.6363636363636364
943,South Korea,2022,11,1.7272727272727273,0.0,6,19,5,2,0.45454545454545453,World Cup 2022,Uruguay,"Education City Stadium, Doha",0,0,0,Tie,Asia,First and Second Round,First and Second Round,5.0,-3.2727272727272725
943,Uruguay,2022,11,5.0,5.0,14,55,6,6,0.5454545454545454,World Cup 2022,South Korea,"Education City Stadium, Doha",0,0,0,Tie,South America,First and Second Round,First and Second Round,1.7272727272727273,3.2727272727272725
944,Ghana,2022,11,0.6363636363636364,0.0,7,7,1,1,0.09090909090909091,World Cup 2022,Portugal,"Stadium 974, Doha",2,0,2,Lose,Africa,First and Second Round,First and Second Round,2.5454545454545454,-1.9090909090909092
944,Portugal,2022,11,2.5454545454545454,0.0,17,28,5,1,0.45454545454545453,World Cup 2022,Ghana,"Stadium 974, Doha",3,0,3,Win,Europe,First and Second Round,First and Second Round,0.6363636363636364,1.9090909090909092
945,Ghana,2022,11,0.9090909090909091,0.0,7,10,2,1,0.18181818181818182,World Cup 2022,South Korea,"Education City Stadium, Doha",3,0,3,Win,Africa,First and Second Round,First and Second Round,1.4545454545454546,-0.5454545454545455
945,South Korea,2022,11,1.4545454545454546,0.0,6,16,4,2,0.36363636363636365,World Cup 2022,Ghana,"Education City Stadium, Doha",2,0,2,Lose,Asia,First and Second Round,First and Second Round,0.9090909090909091,0.5454545454545455
946,Portugal,2022,11,2.6363636363636362,0.0,17,29,4,2,0.36363636363636365,World Cup 2022,Uruguay,"Lusail Stadium, Al Daayen",2,0,2,Win,Europe,First and Second Round,First and Second Round,4.454545454545454,-1.818181818181818
946,Uruguay,2022,11,4.454545454545454,2.0,14,49,7,5,0.6363636363636364,World Cup 2022,Portugal,"Lusail Stadium, Al Daayen",0,0,0,Lose,South America,First and Second Round,First and Second Round,2.6363636363636362,1.818181818181818
947,Ghana,2022,11,0.9090909090909091,0.0,7,10,2,1,0.18181818181818182,World Cup 2022,Uruguay,"Al Janoub Stadium, Al Wakrah",0,0,0,Lose,Africa,First and Second Round,First and Second Round,2.8181818181818183,-1.9090909090909092
947,Uruguay,2022,11,2.8181818181818183,2.0,13,31,6,3,0.5454545454545454,World Cup 2022,Ghana,"Al Janoub Stadium, Al Wakrah",2,0,2,Win,South America,First and Second Round,First and Second Round,0.9090909090909091,1.9090909090909092
948,Portugal,2022,11,2.4545454545454546,0.0,17,27,3,2,0.2727272727272727,World Cup 2022,South Korea,"Education City Stadium, Doha",1,0,1,Lose,Europe,First and Second Round,First and Second Round,1.7272727272727273,0.7272727272727273
948,South Korea,2022,11,1.7272727272727273,0.0,6,19,5,2,0.45454545454545453,World Cup 2022,Portugal,"Education City Stadium, Doha",2,0,2,Win,Asia,First and Second Round,First and Second Round,2.4545454545454546,-0.7272727272727273
949,Netherlands,2022,11,1.0,0.0,7,11,2,1,0.18181818181818182,World Cup 2022,USA,"Khalifa International Stadium, Ar-Rayyan",3,0,3,Win,Europe,First and Second Round,First and Second Round,0.0,1.0
949,USA,2022,11,0.0,0.0,0,0,0,0,0.0,World Cup 2022,Netherlands,"Khalifa International Stadium, Ar-Rayyan",1,0,1,Lose,North America,First and Second Round,First and Second Round,1.0,-1.0
950,Argentina,2022,11,2.4545454545454546,0.0,19,27,3,2,0.2727272727272727,World Cup 2022,Australia,"Ahmad Bin Ali Stadium, Ar-Rayyan",2,0,2,Win,South America,First and Second Round,First and Second Round,1.9090909090909092,0.5454545454545454
950,Australia,2022,11,1.9090909090909092,0.0,6,21,5,2,0.45454545454545453,World Cup 2022,Argentina,"Ahmad Bin Ali Stadium, Ar-Rayyan",1,0,1,Lose,Oceania,First and Second Round,First and Second Round,2.4545454545454546,-0.5454545454545454
951,France,2022,11,5.545454545454546,4.0,14,61,6,5,0.5454545454545454,World Cup 2022,Poland,"Al Thumama Stadium, Doha",3,0,3,Win,Europe,First and Second Round,First and Second Round,1.4545454545454546,4.090909090909092
951,Poland,2022,11,1.4545454545454546,2.0,3,16,6,0,0.5454545454545454,World Cup 2022,France,"Al Thumama Stadium, Doha",1,0,1,Lose,Europe,First and Second Round,First and Second Round,5.545454545454546,-4.090909090909092
952,England,2022,11,3.6363636363636362,5.0,7,40,7,6,0.6363636363636364,World Cup 2022,Senegal,"Al Bayt Stadium, Al Khor",3,0,3,Win,Europe,First and Second Round,First and Second Round,0.8181818181818182,2.818181818181818
952,Senegal,2022,11,0.8181818181818182,0.0,3,9,3,0,0.2727272727272727,World Cup 2022,England,"Al Bayt Stadium, Al Khor",0,0,0,Lose,Africa,First and Second Round,First and Second Round,3.6363636363636362,-2.818181818181818
953,Croatia,2022,11,4.909090909090909,7.0,12,54,6,6,0.5454545454545454,World Cup 2022,Japan,"Al Janoub Stadium, Al Wakrah",1,3,4,Win,Europe,First and Second Round,First and Second Round,1.6363636363636365,3.2727272727272725
953,Japan,2022,11,1.6363636363636365,0.0,11,18,2,2,0.18181818181818182,World Cup 2022,Croatia,"Al Janoub Stadium, Al Wakrah",1,1,2,Lose,Asia,First and Second Round,First and Second Round,4.909090909090909,-3.2727272727272725
954,Brazil,2022,11,2.909090909090909,1.0,11,32,6,3,0.5454545454545454,World Cup 2022,South Korea,"Stadium 974, Doha",4,0,4,Win,South America,First and Second Round,First and Second Round,2.0,0.9090909090909092
954,South Korea,2022,11,2.0,1.0,6,22,6,2,0.5454545454545454,World Cup 2022,Brazil,"Stadium 974, Doha",1,0,1,Lose,Asia,First and Second Round,First and Second Round,2.909090909090909,-0.9090909090909092
955,Morocco,2022,11,0.9090909090909091,0.0,3,10,5,0,0.45454545454545453,World Cup 2022,Spain,"Education City Stadium, Doha",0,3,3,Win,Africa,First and Second Round,First and Second Round,2.090909090909091,-1.1818181818181817
955,Spain,2022,11,2.090909090909091,0.0,13,23,3,2,0.2727272727272727,World Cup 2022,Morocco,"Education City Stadium, Doha",0,0,0,Lose,Europe,First and Second Round,First and Second Round,0.9090909090909091,1.1818181818181817
956,Portugal,2022,11,1.4545454545454546,0.0,6,16,4,1,0.36363636363636365,World Cup 2022,Switzerland,"Lusail Stadium, Al Daayen",6,0,6,Win,Europe,First and Second Round,First and Second Round,3.8181818181818183,-2.3636363636363638
956,Switzerland,2022,11,3.8181818181818183,4.0,9,42,7,4,0.6363636363636364,World Cup 2022,Portugal,"Lusail Stadium, Al Daayen",1,0,1,Lose,Europe,First and Second Round,First and Second Round,1.4545454545454546,2.3636363636363638
957,Brazil,2022,11,2.909090909090909,1.0,11,32,6,3,0.5454545454545454,World Cup 2022,Croatia,"Education City Stadium, Doha",1,2,3,Lose,South America,First and Second Round,First and Second Round,4.909090909090909,-2.0
957,Croatia,2022,11,4.909090909090909,7.0,12,54,6,6,0.5454545454545454,World Cup 2022,Brazil,"Education City Stadium, Doha",1,4,5,Win,Europe,First and Second Round,First and Second Round,2.909090909090909,2.0
958,Argentina,2022,11,2.4545454545454546,0.0,19,27,3,2,0.2727272727272727,World Cup 2022,Netherlands,"Lusail Stadium, Al Daayen",2,4,6,Win,South America,First and Second Round,First and Second Round,1.0,1.4545454545454546
958,Netherlands,2022,11,1.0,0.0,7,11,2,1,0.18181818181818182,World Cup 2022,Argentina,"Lusail Stadium, Al Daayen",2,3,5,Lose,Europe,First and Second Round,First and Second Round,2.4545454545454546,-1.4545454545454546
959,Morocco,2022,11,0.9090909090909091,0.0,3,10,5,0,0.45454545454545453,World Cup 2022,Portugal,"Al Thumama Stadium, Doha",1,0,1,Win,Africa,First and Second Round,First and Second Round,1.4545454545454546,-0.5454545454545455
959,Portugal,2022,11,1.4545454545454546,0.0,6,16,4,1,0.36363636363636365,World Cup 2022,Morocco,"Al Thumama Stadium, Doha",0,0,0,Lose,Europe,First and Second Round,First and Second Round,0.9090909090909091,0.5454545454545455
960,England,2022,11,3.6363636363636362,5.0,7,40,7,6,0.6363636363636364,World Cup 2022,France,"Al Bayt Stadium, Al Khor",1,0,1,Lose,Europe,First and Second Round,First and Second Round,5.545454545454546,-1.9090909090909096
960,France,2022,11,5.545454545454546,4.0,14,61,6,5,0.5454545454545454,World Cup 2022,England,"Al Bayt Stadium, Al Khor",2,0,2,Win,Europe,First and Second Round,First and Second Round,3.6363636363636362,1.9090909090909096
961,Argentina,2022,11,2.727272727272727,0.0,19,30,3,2,0.2727272727272727,World Cup 2022,Croatia,"Lusail Stadium, Al Daayen",3,0,3,Win,South America,Semi-Final,Semi-Final,4.909090909090909,-2.181818181818182
961,Croatia,2022,11,4.909090909090909,7.0,12,54,6,6,0.5454545454545454,World Cup 2022,Argentina,"Lusail Stadium, Al Daayen",0,0,0,Lose,Europe,Semi-Final,Semi-Final,2.727272727272727,2.181818181818182
962,France,2022,11,5.545454545454546,4.0,14,61,6,5,0.5454545454545454,World Cup 2022,Morocco,"Al Bayt Stadium, Al Khor",2,0,2,Win,Europe,Semi-Final,Semi-Final,0.9090909090909091,4.636363636363637
962,Morocco,2022,11,0.9090909090909091,0.0,3,10,5,0,0.45454545454545453,World Cup 2022,France,"Al Bayt Stadium, Al Khor",0,0,0,Lose,Africa,Semi-Final,Semi-Final,5.545454545454546,-4.636363636363637
963,Croatia,2022,11,3.3636363636363638,0.0,12,37,4,4,0.36363636363636365,World Cup 2022,Morocco,"Khalifa International Stadium, Ar-Rayyan",2,0,2,Win,Europe,Final,Final - 3rd,0.7272727272727273,2.6363636363636367
963,Morocco,2022,11,0.7272727272727273,0.0,3,8,4,0,0.36363636363636365,World Cup 2022,Croatia,"Khalifa International Stadium, Ar-Rayyan",1,0,1,Lose,Africa,Final,Final - 3rd,3.3636363636363638,-2.6363636363636367
964,Argentina,2022,11,3.909090909090909,0.0,19,43,4,3,0.36363636363636365,World Cup 2022,France,"Lusail Stadium, Al Daayen",3,4,7,Win,South America,Final,Final - 1st,5.545454545454546,-1.6363636363636367
964,France,2022,11,5.545454545454546,4.0,14,61,6,5,0.5454545454545454,World Cup 2022,Argentina,"Lusail Stadium, Al Daayen",3,2,5,Lose,Europe,Final,Final - 1st,3.909090909090909,1.6363636363636367
965,Mexico,2026,11,1.5454545454545454,0.0,7,17,4,2,0.36363636363636365,World Cup 2026,South Africa,"Mexico City Stadium, Mexico City",2,0,2,Win,North America,First and Second Round,First and Second Round,0.0,1.5454545454545454
965,South Africa,2026,11,0.0,0.0,0,0,0,0,0.0,World Cup 2026,Mexico,"Mexico City Stadium, Mexico City",0,0,0,Lose,Africa,First and Second Round,First and Second Round,1.5454545454545454,-1.5454545454545454
966,Czech Republic,2026,11,0.0,0.0,0,0,0,0,0.0,World Cup 2026,South Korea,"Guadalajara Stadium, Guadalajara",1,0,1,Lose,Europe,First and Second Round,First and Second Round,2.4545454545454546,-2.4545454545454546
966,South Korea,2026,11,2.4545454545454546,1.0,10,27,6,2,0.5454545454545454,World Cup 2026,Czech Republic,"Guadalajara Stadium, Guadalajara",2,0,2,Win,Asia,First and Second Round,First and Second Round,0.0,2.4545454545454546
967,Czech Republic,2026,11,0.0,0.0,0,0,0,0,0.0,World Cup 2026,South Africa,"Atlanta Stadium, Atlanta",1,0,1,Tie,Europe,First and Second Round,First and Second Round,0.0,0.0
967,South Africa,2026,11,0.0,0.0,0,0,0,0,0.0,World Cup 2026,Czech Republic,"Atlanta Stadium, Atlanta",1,0,1,Tie,Africa,First and Second Round,First and Second Round,0.0,0.0
968,Mexico,2026,11,2.0,0.0,7,22,5,3,0.45454545454545453,World Cup 2026,South Korea,"Guadalajara Stadium, Guadalajara",1,0,1,Win,North America,First and Second Round,First and Second Round,2.8181818181818183,-0.8181818181818183
968,South Korea,2026,11,2.8181818181818183,3.0,10,31,7,2,0.6363636363636364,World Cup 2026,Mexico,"Guadalajara Stadium, Guadalajara",0,0,0,Lose,Asia,First and Second Round,First and Second Round,2.0,0.8181818181818183
969,South Africa,2026,11,0.0,0.0,0,0,0,0,0.0,World Cup 2026,South Korea,"Monterrey Stadium, Monterrey",1,0,1,Win,Africa,First and Second Round,First and Second Round,1.9090909090909092,-1.9090909090909092
969,South Korea,2026,11,1.9090909090909092,1.0,5,21,6,1,0.5454545454545454,World Cup 2026,South Africa,"Monterrey Stadium, Monterrey",0,0,0,Lose,Asia,First and Second Round,First and Second Round,0.0,1.9090909090909092
970,Czech Republic,2026,11,0.0,0.0,0,0,0,0,0.0,World Cup 2026,Mexico,"Mexico City Stadium, Mexico City",0,0,0,Lose,Europe,First and Second Round,First and Second Round,1.0909090909090908,-1.0909090909090908
970,Mexico,2026,11,1.0909090909090908,0.0,6,12,4,1,0.36363636363636365,World Cup 2026,Czech Republic,"Mexico City Stadium, Mexico City",3,0,3,Win,North America,First and Second Round,First and Second Round,0.0,1.0909090909090908
971,Bosnia and Herzegovina,2026,11,0.18181818181818182,0.0,2,2,1,0,0.09090909090909091,World Cup 2026,Canada,"Toronto Stadium, Toronto",1,0,1,Tie,Europe,First and Second Round,First and Second Round,1.6363636363636365,-1.4545454545454546
971,Canada,2026,11,1.6363636363636365,2.0,3,18,7,0,0.6363636363636364,World Cup 2026,Bosnia and Herzegovina,"Toronto Stadium, Toronto",1,0,1,Tie,North America,First and Second Round,First and Second Round,0.18181818181818182,1.4545454545454546
972,Qatar,2026,11,1.0,0.0,3,11,4,0,0.36363636363636365,World Cup 2026,Switzerland,"San Francisco Bay Area Stadium, San Francisco Bay Area",1,0,1,Tie,Asia,First and Second Round,First and Second Round,5.090909090909091,-4.090909090909091
972,Switzerland,2026,11,5.090909090909091,4.0,12,56,10,4,0.9090909090909091,World Cup 2026,Qatar,"San Francisco Bay Area Stadium, San Francisco Bay Area",1,0,1,Tie,Europe,First and Second Round,First and Second Round,1.0,4.090909090909091
973,Bosnia and Herzegovina,2026,11,0.45454545454545453,0.0,3,5,2,0,0.18181818181818182,World Cup 2026,Switzerland,"Los Angeles Stadium, Los Angeles",1,0,1,Lose,Europe,First and Second Round,First and Second Round,4.818181818181818,-4.363636363636364
973,Switzerland,2026,11,4.818181818181818,3.0,12,53,10,4,0.9090909090909091,World Cup 2026,Bosnia and Herzegovina,"Los Angeles Stadium, Los Angeles",4,0,4,Win,Europe,First and Second Round,First and Second Round,0.45454545454545453,4.363636363636364
974,Canada,2026,11,1.8181818181818181,3.0,3,20,7,0,0.6363636363636364,World Cup 2026,Qatar,"BC Place Vancouver, Vancouver",6,0,6,Win,North America,First and Second Round,First and Second Round,1.0,0.8181818181818181
974,Qatar,2026,11,1.0,0.0,3,11,4,0,0.36363636363636365,World Cup 2026,Canada,"BC Place Vancouver, Vancouver",0,0,0,Lose,Asia,First and Second Round,First and Second Round,1.8181818181818181,-0.8181818181818181
975,Bosnia and Herzegovina,2026,11,0.45454545454545453,0.0,3,5,2,0,0.18181818181818182,World Cup 2026,Qatar,"Seattle Stadium, Seattle",3,0,3,Win,Europe,First and Second Round,First and Second Round,1.0909090909090908,-0.6363636363636362
975,Qatar,2026,11,1.0909090909090908,0.0,3,12,4,0,0.36363636363636365,World Cup 2026,Bosnia and Herzegovina,"Seattle Stadium, Seattle",1,0,1,Lose,Asia,First and Second Round,First and Second Round,0.45454545454545453,0.6363636363636362
976,Canada,2026,11,1.3636363636363635,0.0,3,15,5,0,0.45454545454545453,World Cup 2026,Switzerland,"BC Place Vancouver, Vancouver",1,0,1,Lose,North America,First and Second Round,First and Second Round,5.0,-3.6363636363636367
976,Switzerland,2026,11,5.0,4.0,12,55,9,4,0.8181818181818182,World Cup 2026,Canada,"BC Place Vancouver, Vancouver",2,0,2,Win,Europe,First and Second Round,First and Second Round,1.3636363636363635,3.6363636363636367
977,Brazil,2026,11,2.727272727272727,2.0,9,30,6,3,0.5454545454545454,World Cup 2026,Morocco,"New York/New Jersey Stadium, New Jersey",1,0,1,Tie,South America,First and Second Round,First and Second Round,2.6363636363636362,0.09090909090909083
977,Morocco,2026,11,2.6363636363636362,0.0,10,29,5,4,0.45454545454545453,World Cup 2026,Brazil,"New York/New Jersey Stadium, New Jersey",1,0,1,Tie,Africa,First and Second Round,First and Second Round,2.727272727272727,-0.09090909090909083
978,Haiti,2026,11,0.0,0.0,0,0,0,0,0.0,World Cup 2026,Scotland,"Boston Stadium, Boston",0,0,0,Lose,North America,First and Second Round,First and Second Round,0.0,0.0
978,Scotland,2026,11,0.0,0.0,0,0,0,0,0.0,World Cup 2026,Haiti,"Boston Stadium, Boston",1,0,1,Win,Europe,First and Second Round,First and Second Round,0.0,0.0
979,Morocco,2026,11,2.6363636363636362,0.0,10,29,5,4,0.45454545454545453,World Cup 2026,Scotland,"Boston Stadium, Boston",1,0,1,Win,Africa,First and Second Round,First and Second Round,0.0,2.6363636363636362
979,Scotland,2026,11,0.0,0.0,0,0,0,0,0.0,World Cup 2026,Morocco,"Boston Stadium, Boston",0,0,0,Lose,Europe,First and Second Round,First and Second Round,2.6363636363636362,-2.6363636363636362
980,Brazil,2026,11,3.1818181818181817,4.0,9,35,7,4,0.6363636363636364,World Cup 2026,Haiti,"Philadelphia Stadium, Philadelphia",3,0,3,Win,South America,First and Second Round,First and Second Round,0.0,3.1818181818181817
980,Haiti,2026,11,0.0,0.0,0,0,0,0,0.0,World Cup 2026,Brazil,"Philadelphia Stadium, Philadelphia",0,0,0,Lose,North America,First and Second Round,First and Second Round,3.1818181818181817,-3.1818181818181817
981,Haiti,2026,11,0.0,0.0,0,0,0,0,0.0,World Cup 2026,Morocco,"Atlanta Stadium, Atlanta",2,0,2,Lose,North America,First and Second Round,First and Second Round,2.4545454545454546,-2.4545454545454546
981,Morocco,2026,11,2.4545454545454546,0.0,10,27,5,3,0.45454545454545453,World Cup 2026,Haiti,"Atlanta Stadium, Atlanta",4,0,4,Win,Africa,First and Second Round,First and Second Round,0.0,2.4545454545454546
982,Brazil,2026,11,2.727272727272727,2.0,9,30,6,3,0.5454545454545454,World Cup 2026,Scotland,"Miami Stadium, Miami",3,0,3,Win,South America,First and Second Round,First and Second Round,0.0,2.727272727272727
982,Scotland,2026,11,0.0,0.0,0,0,0,0,0.0,World Cup 2026,Brazil,"Miami Stadium, Miami",0,0,0,Lose,Europe,First and Second Round,First and Second Round,2.727272727272727,-2.727272727272727
983,Paraguay,2026,11,0.0,0.0,0,0,0,0,0.0,World Cup 2026,USA,"Los Angeles Stadium, Los Angeles",1,0,1,Lose,South America,First and Second Round,First and Second Round,2.4545454545454546,-2.4545454545454546
983,USA,2026,11,2.4545454545454546,4.0,4,27,7,0,0.6363636363636364,World Cup 2026,Paraguay,"Los Angeles Stadium, Los Angeles",4,0,4,Win,North America,First and Second Round,First and Second Round,0.0,2.4545454545454546
984,Australia,2026,11,0.36363636363636365,0.0,4,4,1,0,0.09090909090909091,World Cup 2026,Turkey,"BC Place Vancouver, Vancouver",2,0,2,Win,Oceania,First and Second Round,First and Second Round,0.0,0.36363636363636365
984,Turkey,2026,11,0.0,0.0,0,0,0,0,0.0,World Cup 2026,Australia,"BC Place Vancouver, Vancouver",0,0,0,Lose,Asia,First and Second Round,First and Second Round,0.36363636363636365,-0.36363636363636365
985,Australia,2026,11,1.2727272727272727,0.0,10,14,2,1,0.18181818181818182,World Cup 2026,USA,"Seattle Stadium, Seattle",0,0,0,Lose,Oceania,First and Second Round,First and Second Round,2.090909090909091,-0.8181818181818181
985,USA,2026,11,2.090909090909091,3.0,4,23,6,0,0.5454545454545454,World Cup 2026,Australia,"Seattle Stadium, Seattle",2,0,2,Win,North America,First and Second Round,First and Second Round,1.2727272727272727,0.8181818181818181
986,Paraguay,2026,11,0.0,0.0,0,0,0,0,0.0,World Cup 2026,Turkey,"San Francisco Bay Area Stadium, San Francisco Bay Area",1,0,1,Win,South America,First and Second Round,First and Second Round,0.0,0.0
986,Turkey,2026,11,0.0,0.0,0,0,0,0,0.0,World Cup 2026,Paraguay,"San Francisco Bay Area Stadium, San Francisco Bay Area",0,0,0,Lose,Asia,First and Second Round,First and Second Round,0.0,0.0
987,Australia,2026,11,1.6363636363636365,0.0,7,18,3,2,0.2727272727272727,World Cup 2026,Paraguay,"San Francisco Bay Area Stadium, San Francisco Bay Area",0,0,0,Tie,Oceania,First and Second Round,First and Second Round,0.0,1.6363636363636365
987,Paraguay,2026,11,0.0,0.0,0,0,0,0,0.0,World Cup 2026,Australia,"San Francisco Bay Area Stadium, San Francisco Bay Area",0,0,0,Tie,South America,First and Second Round,First and Second Round,1.6363636363636365,-1.6363636363636365
988,Turkey,2026,11,0.0,0.0,0,0,0,0,0.0,World Cup 2026,USA,"Los Angeles Stadium, Los Angeles",3,0,3,Win,Asia,First and Second Round,First and Second Round,1.6363636363636365,-1.6363636363636365
988,USA,2026,11,1.6363636363636365,0.0,4,18,5,0,0.45454545454545453,World Cup 2026,Turkey,"Los Angeles Stadium, Los Angeles",2,0,2,Lose,North America,First and Second Round,First and Second Round,0.0,1.6363636363636365
989,Curaçao,2026,11,0.0,0.0,0,0,0,0,0.0,World Cup 2026,Germany,"Houston Stadium, Houston",1,0,1,Lose,North America,First and Second Round,First and Second Round,3.090909090909091,-3.090909090909091
989,Germany,2026,11,3.090909090909091,2.0,19,34,6,2,0.5454545454545454,World Cup 2026,Curaçao,"Houston Stadium, Houston",7,0,7,Win,Europe,First and Second Round,First and Second Round,0.0,3.090909090909091
990,Côte d'Ivoire,2026,11,0.0,0.0,0,0,0,0,0.0,World Cup 2026,Ecuador,"Philadelphia Stadium, Philadelphia",1,0,1,Win,Africa,First and Second Round,First and Second Round,2.1818181818181817,-2.1818181818181817
990,Ecuador,2026,11,2.1818181818181817,3.0,6,24,7,1,0.6363636363636364,World Cup 2026,Côte d'Ivoire,"Philadelphia Stadium, Philadelphia",0,0,0,Lose,South America,First and Second Round,First and Second Round,0.0,2.1818181818181817
991,Côte d'Ivoire,2026,11,0.0,0.0,0,0,0,0,0.0,World Cup 2026,Germany,"Toronto Stadium, Toronto",1,0,1,Lose,Africa,First and Second Round,First and Second Round,3.090909090909091,-3.090909090909091
991,Germany,2026,11,3.090909090909091,2.0,19,34,6,2,0.5454545454545454,World Cup 2026,Côte d'Ivoire,"Toronto Stadium, Toronto",2,0,2,Win,Europe,First and Second Round,First and Second Round,0.0,3.090909090909091
992,Curaçao,2026,11,0.0,0.0,0,0,0,0,0.0,World Cup 2026,Ecuador,"Kansas City Stadium, Kansas City",0,0,0,Tie,North America,First and Second Round,First and Second Round,2.4545454545454546,-2.4545454545454546
992,Ecuador,2026,11,2.4545454545454546,3.0,6,27,8,1,0.7272727272727273,World Cup 2026,Curaçao,"Kansas City Stadium, Kansas City",0,0,0,Tie,South America,First and Second Round,First and Second Round,0.0,2.4545454545454546
993,Curaçao,2026,11,0.0,0.0,0,0,0,0,0.0,World Cup 2026,Côte d'Ivoire,"Philadelphia Stadium, Philadelphia",0,0,0,Lose,North America,First and Second Round,First and Second Round,0.0,0.0
993,Côte d'Ivoire,2026,11,0.0,0.0,0,0,0,0,0.0,World Cup 2026,Curaçao,"Philadelphia Stadium, Philadelphia",2,0,2,Win,Africa,First and Second Round,First and Second Round,0.0,0.0
994,Ecuador,2026,11,2.1818181818181817,3.0,6,24,7,1,0.6363636363636364,World Cup 2026,Germany,"New York/New Jersey Stadium, New Jersey",2,0,2,Win,South America,First and Second Round,First and Second Round,3.5454545454545454,-1.3636363636363638
994,Germany,2026,11,3.5454545454545454,2.0,19,39,7,2,0.6363636363636364,World Cup 2026,Ecuador,"New York/New Jersey Stadium, New Jersey",1,0,1,Lose,Europe,First and Second Round,First and Second Round,2.1818181818181817,1.3636363636363638
995,Japan,2026,11,1.5454545454545454,1.0,4,17,7,0,0.6363636363636364,World Cup 2026,Netherlands,"Dallas Stadium, Dallas",2,0,2,Tie,Asia,First and Second Round,First and Second Round,1.8181818181818181,-0.2727272727272727
995,Netherlands,2026,11,1.8181818181818181,0.0,5,20,4,4,0.36363636363636365,World Cup 2026,Japan,"Dallas Stadium, Dallas",2,0,2,Tie,Europe,First and Second Round,First and Second Round,1.5454545454545454,0.2727272727272727
996,Sweden,2026,11,0.36363636363636365,0.0,4,4,1,0,0.09090909090909091,World Cup 2026,Tunisia,"Monterrey Stadium, Monterrey",5,0,5,Win,Europe,First and Second Round,First and Second Round,1.3636363636363635,-0.9999999999999999
996,Tunisia,2026,11,1.3636363636363635,0.0,6,15,5,1,0.45454545454545453,World Cup 2026,Sweden,"Monterrey Stadium, Monterrey",1,0,1,Lose,Africa,First and Second Round,First and Second Round,0.36363636363636365,0.9999999999999999
997,Netherlands,2026,11,1.8181818181818181,0.0,5,20,4,4,0.36363636363636365,World Cup 2026,Sweden,"Houston Stadium, Houston",5,0,5,Win,Europe,First and Second Round,First and Second Round,0.36363636363636365,1.4545454545454546
997,Sweden,2026,11,0.36363636363636365,0.0,4,4,1,0,0.09090909090909091,World Cup 2026,Netherlands,"Houston Stadium, Houston",1,0,1,Lose,Europe,First and Second Round,First and Second Round,1.8181818181818181,-1.4545454545454546
998,Japan,2026,11,2.090909090909091,3.0,4,23,8,0,0.7272727272727273,World Cup 2026,Tunisia,"Monterrey Stadium, Monterrey",4,0,4,Win,Asia,First and Second Round,First and Second Round,2.0,0.09090909090909083
998,Tunisia,2026,11,2.0,2.0,6,22,7,1,0.6363636363636364,World Cup 2026,Japan,"Monterrey Stadium, Monterrey",0,0,0,Lose,Africa,First and Second Round,First and Second Round,2.090909090909091,-0.09090909090909083
999,Netherlands,2026,11,2.272727272727273,0.0,5,25,5,5,0.45454545454545453,World Cup 2026,Tunisia,"Kansas City Stadium, Kansas City",3,0,3,Win,Europe,First and Second Round,First and Second Round,1.6363636363636365,0.6363636363636365
999,Tunisia,2026,11,1.6363636363636365,1.0,6,18,6,1,0.5454545454545454,World Cup 2026,Netherlands,"Kansas City Stadium, Kansas City",1,0,1,Lose,Africa,First and Second Round,First and Second Round,2.272727272727273,-0.6363636363636365
1000,Japan,2026,11,1.7272727272727273,1.0,4,19,7,0,0.6363636363636364,World Cup 2026,Sweden,"Dallas Stadium, Dallas",1,0,1,Tie,Asia,First and Second Round,First and Second Round,0.36363636363636365,1.3636363636363638
1000,Sweden,2026,11,0.36363636363636365,0.0,4,4,1,0,0.09090909090909091,World Cup 2026,Japan,"Dallas Stadium, Dallas",1,0,1,Tie,Europe,First and Second Round,First and Second Round,1.7272727272727273,-1.3636363636363638
1001,Belgium,2026,11,4.818181818181818,3.0,15,53,9,4,0.8181818181818182,World Cup 2026,Egypt,"Seattle Stadium, Seattle",1,0,1,Tie,Europe,First and Second Round,First and Second Round,0.18181818181818182,4.636363636363637
1001,Egypt,2026,11,0.18181818181818182,0.0,2,2,1,0,0.09090909090909091,World Cup 2026,Belgium,"Seattle Stadium, Seattle",1,0,1,Tie,Africa,First and Second Round,First and Second Round,4.818181818181818,-4.636363636363637
1002,Iran,2026,11,2.727272727272727,4.0,6,30,6,5,0.5454545454545454,World Cup 2026,New Zealand,"Los Angeles Stadium, Los Angeles",2,0,2,Tie,Asia,First and Second Round,First and Second Round,0.2727272727272727,2.454545454545454
1002,New Zealand,2026,11,0.2727272727272727,0.0,3,3,1,0,0.09090909090909091,World Cup 2026,Iran,"Los Angeles Stadium, Los Angeles",2,0,2,Tie,Oceania,First and Second Round,First and Second Round,2.727272727272727,-2.454545454545454
1003,Belgium,2026,11,5.2727272727272725,3.0,15,58,6,5,0.5454545454545454,World Cup 2026,Iran,"Los Angeles Stadium, Los Angeles",0,0,0,Tie,Europe,First and Second Round,First and Second Round,3.090909090909091,2.1818181818181817
1003,Iran,2026,11,3.090909090909091,4.0,9,34,6,5,0.5454545454545454,World Cup 2026,Belgium,"Los Angeles Stadium, Los Angeles",0,0,0,Tie,Asia,First and Second Round,First and Second Round,5.2727272727272725,-2.1818181818181817
1004,Egypt,2026,11,0.18181818181818182,0.0,2,2,1,0,0.09090909090909091,World Cup 2026,New Zealand,"BC Place Vancouver, Vancouver",3,0,3,Win,Africa,First and Second Round,First and Second Round,0.2727272727272727,-0.09090909090909088
1004,New Zealand,2026,11,0.2727272727272727,0.0,3,3,1,0,0.09090909090909091,World Cup 2026,Egypt,"BC Place Vancouver, Vancouver",1,0,1,Lose,Oceania,First and Second Round,First and Second Round,0.18181818181818182,0.09090909090909088
1005,Belgium,2026,11,3.909090909090909,1.0,15,43,7,3,0.6363636363636364,World Cup 2026,New Zealand,"BC Place Vancouver, Vancouver",5,0,5,Win,Europe,First and Second Round,First and Second Round,0.2727272727272727,3.6363636363636367
1005,New Zealand,2026,11,0.2727272727272727,0.0,3,3,1,0,0.09090909090909091,World Cup 2026,Belgium,"BC Place Vancouver, Vancouver",1,0,1,Lose,Oceania,First and Second Round,First and Second Round,3.909090909090909,-3.6363636363636367
1006,Egypt,2026,11,0.45454545454545453,0.0,3,5,2,0,0.18181818181818182,World Cup 2026,Iran,"Seattle Stadium, Seattle",1,0,1,Tie,Africa,First and Second Round,First and Second Round,2.727272727272727,-2.2727272727272725
1006,Iran,2026,11,2.727272727272727,4.0,6,30,6,5,0.5454545454545454,World Cup 2026,Egypt,"Seattle Stadium, Seattle",1,0,1,Tie,Asia,First and Second Round,First and Second Round,0.45454545454545453,2.2727272727272725
1007,Cabo Verde,2026,11,0.9090909090909091,0.0,10,10,1,1,0.09090909090909091,World Cup 2026,Spain,"Atlanta Stadium, Atlanta",0,0,0,Tie,Africa,First and Second Round,First and Second Round,2.1818181818181817,-1.2727272727272725
1007,Spain,2026,11,2.1818181818181817,3.0,4,24,7,0,0.6363636363636364,World Cup 2026,Cabo Verde,"Atlanta Stadium, Atlanta",0,0,0,Tie,Europe,First and Second Round,First and Second Round,0.9090909090909091,1.2727272727272725
1008,Saudi Arabia,2026,11,1.3636363636363635,0.0,4,15,5,0,0.45454545454545453,World Cup 2026,Uruguay,"Miami Stadium, Miami",1,0,1,Tie,Asia,First and Second Round,First and Second Round,3.6363636363636362,-2.2727272727272725
1008,Uruguay,2026,11,3.6363636363636362,3.0,16,40,7,3,0.6363636363636364,World Cup 2026,Saudi Arabia,"Miami Stadium, Miami",1,0,1,Tie,South America,First and Second Round,First and Second Round,1.3636363636363635,2.2727272727272725
1009,Saudi Arabia,2026,11,1.0909090909090908,0.0,4,12,5,0,0.45454545454545453,World Cup 2026,Spain,"Atlanta Stadium, Atlanta",0,0,0,Lose,Asia,First and Second Round,First and Second Round,2.0,-0.9090909090909092
1009,Spain,2026,11,2.0,3.0,4,22,6,0,0.5454545454545454,World Cup 2026,Saudi Arabia,"Atlanta Stadium, Atlanta",4,0,4,Win,Europe,First and Second Round,First and Second Round,1.0909090909090908,0.9090909090909092
1010,Cabo Verde,2026,11,0.9090909090909091,0.0,10,10,1,1,0.09090909090909091,World Cup 2026,Uruguay,"Miami Stadium, Miami",2,0,2,Tie,Africa,First and Second Round,First and Second Round,3.272727272727273,-2.3636363636363638
1010,Uruguay,2026,11,3.272727272727273,1.0,16,36,6,3,0.5454545454545454,World Cup 2026,Cabo Verde,"Miami Stadium, Miami",2,0,2,Tie,South America,First and Second Round,First and Second Round,0.9090909090909091,2.3636363636363638
1011,Spain,2026,11,1.7272727272727273,1.0,4,19,6,0,0.5454545454545454,World Cup 2026,Uruguay,"Guadalajara Stadium, Guadalajara",1,0,1,Win,Europe,First and Second Round,First and Second Round,3.5454545454545454,-1.8181818181818181
1011,Uruguay,2026,11,3.5454545454545454,3.0,16,39,7,3,0.6363636363636364,World Cup 2026,Spain,"Guadalajara Stadium, Guadalajara",0,0,0,Lose,South America,First and Second Round,First and Second Round,1.7272727272727273,1.8181818181818181
1012,Cabo Verde,2026,11,0.9090909090909091,0.0,10,10,1,1,0.09090909090909091,World Cup 2026,Saudi Arabia,"Houston Stadium, Houston",0,0,0,Tie,Africa,First and Second Round,First and Second Round,1.4545454545454546,-0.5454545454545455
1012,Saudi Arabia,2026,11,1.4545454545454546,1.0,4,16,6,0,0.5454545454545454,World Cup 2026,Cabo Verde,"Houston Stadium, Houston",0,0,0,Tie,Asia,First and Second Round,First and Second Round,0.9090909090909091,0.5454545454545455
1013,France,2026,11,5.090909090909091,6.0,14,56,8,7,0.7272727272727273,World Cup 2026,Senegal,"New York/New Jersey Stadium, New Jersey",3,0,3,Win,Europe,First and Second Round,First and Second Round,3.090909090909091,2.0
1013,Senegal,2026,11,3.090909090909091,3.0,7,34,8,3,0.7272727272727273,World Cup 2026,France,"New York/New Jersey Stadium, New Jersey",1,0,1,Lose,Africa,First and Second Round,First and Second Round,5.090909090909091,-2.0
1014,Iraq,2026,11,0.0,0.0,0,0,0,0,0.0,World Cup 2026,Norway,"Boston Stadium, Boston",1,0,1,Lose,Asia,First and Second Round,First and Second Round,0.2727272727272727,-0.2727272727272727
1014,Norway,2026,11,0.2727272727272727,0.0,3,3,1,0,0.09090909090909091,World Cup 2026,Iraq,"Boston Stadium, Boston",4,0,4,Win,Europe,First and Second Round,First and Second Round,0.0,0.2727272727272727
1015,France,2026,11,4.2727272727272725,3.0,14,47,8,5,0.7272727272727273,World Cup 2026,Iraq,"Philadelphia Stadium, Philadelphia",3,0,3,Win,Europe,First and Second Round,First and Second Round,0.0,4.2727272727272725
1015,Iraq,2026,11,0.0,0.0,0,0,0,0,0.0,World Cup 2026,France,"Philadelphia Stadium, Philadelphia",0,0,0,Lose,Asia,First and Second Round,First and Second Round,4.2727272727272725,-4.2727272727272725
1016,Norway,2026,11,0.2727272727272727,0.0,3,3,1,0,0.09090909090909091,World Cup 2026,Senegal,"New York/New Jersey Stadium, New Jersey",3,0,3,Win,Europe,First and Second Round,First and Second Round,3.090909090909091,-2.8181818181818183
1016,Senegal,2026,11,3.090909090909091,3.0,7,34,8,3,0.7272727272727273,World Cup 2026,Norway,"New York/New Jersey Stadium, New Jersey",2,0,2,Lose,Africa,First and Second Round,First and Second Round,0.2727272727272727,2.8181818181818183
1017,Iraq,2026,11,0.0,0.0,0,0,0,0,0.0,World Cup 2026,Senegal,"Toronto Stadium, Toronto",0,0,0,Lose,Asia,First and Second Round,First and Second Round,2.090909090909091,-2.090909090909091
1017,Senegal,2026,11,2.090909090909091,0.0,7,23,5,2,0.45454545454545453,World Cup 2026,Iraq,"Toronto Stadium, Toronto",5,0,5,Win,Africa,First and Second Round,First and Second Round,0.0,2.090909090909091
1018,France,2026,11,4.7272727272727275,5.0,14,52,7,6,0.6363636363636364,World Cup 2026,Norway,"Boston Stadium, Boston",4,0,4,Win,Europe,First and Second Round,First and Second Round,0.0,4.7272727272727275
1018,Norway,2026,11,0.0,0.0,0,0,0,0,0.0,World Cup 2026,France,"Boston Stadium, Boston",1,0,1,Lose,Europe,First and Second Round,First and Second Round,4.7272727272727275,-4.7272727272727275
1019,Algeria,2026,11,0.5454545454545454,0.0,3,6,2,0,0.18181818181818182,World Cup 2026,Argentina,"Kansas City Stadium, Kansas City",0,0,0,Lose,Africa,First and Second Round,First and Second Round,6.2727272727272725,-5.727272727272727
1019,Argentina,2026,11,6.2727272727272725,6.0,26,69,9,7,0.8181818181818182,World Cup 2026,Algeria,"Kansas City Stadium, Kansas City",3,0,3,Win,South America,First and Second Round,First and Second Round,0.5454545454545454,5.727272727272727
1020,Austria,2026,11,0.0,0.0,0,0,0,0,0.0,World Cup 2026,Jordan,"San Francisco Bay Area Stadium, San Francisco Bay Area",3,0,3,Win,Europe,First and Second Round,First and Second Round,0.0,0.0
1020,Jordan,2026,11,0.0,0.0,0,0,0,0,0.0,World Cup 2026,Austria,"San Francisco Bay Area Stadium, San Francisco Bay Area",1,0,1,Lose,Asia,First and Second Round,First and Second Round,0.0,0.0
1021,Argentina,2026,11,6.545454545454546,6.0,26,72,9,8,0.8181818181818182,World Cup 2026,Austria,"Dallas Stadium, Dallas",2,0,2,Win,South America,First and Second Round,First and Second Round,0.0,6.545454545454546
1021,Austria,2026,11,0.0,0.0,0,0,0,0,0.0,World Cup 2026,Argentina,"Dallas Stadium, Dallas",0,0,0,Lose,Europe,First and Second Round,First and Second Round,6.545454545454546,-6.545454545454546
1022,Algeria,2026,11,0.36363636363636365,0.0,3,4,2,0,0.18181818181818182,World Cup 2026,Jordan,"San Francisco Bay Area Stadium, San Francisco Bay Area",2,0,2,Win,Africa,First and Second Round,First and Second Round,0.0,0.36363636363636365
1022,Jordan,2026,11,0.0,0.0,0,0,0,0,0.0,World Cup 2026,Algeria,"San Francisco Bay Area Stadium, San Francisco Bay Area",1,0,1,Lose,Asia,First and Second Round,First and Second Round,0.36363636363636365,-0.36363636363636365
1023,Algeria,2026,11,0.6363636363636364,0.0,3,7,3,0,0.2727272727272727,World Cup 2026,Austria,"Kansas City Stadium, Kansas City",3,0,3,Tie,Africa,First and Second Round,First and Second Round,0.0,0.6363636363636364
1023,Austria,2026,11,0.0,0.0,0,0,0,0,0.0,World Cup 2026,Algeria,"Kansas City Stadium, Kansas City",3,0,3,Tie,Europe,First and Second Round,First and Second Round,0.6363636363636364,-0.6363636363636364
1024,Argentina,2026,11,4.090909090909091,3.0,14,45,6,5,0.5454545454545454,World Cup 2026,Jordan,"Dallas Stadium, Dallas",3,0,3,Win,South America,First and Second Round,First and Second Round,0.0,4.090909090909091
1024,Jordan,2026,11,0.0,0.0,0,0,0,0,0.0,World Cup 2026,Argentina,"Dallas Stadium, Dallas",1,0,1,Lose,Asia,First and Second Round,First and Second Round,4.090909090909091,-4.090909090909091
1025,Congo DR,2026,11,0.0,0.0,0,0,0,0,0.0,World Cup 2026,Portugal,"Houston Stadium, Houston",1,0,1,Tie,Africa,First and Second Round,First and Second Round,4.181818181818182,-4.181818181818182
1025,Portugal,2026,11,4.181818181818182,2.0,22,46,7,3,0.6363636363636364,World Cup 2026,Congo DR,"Houston Stadium, Houston",1,0,1,Tie,Europe,First and Second Round,First and Second Round,0.0,4.181818181818182
1026,Colombia,2026,11,1.8181818181818181,0.0,8,20,4,1,0.36363636363636365,World Cup 2026,Uzbekistan,"Mexico City Stadium, Mexico City",3,0,3,Win,South America,First and Second Round,First and Second Round,0.0,1.8181818181818181
1026,Uzbekistan,2026,11,0.0,0.0,0,0,0,0,0.0,World Cup 2026,Colombia,"Mexico City Stadium, Mexico City",1,0,1,Lose,Asia,First and Second Round,First and Second Round,1.8181818181818181,-1.8181818181818181
1027,Portugal,2026,11,4.090909090909091,3.0,22,45,8,2,0.7272727272727273,World Cup 2026,Uzbekistan,"Houston Stadium, Houston",5,0,5,Win,Europe,First and Second Round,First and Second Round,0.0,4.090909090909091
1027,Uzbekistan,2026,11,0.0,0.0,0,0,0,0,0.0,World Cup 2026,Portugal,"Houston Stadium, Houston",0,0,0,Lose,Asia,First and Second Round,First and Second Round,4.090909090909091,-4.090909090909091
1028,Colombia,2026,11,1.8181818181818181,0.0,8,20,4,1,0.36363636363636365,World Cup 2026,Congo DR,"Guadalajara Stadium, Guadalajara",1,0,1,Win,South America,First and Second Round,First and Second Round,0.0,1.8181818181818181
1028,Congo DR,2026,11,0.0,0.0,0,0,0,0,0.0,World Cup 2026,Colombia,"Guadalajara Stadium, Guadalajara",0,0,0,Lose,Africa,First and Second Round,First and Second Round,1.8181818181818181,-1.8181818181818181
1029,Congo DR,2026,11,0.0,0.0,0,0,0,0,0.0,World Cup 2026,Uzbekistan,"Atlanta Stadium, Atlanta",3,0,3,Win,Africa,First and Second Round,First and Second Round,0.0,0.0
1029,Uzbekistan,2026,11,0.0,0.0,0,0,0,0,0.0,World Cup 2026,Congo DR,"Atlanta Stadium, Atlanta",1,0,1,Lose,Asia,First and Second Round,First and Second Round,0.0,0.0
1030,Colombia,2026,11,2.090909090909091,0.0,8,23,4,2,0.36363636363636365,World Cup 2026,Portugal,"Miami Stadium, Miami",0,0,0,Tie,South America,First and Second Round,First and Second Round,4.090909090909091,-2.0
1030,Portugal,2026,11,4.090909090909091,3.0,22,45,8,2,0.7272727272727273,World Cup 2026,Colombia,"Miami Stadium, Miami",0,0,0,Tie,Europe,First and Second Round,First and Second Round,2.090909090909091,2.0
1031,Croatia,2026,11,5.363636363636363,1.0,19,59,7,5,0.6363636363636364,World Cup 2026,England,"Dallas Stadium, Dallas",2,0,2,Lose,Europe,First and Second Round,First and Second Round,4.090909090909091,1.2727272727272725
1031,England,2026,11,4.090909090909091,0.0,12,45,5,5,0.45454545454545453,World Cup 2026,Croatia,"Dallas Stadium, Dallas",4,0,4,Win,Europe,First and Second Round,First and Second Round,5.363636363636363,-1.2727272727272725
1032,Ghana,2026,11,1.2727272727272727,0.0,6,14,5,1,0.45454545454545453,World Cup 2026,Panama,"Toronto Stadium, Toronto",1,0,1,Win,Africa,First and Second Round,First and Second Round,0.7272727272727273,0.5454545454545454
1032,Panama,2026,11,0.7272727272727273,0.0,3,8,3,0,0.2727272727272727,World Cup 2026,Ghana,"Toronto Stadium, Toronto",0,0,0,Lose,North America,First and Second Round,First and Second Round,1.2727272727272727,-0.5454545454545454
1033,England,2026,11,3.0,0.0,12,33,4,4,0.36363636363636365,World Cup 2026,Ghana,"Boston Stadium, Boston",0,0,0,Tie,Europe,First and Second Round,First and Second Round,1.3636363636363635,1.6363636363636365
1033,Ghana,2026,11,1.3636363636363635,0.0,6,15,5,1,0.45454545454545453,World Cup 2026,England,"Boston Stadium, Boston",0,0,0,Tie,Africa,First and Second Round,First and Second Round,3.0,-1.6363636363636365
1034,Croatia,2026,11,6.090909090909091,1.0,19,67,7,5,0.6363636363636364,World Cup 2026,Panama,"Toronto Stadium, Toronto",1,0,1,Win,Europe,First and Second Round,First and Second Round,0.7272727272727273,5.363636363636363
1034,Panama,2026,11,0.7272727272727273,0.0,3,8,3,0,0.2727272727272727,World Cup 2026,Croatia,"Toronto Stadium, Toronto",0,0,0,Lose,North America,First and Second Round,First and Second Round,6.090909090909091,-5.363636363636363
1035,England,2026,11,3.909090909090909,0.0,12,43,5,4,0.45454545454545453,World Cup 2026,Panama,"New York/New Jersey Stadium, New Jersey",2,0,2,Win,Europe,First and Second Round,First and Second Round,1.0,2.909090909090909
1035,Panama,2026,11,1.0,0.0,3,11,4,0,0.36363636363636365,World Cup 2026,England,"New York/New Jersey Stadium, New Jersey",0,0,0,Lose,North America,First and Second Round,First and Second Round,3.909090909090909,-2.909090909090909
1036,Croatia,2026,11,6.181818181818182,2.0,19,68,8,5,0.7272727272727273,World Cup 2026,Ghana,"Philadelphia Stadium, Philadelphia",2,0,2,Win,Europe,First and Second Round,First and Second Round,1.2727272727272727,4.909090909090909
1036,Ghana,2026,11,1.2727272727272727,0.0,6,14,5,1,0.45454545454545453,World Cup 2026,Croatia,"Philadelphia Stadium, Philadelphia",1,0,1,Lose,Africa,First and Second Round,First and Second Round,6.181818181818182,-4.909090909090909
1037,Canada,2026,11,1.3636363636363635,1.0,3,15,6,0,0.5454545454545454,World Cup 2026,South Africa,"Los Angeles Stadium, Los Angeles",1,0,1,Win,North America,First and Second Round,First and Second Round,0.0,1.3636363636363635
1037,South Africa,2026,11,0.0,0.0,0,0,0,0,0.0,World Cup 2026,Canada,"Los Angeles Stadium, Los Angeles",0,0,0,Lose,Africa,First and Second Round,First and Second Round,1.3636363636363635,-1.3636363636363635
1038,Brazil,2026,11,2.727272727272727,2.0,9,30,6,3,0.5454545454545454,World Cup 2026,Japan,"Houston Stadium, Houston",2,0,2,Win,South America,First and Second Round,First and Second Round,2.0,0.7272727272727271
1038,Japan,2026,11,2.0,2.0,4,22,8,0,0.7272727272727273,World Cup 2026,Brazil,"Houston Stadium, Houston",1,0,1,Lose,Asia,First and Second Round,First and Second Round,2.727272727272727,-0.7272727272727271
1039,Germany,2026,11,3.0,0.0,19,33,5,2,0.45454545454545453,World Cup 2026,Paraguay,"Boston Stadium, Boston",1,3,4,Lose,Europe,First and Second Round,First and Second Round,0.0,3.0
1039,Paraguay,2026,11,0.0,0.0,0,0,0,0,0.0,World Cup 2026,Germany,"Boston Stadium, Boston",1,4,5,Win,South America,First and Second Round,First and Second Round,3.0,-3.0
1040,Morocco,2026,11,2.6363636363636362,0.0,10,29,5,4,0.45454545454545453,World Cup 2026,Netherlands,"Monterrey Stadium, Monterrey",1,3,4,Win,Africa,First and Second Round,First and Second Round,2.272727272727273,0.3636363636363633
1040,Netherlands,2026,11,2.272727272727273,0.0,5,25,5,5,0.45454545454545453,World Cup 2026,Morocco,"Monterrey Stadium, Monterrey",1,2,3,Lose,Europe,First and Second Round,First and Second Round,2.6363636363636362,-0.3636363636363633
1041,Côte d'Ivoire,2026,11,0.0,0.0,0,0,0,0,0.0,World Cup 2026,Norway,"Dallas Stadium, Dallas",1,0,1,Lose,Africa,First and Second Round,First and Second Round,0.2727272727272727,-0.2727272727272727
1041,Norway,2026,11,0.2727272727272727,0.0,3,3,1,0,0.09090909090909091,World Cup 2026,Côte d'Ivoire,"Dallas Stadium, Dallas",2,0,2,Win,Europe,First and Second Round,First and Second Round,0.0,0.2727272727272727
1042,France,2026,11,4.636363636363637,5.0,14,51,8,6,0.7272727272727273,World Cup 2026,Sweden,"New York/New Jersey Stadium, New Jersey",3,0,3,Win,Europe,First and Second Round,First and Second Round,0.36363636363636365,4.272727272727273
1042,Sweden,2026,11,0.36363636363636365,0.0,4,4,1,0,0.09090909090909091,World Cup 2026,France,"New York/New Jersey Stadium, New Jersey",0,0,0,Lose,Europe,First and Second Round,First and Second Round,4.636363636363637,-4.272727272727273
1043,Ecuador,2026,11,2.1818181818181817,3.0,6,24,7,1,0.6363636363636364,World Cup 2026,Mexico,"Mexico City Stadium, Mexico City",0,0,0,Lose,South America,First and Second Round,First and Second Round,1.7272727272727273,0.45454545454545436
1043,Mexico,2026,11,1.7272727272727273,0.0,7,19,5,2,0.45454545454545453,World Cup 2026,Ecuador,"Mexico City Stadium, Mexico City",2,0,2,Win,North America,First and Second Round,First and Second Round,2.1818181818181817,-0.45454545454545436
1044,Congo DR,2026,11,0.0,0.0,0,0,0,0,0.0,World Cup 2026,England,"Atlanta Stadium, Atlanta",1,0,1,Lose,Africa,First and Second Round,First and Second Round,4.0,-4.0
1044,England,2026,11,4.0,0.0,12,44,5,5,0.45454545454545453,World Cup 2026,Congo DR,"Atlanta Stadium, Atlanta",2,0,2,Win,Europe,First and Second Round,First and Second Round,0.0,4.0
1045,Belgium,2026,11,3.909090909090909,1.0,15,43,7,3,0.6363636363636364,World Cup 2026,Senegal,"Seattle Stadium, Seattle",3,0,3,Win,Europe,First and Second Round,First and Second Round,2.909090909090909,1.0
1045,Senegal,2026,11,2.909090909090909,3.0,7,32,8,2,0.7272727272727273,World Cup 2026,Belgium,"Seattle Stadium, Seattle",2,0,2,Lose,Africa,First and Second Round,First and Second Round,3.909090909090909,-1.0
1046,Bosnia and Herzegovina,2026,11,0.45454545454545453,0.0,3,5,2,0,0.18181818181818182,World Cup 2026,USA,"San Francisco Bay Area Stadium, San Francisco Bay Area",0,0,0,Lose,Europe,First and Second Round,First and Second Round,2.4545454545454546,-2.0
1046,USA,2026,11,2.4545454545454546,4.0,4,27,7,0,0.6363636363636364,World Cup 2026,Bosnia and Herzegovina,"San Francisco Bay Area Stadium, San Francisco Bay Area",2,0,2,Win,North America,First and Second Round,First and Second Round,0.45454545454545453,2.0
1047,Austria,2026,11,0.0,0.0,0,0,0,0,0.0,World Cup 2026,Spain,"Los Angeles Stadium, Los Angeles",0,0,0,Lose,Europe,First and Second Round,First and Second Round,2.0,-2.0
1047,Spain,2026,11,2.0,3.0,4,22,6,0,0.5454545454545454,World Cup 2026,Austria,"Los Angeles Stadium, Los Angeles",3,0,3,Win,Europe,First and Second Round,First and Second Round,0.0,2.0
1048,Croatia,2026,11,6.181818181818182,2.0,19,68,8,5,0.7272727272727273,World Cup 2026,Portugal,"Toronto Stadium, Toronto",1,0,1,Lose,Europe,First and Second Round,First and Second Round,4.181818181818182,2.0
1048,Portugal,2026,11,4.181818181818182,3.0,22,46,8,3,0.7272727272727273,World Cup 2026,Croatia,"Toronto Stadium, Toronto",2,0,2,Win,Europe,First and Second Round,First and Second Round,6.181818181818182,-2.0
1049,Algeria,2026,11,0.6363636363636364,0.0,3,7,3,0,0.2727272727272727,World Cup 2026,Switzerland,"BC Place Vancouver, Vancouver",0,0,0,Lose,Africa,First and Second Round,First and Second Round,5.0,-4.363636363636363
1049,Switzerland,2026,11,5.0,4.0,12,55,9,4,0.8181818181818182,World Cup 2026,Algeria,"BC Place Vancouver, Vancouver",2,0,2,Win,Europe,First and Second Round,First and Second Round,0.6363636363636364,4.363636363636363
1050,Australia,2026,11,1.6363636363636365,0.0,7,18,3,2,0.2727272727272727,World Cup 2026,Egypt,"Dallas Stadium, Dallas",1,2,3,Lose,Oceania,First and Second Round,First and Second Round,0.18181818181818182,1.4545454545454546
1050,Egypt,2026,11,0.18181818181818182,0.0,2,2,1,0,0.09090909090909091,World Cup 2026,Australia,"Dallas Stadium, Dallas",1,4,5,Win,Africa,First and Second Round,First and Second Round,1.6363636363636365,-1.4545454545454546
1051,Argentina,2026,11,6.545454545454546,6.0,26,72,9,8,0.8181818181818182,World Cup 2026,Cabo Verde,"Miami Stadium, Miami",3,0,3,Win,South America,First and Second Round,First and Second Round,0.9090909090909091,5.636363636363637
1051,Cabo Verde,2026,11,0.9090909090909091,0.0,10,10,1,1,0.09090909090909091,World Cup 2026,Argentina,"Miami Stadium, Miami",2,0,2,Lose,Africa,First and Second Round,First and Second Round,6.545454545454546,-5.636363636363637
1052,Colombia,2026,11,1.8181818181818181,0.0,8,20,4,1,0.36363636363636365,World Cup 2026,Ghana,"Kansas City Stadium, Kansas City",1,0,1,Win,South America,First and Second Round,First and Second Round,1.6363636363636365,0.18181818181818166
1052,Ghana,2026,11,1.6363636363636365,1.0,6,18,6,1,0.5454545454545454,World Cup 2026,Colombia,"Kansas City Stadium, Kansas City",0,0,0,Lose,Africa,First and Second Round,First and Second Round,1.8181818181818181,-0.18181818181818166
1053,Canada,2026,11,1.2727272727272727,0.0,3,14,5,0,0.45454545454545453,World Cup 2026,Morocco,"Houston Stadium, Houston",0,0,0,Lose,North America,First and Second Round,First and Second Round,2.6363636363636362,-1.3636363636363635
1053,Morocco,2026,11,2.6363636363636362,0.0,10,29,5,4,0.45454545454545453,World Cup 2026,Canada,"Houston Stadium, Houston",3,0,3,Win,Africa,First and Second Round,First and Second Round,1.2727272727272727,1.3636363636363635
1054,France,2026,11,4.2727272727272725,3.0,14,47,8,5,0.7272727272727273,World Cup 2026,Paraguay,"Philadelphia Stadium, Philadelphia",1,0,1,Win,Europe,First and Second Round,First and Second Round,0.0,4.2727272727272725
1054,Paraguay,2026,11,0.0,0.0,0,0,0,0,0.0,World Cup 2026,France,"Philadelphia Stadium, Philadelphia",0,0,0,Lose,South America,First and Second Round,First and Second Round,4.2727272727272725,-4.2727272727272725
1055,Brazil,2026,11,2.6363636363636362,2.0,9,29,6,3,0.5454545454545454,World Cup 2026,Norway,"New York/New Jersey Stadium, New Jersey",1,0,1,Lose,South America,First and Second Round,First and Second Round,0.2727272727272727,2.3636363636363633
1055,Norway,2026,11,0.2727272727272727,0.0,3,3,1,0,0.09090909090909091,World Cup 2026,Brazil,"New York/New Jersey Stadium, New Jersey",2,0,2,Win,Europe,First and Second Round,First and Second Round,2.6363636363636362,-2.3636363636363633
1056,England,2026,11,3.3636363636363638,0.0,12,37,5,4,0.45454545454545453,World Cup 2026,Mexico,"Mexico City Stadium, Mexico City",3,0,3,Win,Europe,First and Second Round,First and Second Round,1.7272727272727273,1.6363636363636365
1056,Mexico,2026,11,1.7272727272727273,0.0,7,19,5,2,0.45454545454545453,World Cup 2026,England,"Mexico City Stadium, Mexico City",2,0,2,Lose,North America,First and Second Round,First and Second Round,3.3636363636363638,-1.6363636363636365
1057,Portugal,2026,11,4.090909090909091,3.0,22,45,8,2,0.7272727272727273,World Cup 2026,Spain,"Dallas Stadium, Dallas",0,0,0,Lose,Europe,First and Second Round,First and Second Round,2.0,2.090909090909091
1057,Spain,2026,11,2.0,3.0,4,22,6,0,0.5454545454545454,World Cup 2026,Portugal,"Dallas Stadium, Dallas",1,0,1,Win,Europe,First and Second Round,First and Second Round,4.090909090909091,-2.090909090909091
1058,Belgium,2026,11,2.8181818181818183,1.0,15,31,6,2,0.5454545454545454,World Cup 2026,USA,"Seattle Stadium, Seattle",4,0,4,Win,Europe,First and Second Round,First and Second Round,2.4545454545454546,0.36363636363636376
1058,USA,2026,11,2.4545454545454546,4.0,4,27,7,0,0.6363636363636364,World Cup 2026,Belgium,"Seattle Stadium, Seattle",1,0,1,Lose,North America,First and Second Round,First and Second Round,2.8181818181818183,-0.36363636363636376
1059,Argentina,2026,11,7.909090909090909,7.0,26,87,10,10,0.9090909090909091,World Cup 2026,Egypt,"Atlanta Stadium, Atlanta",3,0,3,Win,South America,First and Second Round,First and Second Round,0.18181818181818182,7.7272727272727275
1059,Egypt,2026,11,0.18181818181818182,0.0,2,2,1,0,0.09090909090909091,World Cup 2026,Argentina,"Atlanta Stadium, Atlanta",2,0,2,Lose,Africa,First and Second Round,First and Second Round,7.909090909090909,-7.7272727272727275
1060,Colombia,2026,11,1.8181818181818181,0.0,8,20,4,1,0.36363636363636365,World Cup 2026,Switzerland,"BC Place Vancouver, Vancouver",0,3,3,Lose,South America,First and Second Round,First and Second Round,4.909090909090909,-3.090909090909091
1060,Switzerland,2026,11,4.909090909090909,4.0,12,54,10,4,0.9090909090909091,World Cup 2026,Colombia,"BC Place Vancouver, Vancouver",0,4,4,Win,Europe,First and Second Round,First and Second Round,1.8181818181818181,3.090909090909091
1061,France,2026,11,4.2727272727272725,3.0,14,47,8,5,0.7272727272727273,World Cup 2026,Morocco,"Boston Stadium, Boston",2,0,2,Win,Europe,First and Second Round,First and Second Round,2.6363636363636362,1.6363636363636362
1061,Morocco,2026,11,2.6363636363636362,0.0,10,29,5,4,0.45454545454545453,World Cup 2026,France,"Boston Stadium, Boston",0,0,0,Lose,Africa,First and Second Round,First and Second Round,4.2727272727272725,-1.6363636363636362
1062,Belgium,2026,11,3.272727272727273,1.0,15,36,6,2,0.5454545454545454,World Cup 2026,Spain,"Los Angeles Stadium, Los Angeles",1,0,1,Lose,Europe,First and Second Round,First and Second Round,1.6363636363636365,1.6363636363636365
1062,Spain,2026,11,1.6363636363636365,0.0,4,18,5,0,0.45454545454545453,World Cup 2026,Belgium,"Los Angeles Stadium, Los Angeles",2,0,2,Win,Europe,First and Second Round,First and Second Round,3.272727272727273,-1.6363636363636365
1063,England,2026,11,4.090909090909091,0.0,12,45,5,5,0.45454545454545453,World Cup 2026,Norway,"Miami Stadium, Miami",2,0,2,Win,Europe,First and Second Round,First and Second Round,0.2727272727272727,3.8181818181818183
1063,Norway,2026,11,0.2727272727272727,0.0,3,3,1,0,0.09090909090909091,World Cup 2026,England,"Miami Stadium, Miami",1,0,1,Lose,Europe,First and Second Round,First and Second Round,4.090909090909091,-3.8181818181818183
1064,Argentina,2026,11,7.909090909090909,7.0,26,87,10,10,0.9090909090909091,World Cup 2026,Switzerland,"Kansas City Stadium, Kansas City",3,0,3,Win,South America,First and Second Round,First and Second Round,5.181818181818182,2.7272727272727275
1064,Switzerland,2026,11,5.181818181818182,4.0,12,57,10,4,0.9090909090909091,World Cup 2026,Argentina,"Kansas City Stadium, Kansas City",1,0,1,Lose,Europe,First and Second Round,First and Second Round,7.909090909090909,-2.7272727272727275
1065,France,2026,11,4.636363636363637,5.0,14,51,8,6,0.7272727272727273,World Cup 2026,Spain,"Dallas Stadium, Dallas",0,0,0,Lose,Europe,Semi-Final,Semi-Final,1.6363636363636365,3.0
1065,Spain,2026,11,1.6363636363636365,0.0,4,18,5,0,0.45454545454545453,World Cup 2026,France,"Dallas Stadium, Dallas",2,0,2,Win,Europe,Semi-Final,Semi-Final,4.636363636363637,-3.0
1066,Argentina,2026,11,7.2727272727272725,7.0,26,80,9,9,0.8181818181818182,World Cup 2026,England,"Atlanta Stadium, Atlanta",2,0,2,Win,South America,Semi-Final,Semi-Final,4.090909090909091,3.1818181818181817
1066,England,2026,11,4.090909090909091,0.0,12,45,5,5,0.45454545454545453,World Cup 2026,Argentina,"Atlanta Stadium, Atlanta",1,0,1,Lose,Europe,Semi-Final,Semi-Final,7.2727272727272725,-3.1818181818181817
1067,England,2026,11,1.8181818181818181,0.0,11,20,3,2,0.2727272727272727,World Cup 2026,France,"Miami Stadium, Miami",6,0,6,Win,Europe,Final,Final - 3rd,2.8181818181818183,-1.0000000000000002
1067,France,2026,11,2.8181818181818183,0.0,14,31,4,4,0.36363636363636365,World Cup 2026,England,"Miami Stadium, Miami",4,0,4,Lose,Europe,Final,Final - 3rd,1.8181818181818181,1.0000000000000002
1068,Argentina,2026,11,7.181818181818182,7.0,26,79,9,8,0.8181818181818182,World Cup 2026,Spain,"New York/New Jersey Stadium, New Jersey",0,0,0,Lose,South America,Final,Final - 1st,1.6363636363636365,5.545454545454545
1068,Spain,2026,11,1.6363636363636365,0.0,4,18,5,0,0.45454545454545453,World Cup 2026,Argentina,"New York/New Jersey Stadium, New Jersey",1,0,1,Win,Europe,Final,Final - 1st,7.181818181818182,-5.545454545454545
